Date,JPM_Close,Dividend,VIX_Close,Treasury_3M,Treasury_10Y,log_return,rolling_vol_21,annual_dividend,div_yield,yield_slope,rate_momentum,vix_jpm_corr,sentiment_score
2018-02-01,93.48385620117188,0.0,13.470000267028809,1.46,2.78,0.01032140981138618,0.006921937898805442,0.56,0.005990339110476062,1.3199999999999998,0.05999999999999961,0.8099471365952692,0.16532724023140752
2018-02-02,91.41210174560548,0.0,17.309999465942383,1.46,2.84,-0.022410886522672337,0.009005792968828688,0.56,0.006126103538877678,1.38,0.06000000000000005,0.6679865397490897,0.3122847343854531
2018-02-06,89.67633056640625,0.0,29.979999542236328,1.5,2.79,-0.019171012954459228,0.009820133797959943,0.56,0.0062446801342447246,1.29,-0.04999999999999982,0.1923502788881552,0.7971680288065859
2018-02-07,90.28425598144533,0.0,27.729999542236328,1.53,2.84,0.006756231896994198,0.009720275259997097,0.56,0.00620263183112555,1.3099999999999998,0.04999999999999982,0.07276781380195733,0.7110601041121869
2018-02-08,86.29277801513672,0.0,33.459999084472656,1.53,2.85,-0.045217182914223164,0.014160557791524874,0.56,0.006489534963189733,1.32,0.010000000000000231,-0.33014213998689285,0.9303482681485542
2018-02-09,88.02054595947266,0.0,29.059999465942383,1.53,2.83,0.019824354096296924,0.014791115557540679,0.56,0.006362150948914145,1.3,-0.020000000000000018,-0.5105830689666798,0.7619594522339812
2018-02-12,89.38035583496094,0.0,25.61000061035156,1.61,2.86,0.015330660605924947,0.014976827212260103,0.56,0.006265358811437594,1.2499999999999998,0.029999999999999805,-0.6205653731588491,0.6299273448326581
2018-02-13,89.93230438232422,0.0,24.96999931335449,1.57,2.83,0.00615628913124212,0.014990733804053458,0.56,0.006226905936039436,1.26,-0.029999999999999805,-0.7147863749937063,0.605434374394373
2018-02-14,92.01203155517578,0.0,19.26000022888184,1.56,2.91,0.02286213249592912,0.015391813872704413,0.56,0.006086160587207461,1.35,0.08000000000000007,-0.7379062189297252,0.3869116316517693
2018-02-15,92.39598083496094,0.0,19.1299991607666,1.56,2.9,0.004164133972441316,0.015370052238272685,0.56,0.00606086969302572,1.3399999999999999,-0.010000000000000231,-0.7657710638547477,0.3819364662368989
2018-02-16,91.73207092285156,0.0,19.459999084472656,1.59,2.87,-0.007211424690249193,0.015433663977729044,0.56,0.00610473517458219,1.28,-0.029999999999999805,-0.7923754465757766,0.3945656256056271
2018-02-20,91.75604248046876,0.0,20.600000381469727,1.64,2.88,0.00026128730966779756,0.015429065510299319,0.56,0.006103140293122406,1.24,0.009999999999999787,-0.8132495233939362,0.43819369042044526
2018-02-21,92.13999938964844,0.0,20.020000457763672,1.62,2.94,0.004175810019712458,0.015433727267079382,0.56,0.006077707876161694,1.3199999999999998,0.06000000000000005,-0.8554160909426455,0.4159969838634505
2018-02-22,91.97203826904295,0.0,18.71999931335449,1.61,2.92,-0.001824553889431384,0.015245212457642952,0.56,0.006088807104196706,1.3099999999999998,-0.020000000000000018,-0.8782095269831556,0.366245694687709
2018-02-23,93.8357925415039,0.0,16.489999771118164,1.61,2.88,0.02006176783163187,0.01583836800870366,0.56,0.005967872011656001,1.2699999999999998,-0.040000000000000036,-0.8983792198092401,0.2809031912870736
2018-02-26,95.00363159179688,0.0,15.800000190734863,1.65,2.86,0.012368751326173716,0.01582649945006629,0.56,0.005894511510951056,1.21,-0.020000000000000018,-0.8801582332747588,0.25449677710626817
2018-02-27,93.87577056884766,0.0,18.59000015258789,1.64,2.9,-0.011942799644926578,0.01608690484010793,0.56,0.005965330527852243,1.26,0.040000000000000036,-0.8763112984958866,0.3612706022674311
2018-02-28,92.38796997070312,0.0,19.850000381469727,1.63,2.87,-0.015975543457785398,0.016446437516726746,0.56,0.006061395224698411,1.2400000000000002,-0.029999999999999805,-0.8840372848367799,0.4094910488556456
2018-03-01,90.73218536376952,0.0,22.46999931335449,1.6,2.81,-0.018084625706018997,0.01689727525164139,0.56,0.0061720104916993986,1.21,-0.06000000000000005,-0.8857687881808993,0.5097589025117073
2018-03-02,90.64419555664062,0.0,19.59000015258789,1.62,2.86,-0.0009702455588209028,0.016790617739642764,0.56,0.00617800176350039,1.2399999999999998,0.04999999999999982,-0.8888869370217847,0.39954079102049733
2018-03-05,92.03601837158205,0.0,18.729999542236328,1.67,2.88,0.01523810068584865,0.01711360625737068,0.56,0.006084574386291695,1.21,0.020000000000000018,-0.9037265488310121,0.36662840533459085
2018-03-06,92.1160125732422,0.0,18.36000061035156,1.65,2.88,0.0008687844090697146,0.016945086119185052,0.56,0.006079290498541059,1.23,0.0,-0.9019093646089008,0.35246847637292783
2018-03-07,91.7720718383789,0.0,17.760000228881836,1.65,2.89,-0.003740765879819694,0.016223555213639634,0.56,0.006102074288855807,1.2400000000000002,0.010000000000000231,-0.91154010592157,0.3295063485221698
2018-03-08,91.7800750732422,0.0,16.540000915527344,1.64,2.86,8.720393635305126e-05,0.015607186633846127,0.56,0.006101542187158919,1.22,-0.03000000000000025,-0.910756883138645,0.2828167445214822
2018-03-09,94.41970825195312,0.0,14.640000343322754,1.64,2.9,0.02835459828079282,0.016673497099526594,0.56,0.005930965159367733,1.26,0.040000000000000036,-0.9333896729203432,0.2101033639922787
2018-03-12,94.11576080322266,0.0,15.779999732971191,1.68,2.87,-0.003224302711597724,0.012772674982121365,0.56,0.0059501192491111955,1.1900000000000002,-0.029999999999999805,-0.9005772156395268,0.2537313558125047
2018-03-13,92.98790740966795,0.0,16.350000381469727,1.7,2.84,-0.012056065659195321,0.012708762684695993,0.56,0.006022288441580489,1.14,-0.03000000000000025,-0.8566008096050288,0.2755453882199138
2018-03-14,91.94802856445312,0.0,17.229999542236328,1.73,2.81,-0.011245946324970797,0.012702394816086015,0.56,0.006090397029094049,1.08,-0.029999999999999805,-0.7958257580414664,0.3092231222049915
2018-03-15,92.18000793457033,0.0,16.59000015258789,1.74,2.82,0.002519762848378581,0.012658288563236699,0.56,0.006075069991288023,1.0799999999999998,0.009999999999999787,-0.7181161267953913,0.2847302247612986
2018-03-16,92.33997344970705,0.0,15.800000190734863,1.75,2.85,0.0017338561819856383,0.011647727051764766,0.56,0.006064545819963918,1.1,0.03000000000000025,-0.683161581136107,0.25449677710626817
2018-03-19,91.6120834350586,0.0,19.020000457763672,1.77,2.85,-0.00791395134132941,0.011738456768597541,0.56,0.006112730755621003,1.08,0.0,-0.6919488149786003,0.3777267951103843
2018-03-20,91.7000503540039,0.0,18.200000762939453,1.78,2.89,0.000959750169062675,0.011636569397831939,0.56,0.006106866875624881,1.11,0.040000000000000036,-0.6812975540730788,0.3463452520120048
2018-03-21,91.7800750732422,0.0,17.860000610351562,1.71,2.89,0.0008722985568733154,0.011638062809443185,0.56,0.006101542187158919,1.1800000000000002,0.0,-0.6735990145990832,0.33333338199639484
2018-03-22,87.94853973388672,0.0,23.34000015258789,1.69,2.83,-0.04264335925697604,0.01484367533799838,0.56,0.0063673598412712605,1.1400000000000001,-0.06000000000000005,-0.7973300292265965,0.5430539988444957
2018-03-23,85.59685516357422,0.0,24.8700008392334,1.71,2.82,-0.027103323949372746,0.015804175122928366,0.56,0.006542296430515455,1.1099999999999999,-0.010000000000000231,-0.868930027488229,0.6016074139147402
2018-03-26,88.23649597167969,0.0,21.030000686645508,1.76,2.85,0.03037212022416966,0.016704650094030746,0.56,0.006346580219818987,1.09,0.03000000000000025,-0.8671288322412478,0.4546498832633985
2018-03-27,86.52474212646484,0.0,22.5,1.74,2.78,-0.019590254772292804,0.016696998263848392,0.56,0.006472137174144966,1.0399999999999998,-0.07000000000000028,-0.8698697311497767,0.5109070344523526
2018-03-28,86.3887710571289,0.0,22.8700008392334,1.7,2.77,-0.0015727064340833603,0.016617528659421704,0.56,0.006482323954228634,1.07,-0.009999999999999787,-0.9022996104559071,0.5250670364086077
2018-03-29,87.96453857421875,0.0,19.96999931335449,1.7,2.74,0.018076059768848067,0.01704215038798287,0.56,0.0063662017567170945,1.0400000000000003,-0.029999999999999805,-0.9094807961021159,0.4140834306290418
2018-04-02,86.26878356933594,0.0,23.6200008392334,1.74,2.73,-0.019465949801386585,0.017108509553945637,0.56,0.006491339935840372,0.99,-0.010000000000000231,-0.9536303932013475,0.5537696779734074
2018-04-03,87.45263671875,0.0,21.100000381469727,1.72,2.79,0.013629539453103346,0.017462581984527777,0.56,0.00640346616192917,1.07,0.06000000000000005,-0.9529128879467769,0.45732878479697836
2018-04-04,88.78047943115234,0.0,20.059999465942383,1.68,2.79,0.01506944743915761,0.01745443615188778,0.56,0.006307692902630357,1.11,0.0,-0.9572642632949928,0.41752775345638526
2018-04-05,89.94617462158203,0.56,18.940000534057617,1.69,2.83,0.013044632053955153,0.01774437369754744,1.12,0.012451891419640908,1.1400000000000001,0.040000000000000036,-0.9604403799875114,0.3746651829299227
2018-04-06,87.7031478881836,0.0,21.489999771118164,1.7,2.77,-0.02525363910508796,0.018506933286116772,1.12,0.01277035120139513,1.07,-0.06000000000000005,-0.9610425736870019,0.4722541350524047
2018-04-09,88.75631713867188,0.0,21.770000457763672,1.73,2.78,0.011936812293803863,0.01875780426308995,1.12,0.012618820114517874,1.0499999999999998,0.009999999999999787,-0.9591490378702173,0.48296981418131646
2018-04-10,90.45264434814452,0.0,20.46999931335449,1.71,2.8,0.018931842032955747,0.018106965732634168,1.12,0.012382169786979534,1.0899999999999999,0.020000000000000018,-0.9442393745828559,0.4332185250055749
2018-04-11,88.93318939208984,0.0,20.239999771118164,1.7,2.79,-0.0169410400403381,0.018396758124502265,1.12,0.012593723531741666,1.09,-0.009999999999999787,-0.9367799188360788,0.42441639911107193
2018-04-12,91.1440658569336,0.0,18.489999771118164,1.72,2.83,0.024555989112405367,0.01918349259314588,1.12,0.012288238290335152,1.11,0.040000000000000036,-0.9299542740535114,0.35744356879320605
2018-04-13,88.67594909667969,0.0,17.40999984741211,1.73,2.82,-0.027452692260360817,0.019929733951752012,1.12,0.012630256697663432,1.0899999999999999,-0.010000000000000231,-0.8770568454264692,0.3161117678596782
2018-04-16,88.60356903076172,0.0,16.559999465942383,1.76,2.83,-0.0008165643804121974,0.019907486008929973,1.12,0.012640574327329346,1.07,0.010000000000000231,-0.7938333266842423,0.28358209282065344
2018-04-17,88.60356903076172,0.0,15.25,1.77,2.82,0.0,0.019895321338713214,1.12,0.012640574327329346,1.0499999999999998,-0.010000000000000231,-0.6609192056166411,0.2334481659926225
2018-04-18,87.8880615234375,0.0,15.600000381469728,1.78,2.87,-0.00810816269303031,0.019898268911459245,1.12,0.012743482796025997,1.09,0.050000000000000266,-0.5818068564753002,0.2468427466551142
2018-04-19,89.81754302978516,0.0,15.960000038146973,1.79,2.92,0.021716336286717867,0.020556046091602286,1.12,0.012469724312416199,1.13,0.04999999999999982,-0.5964822474161374,0.2606200014671914
2018-04-20,89.61656188964844,0.0,16.8799991607666,1.78,2.96,-0.002240167489635618,0.020553184814420023,1.12,0.012497689895525558,1.18,0.040000000000000036,-0.6140677666368395,0.2958285415424999
2018-04-23,89.18238830566406,0.0,16.34000015258789,1.84,2.98,-0.004856565845451958,0.01826424661472436,1.12,0.012558533375012428,1.14,0.020000000000000018,-0.6278728569013613,0.2751626775730321
2018-04-24,88.76437377929688,0.0,18.020000457763672,1.84,3.0,-0.004698206254240868,0.017183575054334523,1.12,0.012617674775521543,1.16,0.020000000000000018,-0.5392737343301243,0.3394566063573181
2018-04-25,88.42669677734375,0.0,17.84000015258789,1.82,3.03,-0.003811449523754448,0.01590631987461766,1.12,0.012665858171996773,1.2099999999999997,0.029999999999999805,-0.5312132381916901,0.3325679607026314
2018-04-26,88.51513671875,0.0,16.239999771118164,1.79,3.0,0.0009996499643262246,0.015252919751066858,1.12,0.012653203073715103,1.21,-0.029999999999999805,-0.45309420028545755,0.271335644098807
2018-04-27,87.95238494873047,0.0,15.40999984741211,1.78,2.96,-0.006377985845421843,0.015330598927406366,1.12,0.012734162929781547,1.18,-0.040000000000000036,-0.27998204583672565,0.23957139035354572
2018-04-30,87.45391082763672,0.0,15.93000030517578,1.84,2.95,-0.005683666721104351,0.014865755413806863,1.12,0.01280674574070693,1.11,-0.009999999999999787,-0.19061545152947681,0.25947190602384224
2018-05-01,87.45391082763672,0.0,15.489999771118164,1.82,2.97,0.0,0.014201478141954516,1.12,0.01280674574070693,1.1500000000000001,0.020000000000000018,0.15281662466926282,0.24263300253400732
2018-05-02,86.76251220703125,0.0,15.970000267028809,1.81,2.97,-0.00793727983188497,0.01399419794044323,1.12,0.012908800949971053,1.1600000000000001,0.0,0.3294060024207915,0.2610027121140731
2018-05-03,86.2158203125,0.0,15.899999618530272,1.8,2.94,-0.006320950223031319,0.013586187174448863,1.12,0.012990655264201168,1.14,-0.03000000000000025,0.375097972459578,0.25832377408319707
2018-05-04,87.17253112792969,0.0,14.770000457763672,1.8,2.95,0.011035580150609644,0.013486123087645747,1.12,0.012848083972190148,1.1500000000000001,0.010000000000000231,0.392727307437045,0.21507849290985284
2018-05-07,87.92825317382812,0.0,14.75,1.83,2.95,0.008631905805534692,0.012491354837912869,1.12,0.012737657801364903,1.12,0.0,0.5343945976205464,0.2143130716160894
2018-05-08,89.23068237304688,0.0,14.710000038146973,1.84,2.97,0.014703776139300604,0.012635965295645202,1.12,0.012551736355860354,1.1300000000000001,0.020000000000000018,0.5542928585046694,0.21278226552585858
2018-05-09,91.1762237548828,0.0,13.420000076293944,1.85,3.0,0.021569205416009915,0.012842309512025115,1.12,0.012283904222782865,1.15,0.029999999999999805,0.15464241929876718,0.16341372349429492
2018-05-10,91.88372039794922,0.0,13.229999542236328,1.86,2.97,0.007729710275917577,0.012295413409858694,1.12,0.012189319230319256,1.11,-0.029999999999999805,-0.11860735920693782,0.1561423671927266
2018-05-11,91.53799438476562,0.0,12.649999618530272,1.88,2.97,-0.0037697436535051774,0.011145850332179802,1.12,0.012235356559072678,1.0900000000000003,0.0,-0.48313577205238123,0.1339456606357318
2018-05-14,91.57014465332033,0.0,12.93000030517578,1.9,3.0,0.0003511615491696012,0.009172896049136646,1.12,0.012231060726618488,1.1,0.029999999999999805,-0.5783003497917634,0.14466133976464354
2018-05-15,90.8707046508789,0.0,14.630000114440918,1.89,3.08,-0.007667618649192313,0.009379995778597331,1.12,0.012325204303223893,1.1900000000000002,0.08000000000000007,-0.587028459104244,0.20972065334539697
2018-05-16,91.11994934082033,0.0,13.420000076293944,1.88,3.09,0.0027390950063355133,0.009381473409503781,1.12,0.01229149059127338,1.21,0.009999999999999787,-0.6192080085744365,0.16341372349429492
2018-05-17,90.81444549560548,0.0,13.43000030517578,1.88,3.11,-0.0033583988627727,0.009197920908767783,1.12,0.012332839713855842,1.23,0.020000000000000018,-0.6387597842912347,0.16379643414117664
2018-05-18,89.34322357177734,0.0,13.420000076293944,1.87,3.06,-0.016332966975812224,0.008766283610081565,1.12,0.012535925560154036,1.19,-0.04999999999999982,-0.6420024501829045,0.16341372349429492
2018-05-21,90.16325378417967,0.0,13.079999923706056,1.9,3.06,0.009136560740618766,0.008986063258592919,1.12,0.012421911954075007,1.1600000000000001,0.0,-0.6871403452821849,0.15040185347868518
2018-05-22,90.85466766357422,0.0,13.220000267028809,1.9,3.06,0.0076392131375502765,0.009041804971933473,1.12,0.012327379856225423,1.1600000000000001,0.0,-0.7156434262493742,0.15575969304314097
2018-05-23,90.43656158447266,0.0,12.579999923706056,1.88,3.01,-0.004612543277709555,0.009039179288041528,1.12,0.012384371767096202,1.13,-0.050000000000000266,-0.7802533577226415,0.13126675910215205
2018-05-24,89.42361450195312,0.0,12.529999732971191,1.87,2.98,-0.01126383632285071,0.009373056335182789,1.12,0.012524655889139192,1.1099999999999999,-0.029999999999999805,-0.8179744305490222,0.12935324236503945
2018-05-25,88.96536254882812,0.0,13.220000267028809,1.86,2.93,-0.005137682481214074,0.009453145939960442,1.12,0.012589169176771404,1.07,-0.04999999999999982,-0.8188676247912627,0.15575969304314097
2018-05-29,85.16265869140625,0.0,17.020000457763672,1.9,2.77,-0.04368404964203776,0.013428718229825725,1.12,0.01315130383679554,0.8700000000000001,-0.16000000000000014,-0.8563041425701684,0.30118641760425185
2018-05-30,87.10820770263672,0.0,14.9399995803833,1.9,2.84,0.022588053021114583,0.01437576367966988,1.12,0.012857571399280418,0.94,0.06999999999999984,-0.852883210643692,0.22158439142036168
2018-05-31,86.03093719482422,0.0,15.43000030517578,1.89,2.83,-0.012444146126525219,0.014621969923746194,1.12,0.013018572580043698,0.9400000000000002,-0.009999999999999787,-0.8537985498139135,0.2403368116473091
2018-06-01,87.14839935302734,0.0,13.460000038146973,1.88,2.89,0.012905438834818098,0.014818008623005152,1.12,0.012851641663124748,1.0100000000000002,0.06000000000000005,-0.7942497275830545,0.1649445295845258
2018-06-04,87.1886215209961,0.0,12.739999771118164,1.91,2.94,0.0004614300334005044,0.01474223364147168,1.12,0.012845712897643304,1.03,0.04999999999999982,-0.6765441146117578,0.1373899834630752
2018-06-05,86.69822692871094,0.0,12.399999618530272,1.91,2.92,-0.005640402328066338,0.01459670607860091,1.12,0.012918372608945496,1.01,-0.020000000000000018,-0.5397945690312367,0.12437811344746524
2018-06-06,88.72416687011719,0.0,11.640000343322754,1.91,2.97,0.023098875536295912,0.015358833886311709,1.12,0.012623392695696562,1.0600000000000003,0.050000000000000266,-0.4664563858777527,0.09529279773308001
2018-06-07,89.07789611816406,0.0,12.130000114440918,1.9,2.93,0.003978915753638926,0.015035346926297915,1.12,0.01257326507256404,1.0300000000000002,-0.040000000000000036,-0.45644857909020725,0.1140451814627314
2018-06-08,89.32714080810547,0.0,12.18000030517578,1.89,2.93,0.002794145909726264,0.014219633613627157,1.12,0.012538182571028539,1.0400000000000003,0.0,-0.45965205397821873,0.11595869819984386
2018-06-11,89.10202026367188,0.0,12.350000381469728,1.91,2.96,-0.0025233617928056306,0.01408113206661373,1.12,0.012569860893004237,1.05,0.029999999999999805,-0.4698411411462792,0.12246463320764894
2018-06-12,88.5875015258789,0.0,12.34000015258789,1.89,2.96,-0.005791226974080664,0.01410457348999355,1.12,0.012642867003905925,1.07,0.0,-0.44364087969206234,0.12208192256076715
2018-06-13,88.41059875488281,0.0,12.9399995803833,1.9,2.98,-0.001998923486970803,0.014097971908051477,1.12,0.012668164403061956,1.08,0.020000000000000018,-0.44417895885558156,0.14504401391422922
2018-06-14,86.85096740722656,0.0,12.119999885559082,1.9,2.94,-0.017798226420695416,0.014481497660624171,1.12,0.012895653709285094,1.04,-0.040000000000000036,-0.47833354083251844,0.11366247081584968
2018-06-15,86.7464599609375,0.0,11.979999542236328,1.9,2.93,-0.0012040208256370165,0.01444037986646797,1.12,0.012911189695860137,1.0300000000000002,-0.009999999999999787,-0.45543990561485775,0.10830463125139381
2018-06-18,86.97154998779297,0.0,12.3100004196167,1.91,2.92,0.0025914429124456557,0.014477766371417358,1.12,0.012877774400447036,1.01,-0.010000000000000231,-0.470477635332288,0.12093382711741807
2018-06-19,86.4650650024414,0.0,13.350000381469728,1.91,2.89,-0.005840593984954749,0.014137582251198818,1.12,0.012953208327182499,0.9800000000000002,-0.029999999999999805,-0.4879161886837998,0.16073482196071517
2018-06-20,86.4570083618164,0.0,12.789999961853027,1.9,2.93,-9.318232743898354e-05,0.013930392029160538,1.12,0.01295441539351998,1.0300000000000002,0.040000000000000036,-0.4928059625114259,0.13930350020018772
2018-06-21,86.43289947509766,0.0,14.640000343322754,1.9,2.9,-0.00027889293454609176,0.013762626514604187,1.12,0.012958028792296681,1.0,-0.03000000000000025,-0.5896204363710987,0.2101033639922787
2018-06-22,85.01795959472656,0.0,13.770000457763672,1.89,2.9,-0.016505860771526545,0.014099851929519892,1.12,0.013173687128448455,1.01,0.0,-0.6048737390951616,0.1768083041567866
2018-06-25,84.24617004394531,0.0,17.329999923706055,1.9,2.87,-0.009119414741476152,0.014044226290112259,1.12,0.013294372900462712,0.9700000000000002,-0.029999999999999805,-0.7060090417198315,0.31305015567921657
2018-06-26,84.30242156982422,0.0,15.920000076293944,1.9,2.88,0.0006674814358139911,0.01405386974272399,1.12,0.013285502114222783,0.98,0.009999999999999787,-0.7620608496191715,0.2590891953769605
2018-06-27,83.0000228881836,0.0,17.90999984741211,1.89,2.83,-0.015569706658119674,0.010933563272015376,1.12,0.013493972182499848,0.9400000000000002,-0.04999999999999982,-0.8189314961248432,0.3352468622362113
2018-06-28,84.35873413085938,0.0,16.850000381469727,1.89,2.84,0.01623746637900744,0.01031216172418851,1.12,0.013276633552402863,0.95,0.009999999999999787,-0.8542594970449606,0.2946804825964469
2018-06-29,83.77181243896484,0.0,16.09000015258789,1.89,2.85,-0.006981766109664147,0.010089514711441025,1.12,0.01336965224210732,0.9600000000000002,0.010000000000000231,-0.8703163080010307,0.2655951303847655
2018-07-02,84.47928619384766,0.0,15.600000381469728,1.95,2.87,0.008409786685156276,0.009817801303633985,1.12,0.013257687777214741,0.9200000000000002,0.020000000000000018,-0.8767809948600714,0.2468427466551142
2018-07-03,83.2974853515625,0.0,16.139999389648438,1.94,2.83,-0.014088009651565701,0.010180522666504387,1.12,0.013445784050658513,0.8900000000000001,-0.040000000000000036,-0.8825703839302411,0.2675086106245819
2018-07-05,83.83906555175781,0.56,14.970000267028809,1.92,2.84,0.00648071403630161,0.010316865820474124,1.6800000000000002,0.020038391279097175,0.9199999999999999,0.009999999999999787,-0.8818236168817353,0.22273252336100688
2018-07-06,84.11388397216797,0.0,13.369999885559082,1.93,2.82,0.003272567304803009,0.008728881941028993,1.6800000000000002,0.01997292148054758,0.8899999999999999,-0.020000000000000018,-0.8324836520845529,0.16150020675718246
2018-07-09,86.71668243408203,0.0,12.6899995803833,1.95,2.86,0.03047463869315553,0.011264901621766537,1.6800000000000002,0.019373434878312574,0.9099999999999999,0.040000000000000036,-0.8244198469126267,0.13547646672596267
2018-07-10,86.18318939208984,0.0,12.640000343322754,1.95,2.87,-0.006171140897214837,0.011272688621657156,1.6800000000000002,0.019493360733690783,0.9200000000000002,0.010000000000000231,-0.816412617841863,0.13356298648614623
2018-07-11,85.99728393554688,0.0,13.630000114440918,1.93,2.85,-0.0021594263878095517,0.01127164923587015,1.6800000000000002,0.019535500693941964,0.9200000000000002,-0.020000000000000018,-0.8210699799034883,0.17145046459233074
2018-07-12,86.36910247802734,0.0,12.579999923706056,1.94,2.85,0.00431428803423681,0.011303422494887212,1.6800000000000002,0.01945140046381053,0.9100000000000001,0.0,-0.8244325785548672,0.13126675910215205
2018-07-13,85.97303771972656,0.0,12.18000030517578,1.94,2.83,-0.0045962694336735025,0.011326699761852105,1.6800000000000002,0.01954101011850746,0.8900000000000001,-0.020000000000000018,-0.8516832985302377,0.11595869819984386
2018-07-16,89.38414001464844,0.0,12.829999923706056,1.98,2.85,0.03890952947299476,0.013712986208945723,1.6800000000000002,0.018795280680942713,0.8700000000000001,0.020000000000000018,-0.7774038040516056,0.1408343062904186
2018-07-17,89.31946563720703,0.0,12.0600004196167,1.98,2.86,-0.0007238172954500314,0.013708880796476714,1.6800000000000002,0.018808889954892175,0.8799999999999999,0.009999999999999787,-0.7778939858444053,0.11136627992915152
2018-07-18,90.1520538330078,0.0,12.100000381469728,1.96,2.88,0.009278287397818942,0.013815381402980302,1.6800000000000002,0.01863518276701638,0.9199999999999999,0.020000000000000018,-0.7734194245500836,0.11289708601938239
2018-07-19,88.826416015625,0.0,12.869999885559082,1.96,2.84,-0.014813648372049711,0.014194164959719167,1.6800000000000002,0.01891329263700654,0.8799999999999999,-0.040000000000000036,-0.7734342905732788,0.14236511238064936
2018-07-20,89.9499740600586,0.0,12.859999656677246,1.95,2.89,0.012569588600862412,0.014400248812814091,1.6800000000000002,0.018677048187676886,0.9400000000000002,0.050000000000000266,-0.7684514298221293,0.1419824017337676
2018-07-23,91.62318420410156,0.0,12.619999885559082,1.96,2.96,0.0184306703051558,0.014831913273848675,1.6800000000000002,0.01833597047072278,1.0,0.06999999999999984,-0.7552905933554751,0.13279756519238278
2018-07-24,92.26986694335938,0.0,12.40999984741211,1.98,2.95,0.007033277233780318,0.014176771940329595,1.6800000000000002,0.01820746095831353,0.9700000000000002,-0.009999999999999787,-0.758591726582185,0.12476082409434704
2018-07-25,93.10242462158205,0.0,12.289999961853027,1.97,2.94,0.008982607586619758,0.01389319697671108,1.6800000000000002,0.018044642841777935,0.97,-0.010000000000000231,-0.7527860883146799,0.12016840582365462
2018-07-26,92.83567810058594,0.0,12.140000343322754,1.95,2.98,-0.0028691989440109296,0.013966527517951723,1.6800000000000002,0.0180964908575316,1.03,0.040000000000000036,-0.7471344260660369,0.11442789210961313
2018-07-27,93.78948974609376,0.0,13.029999732971191,1.96,2.96,0.0102217719226845,0.013218982424732023,1.6800000000000002,0.01791245484486678,1.0,-0.020000000000000018,-0.6934112767833911,0.14848833674157258
2018-07-30,94.3553237915039,0.0,14.260000228881836,2.01,2.98,0.006014896086809674,0.013002615506843528,1.6800000000000002,0.017805036668755235,0.9700000000000002,0.020000000000000018,-0.5656761561461415,0.195560687886438
2018-07-31,92.9165267944336,0.0,12.829999923706056,1.99,2.96,-0.0153661674520581,0.01351815782388887,1.6800000000000002,0.018080744706663366,0.97,-0.020000000000000018,-0.5052617318201236,0.1408343062904186
2018-08-01,93.49040985107422,0.0,13.149999618530272,1.99,3.0,0.006157333842732102,0.013498117890708093,1.6800000000000002,0.01796975756846248,1.01,0.040000000000000036,-0.4177055696108354,0.15308075501226492
2018-08-02,93.8864974975586,0.0,12.1899995803833,1.98,2.98,0.0042277166599423875,0.0127879162216473,1.6800000000000002,0.017893946890964664,1.0,-0.020000000000000018,-0.27085300494689496,0.11634137234942957
2018-08-03,94.64631652832033,0.0,11.640000343322754,1.97,2.95,0.008060380878029922,0.012797390094513925,1.6800000000000002,0.01775029458750575,0.9800000000000002,-0.029999999999999805,-0.1325682368920372,0.09529279773308001
2018-08-06,94.67057037353516,0.0,11.270000457763672,2.02,2.94,0.0002562248486592177,0.012843709611524926,1.6800000000000002,0.01774574710357548,0.9199999999999999,-0.010000000000000231,-0.15153658791413308,0.08113283227412103
2018-08-07,95.0181655883789,0.0,10.93000030517578,2.02,2.98,0.003664905057670026,0.01151433941661165,1.6800000000000002,0.017680829656066006,0.96,0.040000000000000036,-0.2595782752249986,0.06812096225851108
2018-08-08,95.21214294433594,0.0,10.850000381469728,2.02,2.96,0.002039395558832946,0.011276033081324672,1.6800000000000002,0.017644808194078584,0.94,-0.020000000000000018,-0.3456797935486606,0.06505935007804961
2018-08-09,94.47657012939452,0.0,11.270000457763672,2.02,2.93,-0.0077556169795479635,0.01151102670352635,1.6800000000000002,0.017782186606680184,0.9100000000000001,-0.029999999999999805,-0.2813230142720167,0.08113283227412103
2018-08-10,93.5470199584961,0.0,13.15999984741211,2.01,2.87,-0.00988767147415269,0.011930660879141032,1.6800000000000002,0.017958883145025507,0.8600000000000003,-0.06000000000000005,-0.24331759535347555,0.1534634656591467
2018-08-13,92.0596923828125,0.0,14.779999732971191,2.03,2.88,-0.016027000248203308,0.012576249886280368,1.6800000000000002,0.018249029043178242,0.8500000000000001,0.009999999999999787,-0.31288967076360497,0.21546116705943846
2018-08-14,92.67403411865234,0.0,13.3100004196167,2.04,2.89,0.006651129842064341,0.00962841045204555,1.6800000000000002,0.018128055134074166,0.8500000000000001,0.010000000000000231,-0.3004615151839081,0.1592040158704843
2018-08-15,91.9061050415039,0.0,14.640000343322754,2.03,2.86,-0.008320868229772887,0.009864690420228743,1.6800000000000002,0.018279525601061306,0.8300000000000001,-0.03000000000000025,-0.39602034950447756,0.2101033639922787
2018-08-16,92.7710189819336,0.0,13.449999809265137,2.03,2.87,0.009366837054520539,0.009868262850521907,1.6800000000000002,0.01810910366660052,0.8400000000000003,0.010000000000000231,-0.46926561156412355,0.16456181893764407
2018-08-17,92.7710189819336,0.0,12.640000343322754,2.01,2.87,0.0,0.009157939700939843,1.6800000000000002,0.01810910366660052,0.8600000000000003,0.0,-0.5535953592199693,0.13356298648614623
2018-08-20,92.64977264404295,0.0,12.489999771118164,2.03,2.82,-0.001307796759019072,0.0088581279785462,1.6800000000000002,0.018132802186730655,0.79,-0.050000000000000266,-0.6387681778131425,0.12782243627480866
2018-08-21,93.21559143066406,0.0,12.859999656677246,2.04,2.85,0.006088498923259419,0.00804430324516151,1.6800000000000002,0.01802273604893258,0.81,0.03000000000000025,-0.6914215102773132,0.1419824017337676
2018-08-22,92.93269348144533,0.0,12.25,2.05,2.82,-0.0030394925975138244,0.007955142749997427,1.6800000000000002,0.01807759935781291,0.77,-0.03000000000000025,-0.7144692905265618,0.11863759973342382
2018-08-23,92.7386703491211,0.0,12.40999984741211,2.04,2.82,-0.0020899636750109103,0.0077171129942591185,1.6800000000000002,0.018115420392329596,0.7799999999999998,0.0,-0.7059401747122216,0.12476082409434704
2018-08-24,92.69828033447266,0.0,11.989999771118164,2.05,2.82,-0.0004356199251364051,0.007693046897431843,1.6800000000000002,0.018123313549488162,0.77,0.0,-0.6915303574718159,0.10868734189827553
2018-08-27,94.33914947509766,0.0,12.15999984741211,2.08,2.85,0.017546340756520427,0.008323242524542642,1.6800000000000002,0.017808089317611065,0.77,0.03000000000000025,-0.7035205608272044,0.11519327690608049
2018-08-28,93.87841796875,0.0,12.5,2.09,2.88,-0.0048957430791434576,0.008287701641787713,1.6800000000000002,0.017895486911158155,0.79,0.029999999999999805,-0.8367197214146531,0.12820514692169038
2018-08-29,93.57123565673828,0.0,12.25,2.09,2.89,-0.0032774943143289957,0.007573697349754647,1.6800000000000002,0.017954235489237334,0.8000000000000003,0.010000000000000231,-0.8364420316196535,0.11863759973342382
2018-08-30,93.11051177978516,0.0,13.529999732971191,2.07,2.86,-0.004935938501570206,0.007534012053511202,1.6800000000000002,0.018043075565660656,0.79,-0.03000000000000025,-0.8403758077675141,0.16762343111810568
2018-08-31,92.61744689941406,0.0,12.859999656677246,2.07,2.86,-0.005309551046846211,0.007541600138743135,1.6800000000000002,0.018139130976310994,0.79,0.0,-0.8362356296993155,0.1419824017337676
2018-09-04,93.07817840576172,0.0,13.15999984741211,2.09,2.9,0.0049622326966687795,0.007391535990395163,1.6800000000000002,0.018049343345292682,0.81,0.040000000000000036,-0.8307168431071347,0.1534634656591467
2018-09-05,92.62549591064452,0.0,13.90999984741211,2.1,2.9,-0.004875330479359796,0.007439691542168873,1.6800000000000002,0.018137554714100425,0.7999999999999998,0.0,-0.8163130528904351,0.18216610722394638
2018-09-06,92.2294464111328,0.0,14.649999618530272,2.09,2.88,-0.004284982598013224,0.007390417362651448,1.6800000000000002,0.018215440571019315,0.79,-0.020000000000000018,-0.7895110048309052,0.21048603814186426
2018-09-07,92.40726470947266,0.0,14.880000114440918,2.1,2.94,0.001926142988970294,0.00738780873698609,1.6800000000000002,0.01818038879607464,0.8399999999999999,0.06000000000000005,-0.7264486707687361,0.21928820053366352
2018-09-10,91.9141845703125,0.0,14.15999984741211,2.11,2.94,-0.005350232621188517,0.007302890818002732,1.6800000000000002,0.01827791877666971,0.8300000000000001,0.0,-0.67848424628921,0.19173365441221293
2018-09-11,92.49618530273438,0.0,13.220000267028809,2.11,2.98,0.006312038364787853,0.007206406138285572,1.6800000000000002,0.018162911200083145,0.8700000000000001,0.040000000000000036,-0.6921975559051079,0.15575969304314097
2018-09-12,91.40496063232422,0.0,13.140000343322754,2.12,2.97,-0.011867652833585946,0.006805414747196524,1.6800000000000002,0.018379746442403578,0.8500000000000001,-0.009999999999999787,-0.5787518552496769,0.15269808086267936
2018-09-13,91.7605972290039,0.0,12.369999885559082,2.11,2.97,0.003883230534531587,0.006689054598140657,1.6800000000000002,0.018308512049101854,0.8600000000000003,0.0,-0.4766271554107238,0.12323001800411623
2018-09-14,91.74445343017578,0.0,12.06999969482422,2.12,2.99,-0.00017594936827936212,0.00644277791901638,1.6800000000000002,0.018311733703646756,0.8700000000000001,0.020000000000000018,-0.30518104862301026,0.11174895407873721
2018-09-17,92.01927947998048,0.0,13.68000030517578,2.13,2.99,0.002991082629291495,0.006117156211782963,1.6800000000000002,0.01825704362709662,0.8600000000000003,0.0,-0.33597930158803246,0.1733639813294432
2018-09-18,92.3910903930664,0.0,12.789999961853027,2.13,3.05,0.004032435021544821,0.006192749204058516,1.6800000000000002,0.01818357152029107,0.9199999999999999,0.05999999999999961,-0.32778988188498553,0.13930350020018772
2018-09-19,95.0747299194336,0.0,11.75,2.12,3.08,0.02863266341857228,0.00881514735098689,1.6800000000000002,0.017670310517038896,0.96,0.03000000000000025,-0.4419006780056206,0.0995025053568907
2018-09-20,95.89114379882812,0.0,11.800000190734863,2.13,3.07,0.008550416233724755,0.00889895989244972,1.6800000000000002,0.017519866104887687,0.94,-0.010000000000000231,-0.5072332611954307,0.10141602209400323
2018-09-21,95.26062774658205,0.0,11.68000030517578,2.14,3.07,-0.006597044158895384,0.009019693813219124,1.6800000000000002,0.017635827515951663,0.9299999999999997,0.0,-0.5690798203058618,0.09682360382331075
2018-09-24,94.34723663330078,0.0,12.199999809265137,2.18,3.08,-0.009634602254090394,0.009302209341655725,1.6800000000000002,0.01780656286235126,0.8999999999999999,0.010000000000000231,-0.5947096689281879,0.11672408299631129
2018-09-25,94.08049011230467,0.0,12.420000076293944,2.17,3.1,-0.0028312892565679694,0.009333002284170425,1.6800000000000002,0.01785704983035877,0.9300000000000002,0.020000000000000018,-0.6331439654353997,0.1251435347412287
2018-09-26,92.97309112548828,0.0,12.890000343322754,2.16,3.06,-0.01184058511491035,0.008873343075699251,1.6800000000000002,0.018069744478350826,0.8999999999999999,-0.040000000000000036,-0.6180491691906906,0.1431305336744128
2018-09-27,92.56893157958984,0.0,12.40999984741211,2.14,3.06,-0.0043565352929898745,0.008861350477723894,1.6800000000000002,0.01814863768364392,0.9199999999999999,0.0,-0.5935096543636345,0.12476082409434704
2018-09-28,91.2109375,0.0,12.119999885559082,2.15,3.05,-0.014778754638414058,0.009371378846223443,1.6800000000000002,0.018418843683083514,0.8999999999999999,-0.010000000000000231,-0.4887589688986658,0.11366247081584968
2018-10-01,91.74445343017578,0.0,12.0,2.19,3.09,0.00583221341273464,0.009451944618610132,1.6800000000000002,0.018311733703646756,0.8999999999999999,0.040000000000000036,-0.43894467942066545,0.10907005254515725
2018-10-02,92.12435913085938,0.0,12.050000190734863,2.19,3.05,0.004132361937958093,0.009446469353625366,1.6800000000000002,0.01823621912651376,0.8599999999999999,-0.040000000000000036,-0.40615994486255663,0.1109835692822698
2018-10-03,92.9892578125,0.0,11.609999656677246,2.19,3.15,0.009344585121116503,0.00961438147209001,1.6800000000000002,0.018066602955230465,0.96,0.10000000000000009,-0.4041862805057251,0.09414466579243484
2018-10-04,93.8276596069336,0.8,14.220000267028809,2.18,3.19,0.008975711993495205,0.009740755172152022,2.4800000000000004,0.026431438345465623,1.0099999999999998,0.040000000000000036,-0.32926024011649435,0.1940298817962072
2018-10-05,93.2985610961914,0.0,14.81999969482422,2.18,3.23,-0.005655005682909892,0.009779717308254773,2.4800000000000004,0.026581331703959557,1.0499999999999998,0.040000000000000036,-0.2500721965829336,0.21699197314966934
2018-10-08,93.8683624267578,0.0,15.6899995803833,2.1950000000000003,3.2199999999999998,0.006088715678691561,0.00985095360405483,2.4800000000000004,0.026419977252027355,1.0249999999999995,-0.010000000000000231,-0.10281160198761836,0.25028703298516136
2018-10-09,93.2171630859375,0.0,15.949999809265137,2.21,3.21,-0.006961543058564739,0.009906935998407498,2.4800000000000004,0.02660454274620729,1.0,-0.009999999999999787,-0.03170212169890778,0.26023729082030966
2018-10-10,90.7345199584961,0.0,22.959999084472656,2.23,3.22,-0.026993978395029337,0.011496973399364497,2.4800000000000004,0.027332486038768988,0.9900000000000002,0.010000000000000231,-0.3255576485781118,0.5285112862413589
2018-10-11,88.01583099365234,0.0,24.979999542236328,2.22,3.14,-0.03042118367126897,0.012995854111685712,2.4800000000000004,0.02817674925069851,0.9199999999999999,-0.08000000000000007,-0.6304932195137627,0.6058170850412548
2018-10-12,87.05530548095703,0.0,21.309999465942383,2.23,3.15,-0.010973084084300188,0.01307517651035697,2.4800000000000004,0.028487637672381605,0.9199999999999999,0.009999999999999787,-0.7223411370196937,0.46536548939771805
2018-10-15,86.55880737304688,0.0,21.299999237060547,2.27,3.16,-0.005719574903963929,0.013081728223619271,2.4800000000000004,0.028651041705228433,0.8900000000000001,0.010000000000000231,-0.7794765683387851,0.4649827787508363
2018-10-16,88.41468048095703,0.0,17.6200008392334,2.26,3.16,0.02121398767936962,0.014051482752718886,2.4800000000000004,0.02804964047270576,0.9000000000000004,0.0,-0.7799643357902729,0.32414854545501004
2018-10-17,89.39960479736328,0.0,17.399999618530273,2.27,3.19,0.011078236913738888,0.014282507751454147,2.4800000000000004,0.027740614800493443,0.9199999999999999,0.029999999999999805,-0.785176108913435,0.3157290572127965
2018-10-18,87.98326110839844,0.0,20.059999465942383,2.27,3.17,-0.01596967985073866,0.012807137175344055,2.4800000000000004,0.028187179797127027,0.8999999999999999,-0.020000000000000018,-0.7909817447835827,0.41752775345638526
2018-10-19,87.8367691040039,0.0,19.88999938964844,2.26,3.2,-0.0016663862259189894,0.012509448311245487,2.4800000000000004,0.028234189682723124,0.9400000000000004,0.03000000000000025,-0.7947021589820403,0.41102181844858043
2018-10-22,86.57508850097656,0.0,19.63999938964844,2.3,3.2,-0.014468082947591374,0.012701994413300109,2.4800000000000004,0.028645653650957874,0.9000000000000004,0.0,-0.782416786459915,0.4014542712603139
2018-10-23,85.67156982421875,0.0,20.709999084472656,2.29,3.17,-0.010491082642902397,0.012720489671635507,2.4800000000000004,0.028947759508649997,0.8799999999999999,-0.03000000000000025,-0.7758519776917449,0.44240336154695986
2018-10-24,84.07614135742188,0.0,25.229999542236328,2.29,3.1,-0.018798196889807044,0.013081951207575269,2.4800000000000004,0.029497072058256118,0.81,-0.06999999999999984,-0.8028628638769351,0.6153846322295212
2018-10-25,85.3541030883789,0.0,24.21999931335449,2.29,3.14,0.015085688760907514,0.013718442570658212,2.4800000000000004,0.029055428037620096,0.8500000000000001,0.040000000000000036,-0.8128392878226987,0.5767317328295732
2018-10-26,84.18195343017578,0.0,24.15999984741211,2.28,3.08,-0.013827953294020876,0.013882990655329067,2.4800000000000004,0.029459995865468026,0.8000000000000003,-0.06000000000000005,-0.8206016489500115,0.5744355419428753
2018-10-29,85.3459701538086,0.0,24.700000762939453,2.3,3.08,0.013732664119013575,0.014219881588469301,2.4800000000000004,0.02905819683730351,0.7800000000000002,0.0,-0.8388612814671461,0.5951014789069352
2018-10-30,86.85183715820312,0.0,23.350000381469727,2.29,3.12,0.017490413107942495,0.014804257869901768,2.4800000000000004,0.02855437583297874,0.8300000000000001,0.040000000000000036,-0.8429252031569747,0.5434367094913773
2018-10-31,88.74028778076172,0.0,21.229999542236328,2.29,3.15,0.02151034321560898,0.01566087626892681,2.4800000000000004,0.027946720278020636,0.8599999999999999,0.029999999999999805,-0.8382509902075086,0.4623038772172564
2018-11-01,88.70774841308594,0.0,19.34000015258789,2.27,3.14,-0.0003667481335771221,0.01545795725544899,2.4800000000000004,0.02795697156522752,0.8700000000000001,-0.009999999999999787,-0.8261585416149533,0.38997324383223075
2018-11-02,88.21932983398438,0.0,19.51000022888184,2.28,3.22,-0.005521142661100627,0.015254182095712316,2.4800000000000004,0.02811175288530292,0.9400000000000004,0.08000000000000007,-0.7890855100658124,0.39647917884003586
2018-11-05,88.7972640991211,0.0,19.959999084472656,2.32,3.2,0.00652974171254969,0.015376788988774839,2.4800000000000004,0.027928788405368755,0.8800000000000003,-0.020000000000000018,-0.7442065693156401,0.4137007199821602
2018-11-06,89.2123794555664,0.0,19.90999984741211,2.31,3.22,0.004663973261714274,0.015340773476117736,2.4800000000000004,0.027798832573849266,0.9100000000000001,0.020000000000000018,-0.683052887140021,0.41178723974234377
2018-11-07,90.74266052246094,0.0,16.360000610351562,2.32,3.22,0.017007780998155076,0.01586877989724628,2.4800000000000004,0.02733003402943142,0.9000000000000004,0.0,-0.6474346176225567,0.27592809886679553
2018-11-08,91.47525024414062,0.0,16.719999313354492,2.3,3.24,0.008040852468833178,0.01483857233811013,2.4800000000000004,0.02711115841040134,0.9400000000000004,0.020000000000000018,-0.8086250266383415,0.28970531718157666
2018-11-09,90.58802032470705,0.0,17.360000610351562,2.31,3.19,-0.009746468247921473,0.013298206806729987,2.4800000000000004,0.02737668834257109,0.8799999999999999,-0.050000000000000266,-0.8914619518602945,0.31419828761986174
2018-11-12,88.68331146240234,0.0,20.450000762939453,2.325,3.165,-0.021250252553735097,0.013948432146706422,2.4800000000000004,0.027964675192033245,0.8399999999999999,-0.02499999999999991,-0.8863275911411927,0.43245317670640376
2018-11-13,89.2042236328125,0.0,20.020000457763672,2.34,3.14,0.0058566628526590895,0.013903153475818823,2.4800000000000004,0.02780137418389871,0.8000000000000003,-0.02499999999999991,-0.8816518900665651,0.4159969838634505
2018-11-14,87.3646469116211,0.0,21.25,2.33,3.12,-0.020837685357048538,0.013940028922653312,2.4800000000000004,0.028386768420283228,0.79,-0.020000000000000018,-0.8959268282114652,0.46306929851101986
2018-11-15,89.59496307373047,0.0,19.979999542236328,2.32,3.11,0.0252083994541806,0.014842160174768932,2.4800000000000004,0.027680127486174995,0.79,-0.010000000000000231,-0.8907730075932796,0.4144661412759236
2018-11-16,89.52981567382812,0.0,18.13999938964844,2.31,3.08,-0.0007273968819986221,0.014382386611089254,2.4800000000000004,0.027700269249241495,0.77,-0.029999999999999805,-0.8945712824707724,0.34404898813071455
2018-11-19,90.21359252929688,0.0,20.100000381469727,2.34,3.06,0.007608403121196897,0.014444174832740787,2.4800000000000004,0.02749031415853016,0.7200000000000002,-0.020000000000000018,-0.8826993522409925,0.41905859604391216
2018-11-20,88.27629089355469,0.0,22.479999542236328,2.34,3.06,-0.02170854369106485,0.014917329152257774,2.4800000000000004,0.028093613527446843,0.7200000000000002,0.0,-0.8966644997446522,0.5101416131585892
2018-11-21,87.6169662475586,0.0,20.799999237060547,2.36,3.06,-0.007496907439724074,0.014816711898075395,2.4800000000000004,0.02830502020570821,0.7000000000000002,0.0,-0.9280231707623046,0.4458476843743032
2018-11-23,86.81112670898438,0.0,21.520000457763672,2.36,3.05,-0.009239856471696421,0.014314173501661222,2.4800000000000004,0.028567766529671558,0.69,-0.010000000000000231,-0.911041429197356,0.4734022669930499
2018-11-26,88.93563842773438,0.0,18.899999618530277,2.37,3.07,0.024178143047330136,0.014871547261934607,2.4800000000000004,0.02788533420171208,0.6999999999999997,0.020000000000000018,-0.8945700327608804,0.37313434034239595
2018-11-27,89.31006622314453,0.0,19.020000457763672,2.36,3.06,0.004201260803257405,0.014428511490799262,2.4800000000000004,0.027768426392201166,0.7000000000000002,-0.009999999999999787,-0.8854321496399078,0.3777267951103843
2018-11-28,90.30313873291016,0.0,18.489999771118164,2.35,3.06,0.011058013572766636,0.014338854298773336,2.4800000000000004,0.027463054272510983,0.71,0.0,-0.8441858486685572,0.35744356879320605
2018-11-29,89.58683013916016,0.0,18.790000915527344,2.32,3.03,-0.007963894642310912,0.014098899766209361,2.4800000000000004,0.027682640362960493,0.71,-0.03000000000000025,-0.8135333717805269,0.3689246692158812
2018-11-30,90.50662231445312,0.0,18.06999969482422,2.32,3.01,0.010214698650570755,0.013499079569738566,2.4800000000000004,0.02740130983325809,0.69,-0.020000000000000018,-0.8294004973472618,0.3413700865971345
2018-12-03,91.36131286621094,0.0,16.440000534057617,2.34,2.98,0.009399093282242286,0.013619542845694471,2.4800000000000004,0.027144968939223767,0.6400000000000001,-0.029999999999999805,-0.8573580231724605,0.2789897110472571
2018-12-04,87.28325653076172,0.0,20.739999771118164,2.38,2.91,-0.045663463921851534,0.01703006019394493,2.4800000000000004,0.028413238673398494,0.5300000000000002,-0.06999999999999984,-0.8661035970537287,0.44355149348760503
2018-12-06,85.62271881103516,0.0,21.190000534057617,2.36,2.87,-0.0192079975299205,0.017419925541658728,2.4800000000000004,0.02896427530493665,0.5100000000000002,-0.040000000000000036,-0.8406321125344958,0.4607731076243217
2018-12-07,84.07614135742188,0.0,23.229999542236328,2.35,2.85,-0.018227821602957883,0.01771334724368965,2.4800000000000004,0.029497072058256118,0.5,-0.020000000000000018,-0.8712527383782726,0.5388442547233889
2018-12-10,82.50517272949219,0.0,22.63999938964844,2.37,2.85,-0.018861841875081577,0.01743261618232091,2.4800000000000004,0.03005872138624713,0.48,0.0,-0.8599663031699634,0.5162648375195126
2018-12-11,81.69935607910156,0.0,21.76000022888184,2.37,2.89,-0.00981487082035536,0.01722292250295859,2.4800000000000004,0.030355196405695742,0.52,0.040000000000000036,-0.8077333405681578,0.48258710353443485
2018-12-12,82.2284164428711,0.0,21.459999084472656,2.39,2.91,0.006454820834295276,0.01737979330548542,2.4800000000000004,0.030159890063345705,0.52,0.020000000000000018,-0.7796803816744022,0.47110600311175954
2018-12-13,82.30980682373047,0.0,20.649999618530277,2.38,2.91,0.0009893189057463966,0.016988333849943176,2.4800000000000004,0.03013006706856952,0.5300000000000002,0.0,-0.7453169375768736,0.44010717066026184
2018-12-14,81.63420867919922,0.0,21.6299991607666,2.37,2.89,-0.008241861916172807,0.01687615268758113,2.4800000000000004,0.030379421080024706,0.52,-0.020000000000000018,-0.7469537857604631,0.4776119381195645
2018-12-17,80.59233093261719,0.0,24.520000457763672,2.36,2.86,-0.012844902863851012,0.016570056754271527,2.4800000000000004,0.03077215873149909,0.5,-0.03000000000000025,-0.7973600037603854,0.5882128332522486
2018-12-18,80.20975494384766,0.0,25.57999992370605,2.34,2.82,-0.0047583550740564725,0.015174769426707688,2.4800000000000004,0.030918932513086108,0.48,-0.040000000000000036,-0.8297095913049464,0.6287792128920129
2018-12-19,79.19226837158203,0.0,25.57999992370605,2.35,2.77,-0.012766467707964154,0.01522194279386504,2.4800000000000004,0.03131618844864334,0.41999999999999993,-0.04999999999999982,-0.8493045635211085,0.6287792128920129
2018-12-20,78.5085220336914,0.0,28.3799991607666,2.34,2.79,-0.008671492649355999,0.01491409687429565,2.4800000000000004,0.03158892736428951,0.4500000000000002,0.020000000000000018,-0.8682967375169806,0.7359357122027614
2018-12-21,76.65264129638672,0.0,30.11000061035156,2.34,2.79,-0.02392311592754789,0.015033488899567285,2.4800000000000004,0.03235374486850075,0.4500000000000002,0.0,-0.9087294659464803,0.8021431942214561
2018-12-26,78.10967254638672,0.0,30.40999984741211,2.39,2.81,0.018829833495017486,0.016030394240721155,2.4800000000000004,0.03175022912210023,0.41999999999999993,0.020000000000000018,-0.9067582807357945,0.8136242216495391
2018-12-27,78.98878479003906,0.0,29.959999084472656,2.36,2.77,0.011191980303768174,0.016405766570691756,2.4800000000000004,0.031396862308897586,0.41000000000000014,-0.040000000000000036,-0.9048364870305511,0.7964026075128224
2018-12-28,78.81783294677734,0.0,28.34000015258789,2.35,2.72,-0.002166600014451839,0.015055100380662803,2.4800000000000004,0.03146496049535705,0.3700000000000001,-0.04999999999999982,-0.9049949346792362,0.7344049426098268
2018-12-31,79.46087646484375,0.0,25.420000076293945,2.4,2.69,0.008125502898874164,0.015208383322664224,2.4800000000000004,0.031210327778063693,0.29000000000000004,-0.03000000000000025,-0.9007290972015823,0.6226559885310897
2019-01-02,80.8365249633789,0.0,23.21999931335449,2.37,2.66,0.017164124422535922,0.015595516131688069,2.4800000000000004,0.030679201031012977,0.29000000000000004,-0.029999999999999805,-0.8894146049843298,0.538461544076507
2019-01-03,79.68770599365234,0.8,25.450000762939453,2.36,2.56,-0.014313584645203832,0.015711409160842117,3.2800000000000002,0.04116067791261646,0.20000000000000018,-0.10000000000000009,-0.8830527706800259,0.6238041204717348
2019-01-04,82.62541198730469,0.0,21.3799991607666,2.37,2.67,0.03620196402224913,0.017889736309087835,3.2800000000000002,0.039697230199638445,0.2999999999999998,0.10999999999999988,-0.8699394850824972,0.4680443909312979
2019-01-07,82.68284606933594,0.0,21.399999618530277,2.41,2.7,0.0006948725371307616,0.0176548310380444,3.2800000000000002,0.03966965526621408,0.29000000000000004,0.03000000000000025,-0.8424403334725491,0.4688098122250615
2019-01-08,82.52691650390625,0.0,20.46999931335449,2.41,2.73,-0.001887656144555422,0.014961850222352926,3.2800000000000002,0.0397446086555863,0.31999999999999984,0.029999999999999805,-0.870577158703633,0.4332185250055749
2019-01-09,82.3874282836914,0.0,19.979999542236328,2.4,2.74,-0.0016916448797527836,0.014473977777208717,2.72,0.033014745776916356,0.3400000000000003,0.010000000000000231,-0.8992293476624651,0.4144661412759236
2019-01-10,82.37922668457031,0.0,19.5,2.38,2.74,-9.955411341506272e-05,0.013979500860444022,2.72,0.03301803269427216,0.3600000000000003,0.0,-0.9482955429572975,0.39609646819315397
2019-01-11,81.98533630371094,0.0,18.190000534057617,2.38,2.71,-0.004792896080888501,0.01340452553683204,2.72,0.03317666454308225,0.33000000000000007,-0.03000000000000025,-0.9421160388209476,0.34596254136512306
2019-01-14,82.8305435180664,0.0,19.06999969482422,2.4,2.71,0.010256470730462394,0.013407811165537641,2.72,0.032838128116432476,0.31000000000000005,0.0,-0.9453085212649758,0.37964027535020073
2019-01-15,83.43778991699219,0.0,18.600000381469727,2.4,2.72,0.007304446810095434,0.01342745544601478,2.72,0.032599137665390986,0.3200000000000003,0.010000000000000231,-0.9496624391457943,0.3616533129143128
2019-01-16,84.11067962646484,0.0,19.040000915527344,2.38,2.73,0.00803222290260935,0.013522784065571471,2.72,0.03233834290817181,0.3500000000000001,0.009999999999999787,-0.9460500834773397,0.37849221640414776
2019-01-17,84.45531463623047,0.0,18.059999465942383,2.37,2.75,0.004089027463321512,0.01336683935088825,2.72,0.032206380518688495,0.3799999999999999,0.020000000000000018,-0.9482427365640069,0.3409873759502528
2019-01-18,85.82571411132812,0.0,17.799999237060547,2.36,2.79,0.016096086245545992,0.013292879759056048,2.72,0.03169213362409982,0.43000000000000016,0.040000000000000036,-0.9401979937463356,0.3310371181151045
2019-01-22,84.47175598144531,0.0,20.799999237060547,2.38,2.74,-0.01590143011131434,0.013829465343463973,2.72,0.032200111959285696,0.3600000000000003,-0.04999999999999982,-0.9275695876974571,0.4458476843743032
2019-01-23,84.25838470458984,0.0,19.520000457763672,2.36,2.76,-0.0025291437525614044,0.013440663255949378,2.72,0.03228165374326043,0.3999999999999999,0.019999999999999574,-0.9276200656316188,0.3968618894869174
2019-01-24,84.30760955810547,0.0,18.88999938964844,2.32,2.72,0.0005840425304068545,0.013189836208799193,2.72,0.03226280538917848,0.40000000000000036,-0.03999999999999959,-0.922960374531211,0.37275162969551423
2019-01-25,84.84098052978516,0.0,17.420000076293945,2.34,2.76,0.006306558502211448,0.011615084911784222,2.72,0.032059978362049796,0.41999999999999993,0.03999999999999959,-0.9117830071161497,0.31649447850655993
2019-01-28,85.24308013916016,0.0,18.8700008392334,2.37,2.75,0.00472825445156824,0.011164310301942867,2.72,0.031908748435175896,0.3799999999999999,-0.009999999999999787,-0.8854535062493636,0.3719862813963428
2019-01-29,85.48108673095703,0.0,19.1299991607666,2.37,2.72,0.002788202166690881,0.011049735283317342,2.72,0.03181990430890194,0.3500000000000001,-0.029999999999999805,-0.864119451556822,0.3819364662368989
2019-01-30,85.6780014038086,0.0,17.65999984741211,2.37,2.7,0.0023009559337595657,0.010972634904892194,2.72,0.031746772280324104,0.33000000000000007,-0.020000000000000018,-0.8347630976324786,0.32567931504794473
2019-01-31,84.93125915527344,0.0,16.56999969482422,2.36,2.63,-0.008753886098398332,0.01126759880625657,2.72,0.03202589985186995,0.27,-0.07000000000000028,-0.784488382970985,0.28396480346753517
2019-02-01,85.24308013916016,0.0,16.139999389648438,2.35,2.7,0.0036647279979479266,0.01080489855422539,2.72,0.031908748435175896,0.3500000000000001,0.07000000000000028,-0.7568576043578092,0.2675086106245819
2019-02-04,85.54672241210938,0.0,15.729999542236328,2.37,2.73,0.0035557461667398756,0.010092436574823815,2.72,0.03179549050280127,0.3599999999999999,0.029999999999999805,-0.621994006317629,0.2518178390753922
2019-02-05,85.16923522949219,0.0,15.56999969482422,2.37,2.71,-0.00442240787637403,0.006863045648637486,2.72,0.03193641451248027,0.33999999999999986,-0.020000000000000018,-0.5994607384641876,0.24569461471446902
2019-02-06,85.12820434570312,0.0,15.380000114440918,2.37,2.7,-0.00048187318241974604,0.006874262341986431,2.72,0.03195180752261801,0.33000000000000007,-0.009999999999999787,-0.564524011252335,0.23842329491019665
2019-02-07,84.01219177246094,0.0,16.3700008392334,2.37,2.65,-0.013196478129000351,0.007553128076653911,2.72,0.03237625328674751,0.2799999999999998,-0.050000000000000266,-0.4784370884558056,0.27631080951367726
2019-02-08,83.1751937866211,0.0,15.720000267028809,2.38,2.63,-0.010012776691820612,0.007903251446508688,2.72,0.032702057863284686,0.25,-0.020000000000000018,-0.3028035769404459,0.25143516492580653
2019-02-11,82.78133392333984,0.0,15.970000267028809,2.4,2.65,-0.00474655149971614,0.007984143139317392,2.72,0.03285764883323664,0.25,0.020000000000000018,-0.11829722814535495,0.2610027121140731
2019-02-12,84.1927261352539,0.0,15.43000030517578,2.38,2.68,0.016905929305966075,0.008675499548253888,2.72,0.032306828925225385,0.30000000000000027,0.03000000000000025,-0.060799809816371446,0.2403368116473091
2019-02-13,84.59481811523438,0.0,15.649999618530272,2.39,2.71,0.00476448356897279,0.008471278060209583,2.72,0.03215326967539357,0.31999999999999984,0.029999999999999805,0.037321792590468396,0.2487562268949305
2019-02-14,84.04502868652344,0.0,16.219999313354492,2.38,2.66,-0.006520302134569018,0.008494289408601646,2.72,0.03236360368374947,0.28000000000000025,-0.04999999999999982,0.12377912195906221,0.27057022280504356
2019-02-15,86.61347961425781,0.0,14.90999984741211,2.38,2.66,0.03010274619124009,0.010597830126552753,2.72,0.03140388784879449,0.28000000000000025,0.0,0.001987553071803245,0.22043629597701261
2019-02-19,86.30985260009766,0.0,14.880000114440918,2.41,2.65,-0.0035116987661537253,0.010631007607703281,2.72,0.031514362706685034,0.23999999999999977,-0.010000000000000231,-0.08370653354613102,0.21928820053366352
2019-02-20,86.72835540771484,0.0,14.020000457763672,2.4,2.65,0.004837123874983605,0.010104293830631368,2.72,0.03136229191955881,0.25,0.0,-0.2426865543799286,0.18637585134505316
2019-02-21,86.54784393310547,0.0,14.460000038146973,2.4,2.69,-0.0020835122261043722,0.009408932673439455,2.72,0.031427703757731296,0.29000000000000004,0.040000000000000036,-0.29920813890333026,0.20321471833759203
2019-02-22,86.16215515136719,0.0,13.510000228881836,2.41,2.65,-0.004466324184211324,0.00945624817569939,2.72,0.03156838399900261,0.23999999999999977,-0.040000000000000036,-0.3210025114834206,0.16685804632163834
2019-02-25,87.06478118896484,0.0,14.850000381469728,2.42,2.67,0.010421407038057192,0.009672476414073518,2.72,0.031241105333929795,0.25,0.020000000000000018,-0.3220391889655903,0.2181401050903145
2019-02-26,86.4001235961914,0.0,15.170000076293944,2.4,2.64,-0.007663346616028948,0.00980717037558313,2.72,0.03148143644692541,0.2400000000000002,-0.029999999999999805,-0.32819820505998476,0.23038655381216083
2019-02-27,86.29344177246094,0.0,14.699999809265137,2.4,2.69,-0.0012355044853384779,0.00977607118858427,2.72,0.03152035594051414,0.29000000000000004,0.04999999999999982,-0.3941932696555578,0.21239955487897685
2019-02-28,85.63697052001953,0.0,14.779999732971191,2.4,2.73,-0.0076365133304208965,0.009922090226352818,2.72,0.03176198297864986,0.33000000000000007,0.040000000000000036,-0.5487377746520669,0.21546116705943846
2019-03-01,85.69441986083984,0.0,13.56999969482422,2.39,2.76,0.0006706225035082802,0.009910270298590304,2.72,0.03174068981874245,0.36999999999999966,0.029999999999999805,-0.6588851231276407,0.16915423720833656
2019-03-04,85.49746704101562,0.0,14.630000114440918,2.41,2.72,-0.002300960755611602,0.009723251565241068,2.72,0.03181380798913185,0.31000000000000005,-0.03999999999999959,-0.6739180886328529,0.20972065334539697
2019-03-05,85.43182373046875,0.0,14.739999771118164,2.41,2.72,-0.0007680756583933584,0.009695002739900227,2.72,0.03183825278717453,0.31000000000000005,0.0,-0.6937008459921484,0.21393036096920767
2019-03-06,85.11180114746094,0.0,15.739999771118164,2.41,2.69,-0.0037529747460039197,0.009696130371174162,2.72,0.03195796544462088,0.2799999999999998,-0.03000000000000025,-0.7085523541137032,0.2522005497222739
2019-03-07,84.49633026123047,0.0,16.59000015258789,2.4,2.64,-0.007257595289311648,0.009776642645024293,2.72,0.03219074711991392,0.2400000000000002,-0.04999999999999982,-0.7069316291655062,0.2847302247612986
2019-03-08,84.52919006347656,0.0,16.049999237060547,2.41,2.62,0.0003888146901951316,0.009778025006154207,2.72,0.0321782333174781,0.20999999999999996,-0.020000000000000018,-0.7134403956684763,0.2640642877972386
2019-03-11,85.62875366210938,0.0,14.329999923706056,2.41,2.64,0.012924214762028683,0.009721523750388867,2.72,0.031765030829867105,0.22999999999999998,0.020000000000000018,-0.6872078039239782,0.19823958942001796
2019-03-12,85.37438201904297,0.0,13.770000457763672,2.41,2.61,-0.0029750545763077845,0.009443576058008496,2.72,0.0318596742450598,0.19999999999999973,-0.03000000000000025,-0.6428215565734172,0.1768083041567866
2019-03-13,85.66157531738281,0.0,13.40999984741211,2.4,2.61,0.00335828293333962,0.00935173497514851,2.72,0.03175285990156249,0.20999999999999996,0.0,-0.5814779444934857,0.16303101284741325
2019-03-14,86.4411392211914,0.0,13.5,2.4,2.63,0.00905934851260783,0.00885434128836797,2.72,0.031466498758651026,0.22999999999999998,0.020000000000000018,-0.5939215740899405,0.1664753356747566
2019-03-15,87.43406677246094,0.0,12.880000114440918,2.4,2.59,0.011421275841517607,0.009101960311755159,2.72,0.03110915573764341,0.18999999999999995,-0.040000000000000036,-0.637773927131056,0.14274782302753108
2019-03-18,87.95927429199219,0.0,13.100000381469728,2.39,2.6,0.005988928498150921,0.00895401054342803,2.72,0.030923402016376448,0.20999999999999996,0.010000000000000231,-0.6224073485355934,0.15116727477244862
2019-03-19,87.63921356201172,0.0,13.5600004196167,2.41,2.61,-0.003645374038533413,0.00633511837818583,2.72,0.0310363350998738,0.19999999999999973,0.009999999999999787,-0.6629412219409232,0.16877156305875085
2019-03-20,85.76827239990234,0.0,13.90999984741211,2.42,2.54,-0.0215793886244315,0.007939540225331054,2.72,0.03171335884343984,0.1200000000000001,-0.06999999999999984,-0.661242922762039,0.18216610722394638
2019-03-21,84.41429901123047,0.0,13.630000114440918,2.43,2.54,-0.015912345741077305,0.008536949130410166,2.72,0.03222202910952482,0.10999999999999988,0.0,-0.5501518576975658,0.17145046459233074
2019-03-22,81.86225891113281,0.0,16.479999542236328,2.41,2.44,-0.030698741323021084,0.010684024526089317,2.72,0.03322654463948704,0.029999999999999805,-0.10000000000000009,-0.6631027856400202,0.28052048064019186
2019-03-25,81.18116760253906,0.0,16.329999923706055,2.41,2.43,-0.008354771301843379,0.010750557047878214,2.72,0.03350530770038996,0.020000000000000018,-0.009999999999999787,-0.7081285360858255,0.27477996692615037
2019-03-26,81.9935531616211,0.0,14.68000030517578,2.41,2.41,0.009957330001794502,0.0107223833565986,2.72,0.03317333979463591,0.0,-0.020000000000000018,-0.6814952180398091,0.21163417008250943
2019-03-27,81.71453094482422,0.0,15.149999618530272,2.39,2.39,-0.0034087808003048403,0.010667093398919168,2.72,0.033286613391155795,0.0,-0.020000000000000018,-0.6970813286637784,0.2296211325183974
2019-03-28,82.64178466796875,0.0,14.43000030517578,2.38,2.39,0.011283576876975046,0.011091767393211284,2.72,0.03291313239335511,0.010000000000000231,0.0,-0.68002004285329,0.20206662289424288
2019-03-29,83.06851196289062,0.0,13.710000038146973,2.35,2.41,0.005150292370007167,0.011121206082013538,2.72,0.032744055909116464,0.06000000000000005,0.020000000000000018,-0.6377549534821405,0.17451207677279235
2019-04-01,85.86673736572266,0.0,13.399999618530272,2.38,2.49,0.033130816280333784,0.013443939299613235,2.72,0.031676992552017044,0.11000000000000032,0.08000000000000007,-0.6398262426374272,0.16264830220053147
2019-04-02,86.27704620361328,0.0,13.359999656677246,2.37,2.48,0.0047670570078029465,0.0134693900498663,2.72,0.031526345878610834,0.10999999999999988,-0.010000000000000231,-0.6569375144622047,0.16111749611030074
2019-04-03,86.44934844970703,0.0,13.739999771118164,2.39,2.52,0.001995089442953732,0.01347057457103512,2.72,0.031463510700516076,0.1299999999999999,0.040000000000000036,-0.6706320023586693,0.17566017221614144
2019-04-04,87.28450012207031,0.8,13.579999923706056,2.39,2.51,0.009614224426675647,0.01357183535976097,3.5200000000000005,0.04032789321216438,0.11999999999999966,-0.010000000000000231,-0.7086537815610426,0.16953694785521828
2019-04-05,87.07777404785156,0.0,12.81999969482422,2.39,2.5,-0.002371225909576213,0.013461011673002628,3.5200000000000005,0.04042363322316515,0.10999999999999988,-0.009999999999999787,-0.7845888452151462,0.14045159564353688
2019-04-08,87.35890197753906,0.0,13.18000030517578,2.38,2.52,0.0032232690910012876,0.013464228002896275,2.96,0.03388320975876103,0.14000000000000012,0.020000000000000018,-0.8442456958369674,0.1542288869529101
2019-04-09,86.7139663696289,0.0,14.279999732971191,2.37,2.51,-0.007409983704341072,0.013337278267788797,2.96,0.034135216320086634,0.13999999999999968,-0.010000000000000231,-0.828626753690092,0.19632607268290536
2019-04-10,87.10257720947266,0.0,13.300000190734863,2.38,2.48,0.004471513232813298,0.013336474925764032,2.96,0.03398292099763601,0.10000000000000009,-0.029999999999999805,-0.8326676492775027,0.15882130522360258
2019-04-11,87.8385009765625,0.0,13.020000457763672,2.38,2.51,0.008413439722736966,0.013427348899471017,2.96,0.03369820713117363,0.1299999999999999,0.029999999999999805,-0.8421794819495031,0.14810566259198693
2019-04-12,91.95632934570312,0.0,12.010000228881836,2.39,2.56,0.0458138710969842,0.01653865078389113,2.96,0.0321891926424346,0.16999999999999993,0.050000000000000266,-0.8617668191045547,0.10945276319203899
2019-04-15,90.9062042236328,0.0,12.31999969482422,2.38,2.55,-0.011485531187798843,0.016706221425756892,2.96,0.032561033928094556,0.16999999999999993,-0.010000000000000231,-0.8717382744254656,0.12131650126700377
2019-04-16,91.86537170410156,0.0,12.18000030517578,2.38,2.6,0.01049590212327063,0.016790727011327403,2.96,0.032221063770733575,0.2200000000000002,0.050000000000000266,-0.8799426359973405,0.11595869819984386
2019-04-17,94.51136016845705,0.0,12.600000381469728,2.39,2.59,0.02839588643462498,0.017677852863167278,2.96,0.03131898636020153,0.19999999999999973,-0.010000000000000231,-0.8509876347176986,0.1320321803959155
2019-04-18,93.81676483154295,0.0,12.09000015258789,2.37,2.57,-0.007376471108145912,0.016922103676699322,2.96,0.03155086412662988,0.19999999999999973,-0.020000000000000018,-0.860844526981834,0.1125143753725006
2019-04-22,93.93255615234376,0.0,12.420000076293944,2.39,2.59,0.0012334674221438373,0.016301850263542732,2.96,0.03151197115512696,0.19999999999999973,0.020000000000000018,-0.8673561995216342,0.1251435347412287
2019-04-23,94.04828643798828,0.0,12.279999732971191,2.4,2.57,0.001231298877814403,0.014143310132267656,2.96,0.031473194378206,0.16999999999999993,-0.020000000000000018,-0.8815010347507869,0.1197856951767729
2019-04-24,93.89120483398438,0.0,13.140000343322754,2.39,2.53,-0.0016716193017091419,0.013862185386291385,2.96,0.03152584957487534,0.13999999999999968,-0.040000000000000036,-0.8639610458430932,0.15269808086267936
2019-04-25,93.9408187866211,0.0,13.25,2.38,2.54,0.000528280032703986,0.013911719038912817,2.96,0.03150919949637014,0.16000000000000014,0.010000000000000231,-0.8042418262720878,0.15690778848649004
2019-04-26,94.6519012451172,0.0,12.729999542236328,2.37,2.51,0.007540967944957853,0.013726625275464014,2.96,0.03127248328942254,0.13999999999999968,-0.03000000000000025,-0.7561324364025775,0.1370072728161935
2019-04-29,96.01626586914062,0.0,13.109999656677246,2.39,2.54,0.014311648686803114,0.013789646185427808,2.96,0.030828109937478167,0.1499999999999999,0.03000000000000025,-0.6427725190453161,0.1515499489220342
2019-04-30,95.9583969116211,0.0,13.119999885559082,2.38,2.51,-0.0006028812181157073,0.01388801289816342,2.96,0.03084670122955678,0.1299999999999999,-0.03000000000000025,-0.5516452916902364,0.1519326595689159
2019-05-01,95.2224578857422,0.0,14.800000190734863,2.38,2.52,-0.007698915895983376,0.012846585452075452,2.96,0.031085103931592646,0.14000000000000012,0.010000000000000231,-0.2797860193904091,0.2162265883532019
2019-05-02,95.42919158935548,0.0,14.420000076293944,2.41,2.55,0.002168707013129196,0.012860685150052105,2.96,0.031017762497006933,0.13999999999999968,0.029999999999999805,-0.13515087162841707,0.20168391224736115
2019-05-03,96.01626586914062,0.0,12.869999885559082,2.38,2.54,0.006133090100969937,0.012847237878220313,2.96,0.030828109937478167,0.16000000000000014,-0.009999999999999787,-0.08268341715735066,0.14236511238064936
2019-05-06,95.16456604003906,0.0,15.4399995803833,2.39,2.51,-0.008909946202137427,0.013146888002485597,2.96,0.03110401405870568,0.11999999999999966,-0.03000000000000025,0.08004677774322042,0.2407194857968948
2019-05-07,93.61006927490234,0.0,19.31999969482422,2.38,2.45,-0.016469711629105616,0.013836607137485593,2.96,0.031620529959308565,0.07000000000000028,-0.05999999999999961,0.07818163403599326,0.3892078225384673
2019-05-08,93.11394500732422,0.0,19.399999618530277,2.38,2.49,-0.0053139970985644725,0.013968226458965283,2.96,0.03178900861484464,0.11000000000000032,0.040000000000000036,0.054313538347052555,0.39226943471892906
2019-05-09,93.0395050048828,0.0,19.100000381469727,2.38,2.45,-0.0007997703658394872,0.013794407882138201,2.96,0.0318144426912488,0.07000000000000028,-0.040000000000000036,0.0698194993149073,0.3807884072908459
2019-05-10,93.03126525878906,0.0,16.040000915527344,2.38,2.47,-8.856572246624874e-05,0.01381179791983995,2.96,0.03181726048512875,0.0900000000000003,0.020000000000000018,0.025046174604009538,0.2636816501449491
2019-05-13,90.50102996826172,0.0,20.549999237060547,2.36,2.4,-0.02757439072803423,0.015278900348029385,2.96,0.0327068100886593,0.040000000000000036,-0.07000000000000028,-0.288384885100383,0.43628013718603664
2019-05-14,91.22039794921876,0.0,18.059999465942383,2.36,2.42,0.007917302289731908,0.011558667960876734,2.96,0.0324488827778168,0.06000000000000005,0.020000000000000018,-0.423183679990123,0.3409873759502528
2019-05-15,90.87310791015624,0.0,16.440000534057617,2.37,2.37,-0.0038144189547734803,0.011308750343871925,2.96,0.032572892774025856,0.0,-0.04999999999999982,-0.5571643408174994,0.2789897110472571
2019-05-16,92.03900909423828,0.0,15.289999961853027,2.35,2.4,0.01274838423444636,0.011423551413429826,2.96,0.032160276703644984,0.04999999999999982,0.029999999999999805,-0.6418849060932159,0.23497897208285332
2019-05-17,91.59249114990234,0.0,15.960000038146973,2.34,2.39,-0.0048632051013340295,0.009435522512923912,2.96,0.032317059650180245,0.050000000000000266,-0.009999999999999787,-0.6288663603033113,0.2606200014671914
2019-05-20,92.07207489013672,0.0,16.309999465942383,2.34,2.41,0.0052223990785609485,0.009443319607573483,2.96,0.03214872700036319,0.07000000000000028,0.020000000000000018,-0.6478156408115298,0.2740145456323869
2019-05-21,92.38630676269533,0.0,14.949999809265137,2.34,2.43,0.003407079404197687,0.009479645169029681,2.96,0.03203938011726234,0.0900000000000003,0.020000000000000018,-0.6436475349767462,0.2219671020672434
2019-05-22,91.63382720947266,0.0,14.75,2.33,2.39,-0.008178276268560013,0.009600913565778826,2.96,0.03230248141042405,0.06000000000000005,-0.040000000000000036,-0.6148463436224495,0.2143130716160894
2019-05-23,89.83126831054688,0.0,16.920000076293945,2.32,2.31,-0.01986738203806718,0.010427448475690078,2.96,0.032950664681336506,-0.009999999999999787,-0.08000000000000007,-0.6065351208940406,0.29735938413002677
2019-05-24,90.71602630615234,0.0,15.850000381469728,2.3,2.32,0.009800923130083208,0.010736281631098306,2.96,0.03262929518110135,0.020000000000000018,0.009999999999999787,-0.581354440640638,0.25641029384338077
2019-05-28,89.7320327758789,0.0,17.5,2.32,2.26,-0.010906221865074487,0.010700140888943933,2.96,0.032987105144414886,-0.06000000000000005,-0.06000000000000005,-0.5700269723538276,0.3195560906870215
2019-05-29,89.48397064208984,0.0,17.899999618530273,2.32,2.25,-0.002768305145489351,0.009979931479283593,2.96,0.03307855003259912,-0.06999999999999984,-0.009999999999999787,-0.5330796334258523,0.3348641515893296
2019-05-30,88.52479553222656,0.0,17.299999237060547,2.33,2.22,-0.010776821992169228,0.010086024788086984,2.96,0.03343695946659873,-0.10999999999999988,-0.029999999999999805,-0.45071614735094107,0.3119020237385714
2019-05-31,87.615234375,0.0,18.709999084472656,2.3,2.14,-0.010327797064995727,0.010152416203482355,2.96,0.0337840790030986,-0.1599999999999997,-0.08000000000000007,-0.45836952592911223,0.3658629840408274
2019-06-03,88.02867126464844,0.0,18.86000061035156,2.3,2.07,0.0047076800268156796,0.010243818029555492,2.96,0.03362540814800087,-0.22999999999999998,-0.07000000000000028,-0.43929734472228565,0.37160357074946093
2019-06-04,90.74083709716795,0.0,16.969999313354492,2.3,2.12,0.030344928181775577,0.012530237442772773,2.96,0.032620373524109604,-0.17999999999999972,0.050000000000000266,-0.2595100137982128,0.29927286436984324
2019-06-05,91.06330871582033,0.0,16.09000015258789,2.3,2.12,0.003547465382477768,0.01251596830547623,2.96,0.032504858891490754,-0.17999999999999972,0.0,-0.1658441369254278,0.2655951303847655
2019-06-06,91.26175689697266,0.0,15.93000030517578,2.28,2.12,0.002176862066127345,0.012099899387882458,2.96,0.03243417725720103,-0.1599999999999997,0.0,-0.3067368484303474,0.25947190602384224
2019-06-07,90.2612533569336,0.0,16.299999237060547,2.23,2.09,-0.011023546494367884,0.012259820513688163,2.96,0.032793694857026066,-0.14000000000000012,-0.03000000000000025,-0.4562284746729019,0.27363183498550514
2019-06-10,91.23694610595705,0.0,15.9399995803833,2.24,2.15,0.010751645480714426,0.012547708181962077,2.96,0.03244299734191493,-0.0900000000000003,0.06000000000000005,-0.6530629883043714,0.25985458017342794
2019-06-11,91.51807403564452,0.0,15.989999771118164,2.22,2.15,0.003076557363120069,0.012577315657196527,2.96,0.0323433379820377,-0.07000000000000028,0.0,-0.6689289707413582,0.2617680969105404
2019-06-12,90.3521728515625,0.0,15.90999984741211,2.19,2.13,-0.012821417199850825,0.011358909127025982,2.96,0.03276069525038336,-0.06000000000000005,-0.020000000000000018,-0.8170147544629266,0.25870648473007885
2019-06-13,90.57545471191406,0.0,15.81999969482422,2.14,2.1,0.0024681910298675635,0.011228616076994422,2.96,0.03267993530272224,-0.040000000000000036,-0.029999999999999805,-0.889828545920365,0.2552621619027356
2019-06-14,90.80697631835938,0.0,15.279999732971191,2.15,2.09,0.0025528573067117124,0.011216005783306877,2.96,0.03259661448942604,-0.06000000000000005,-0.010000000000000231,-0.8768943953265541,0.2345962614359716
2019-06-17,90.31085205078124,0.0,15.350000381469728,2.18,2.09,-0.005478483404148942,0.010877464148023484,2.96,0.03277568456928753,-0.0900000000000003,0.0,-0.8427982302443126,0.23727519946684764
2019-06-18,91.5428695678711,0.0,15.149999618530272,2.17,2.06,0.013549751476067922,0.011277021878182351,2.96,0.032334577384046465,-0.10999999999999988,-0.029999999999999805,-0.8519662670151942,0.2296211325183974
2019-06-19,90.88140106201172,0.0,14.329999923706056,2.13,2.03,-0.00725201095830359,0.011315230453713084,2.96,0.03256992041727309,-0.10000000000000009,-0.03000000000000025,-0.8571120205188836,0.19823958942001796
2019-06-20,91.1129150390625,0.0,14.75,2.09,2.01,0.0025441904658479227,0.011301434385550906,2.96,0.032487161657938066,-0.08000000000000007,-0.020000000000000018,-0.8510965416654872,0.2143130716160894
2019-06-21,90.49276733398438,0.0,15.399999618530272,2.07,2.07,-0.006829633384608738,0.011260337778223913,2.96,0.032709796453405375,0.0,0.06000000000000005,-0.833894580432108,0.23918867970666394
2019-06-24,89.84779357910156,0.0,15.260000228881836,2.08,2.02,-0.007152872338264283,0.010487683611715612,2.96,0.03294460422552314,-0.06000000000000005,-0.04999999999999982,-0.7985679071394461,0.23383087663950422
2019-06-25,89.10363006591797,0.0,16.280000686645508,2.07,2.0,-0.00831698108501435,0.010386602598477554,2.96,0.03321974646611167,-0.06999999999999984,-0.020000000000000018,-0.7782650718409603,0.2728664866863339
2019-06-26,89.6989517211914,0.0,16.209999084472656,2.1,2.05,0.006659007371741243,0.010242890391542884,2.96,0.03299927081868783,-0.050000000000000266,0.04999999999999982,-0.7770191956185343,0.27018751215816184
2019-06-27,89.99662780761719,0.0,15.81999969482422,2.09,2.01,0.003313118324884352,0.010247198997554158,2.96,0.03289012124240359,-0.08000000000000007,-0.040000000000000036,-0.7752440503611308,0.2552621619027356
2019-06-28,92.44418334960938,0.0,15.079999923706056,2.08,2.0,0.02683283831379456,0.011437098483984283,2.96,0.03201932120278184,-0.08000000000000007,-0.009999999999999787,-0.7559637044246242,0.22694223098481764
2019-07-01,93.9986801147461,0.0,14.0600004196167,2.16,2.03,0.01667570170110216,0.01149221915048334,2.96,0.03148980386093366,-0.13000000000000034,0.029999999999999805,-0.7043542775434232,0.18790665743528398
2019-07-02,94.09791564941406,0.0,12.93000030517578,2.15,1.98,0.0010551551289041017,0.01149826368256664,2.96,0.03145659475634125,-0.16999999999999993,-0.04999999999999982,-0.7179808498052912,0.14466133976464354
2019-07-03,93.94803619384766,0.8,12.56999969482422,2.16,1.96,-0.0015940730000842322,0.009695770050675926,3.7600000000000002,0.04002212448849708,-0.20000000000000018,-0.020000000000000018,-0.8125544876762516,0.13088404845527032
2019-07-05,94.50596618652344,0.0,13.279999732971191,2.18,2.04,0.005921143787984473,0.00973271305181745,3.7600000000000002,0.03978584793873233,-0.14000000000000012,0.08000000000000007,-0.8516089032532144,0.15805588392983913
2019-07-08,93.98967742919922,0.0,13.960000038146973,2.21,2.05,-0.0054780050987854635,0.009859124140832946,3.7600000000000002,0.04000439306574217,-0.16000000000000014,0.009999999999999787,-0.8651887061493236,0.18407962396105892
2019-07-09,94.3893814086914,0.0,14.09000015258789,2.21,2.07,0.004243620090158499,0.0094514856878894,3.2,0.03390211856717755,-0.14000000000000012,0.020000000000000018,-0.8572281995888368,0.18905475287863305
2019-07-10,94.11455535888672,0.0,13.029999732971191,2.15,2.07,-0.002915867426835251,0.009297396774592489,3.2,0.03400111691329201,-0.08000000000000007,0.0,-0.8781459842221913,0.14848833674157258
2019-07-11,95.01393127441406,0.0,12.93000030517578,2.12,2.13,0.009510811522769598,0.009457330326380839,3.2,0.03367927162973537,0.009999999999999787,0.06000000000000005,-0.9087572384941549,0.14466133976464354
2019-07-12,96.01317596435548,0.0,12.390000343322754,2.1,2.12,0.010461905835623675,0.009013722230707375,3.2,0.03332875897353909,0.020000000000000018,-0.009999999999999787,-0.920675898096217,0.12399543929787968
2019-07-15,94.84737396240234,0.0,12.68000030517578,2.11,2.09,-0.012216421897023808,0.009598994097172417,3.2,0.033738414320975144,-0.020000000000000018,-0.03000000000000025,-0.924673701252474,0.135093792576377
2019-07-16,95.8633270263672,0.0,12.859999656677246,2.1,2.13,0.010654490486796012,0.009775301172641268,3.2,0.0333808568851344,0.029999999999999805,0.040000000000000036,-0.9250987023846436,0.1419824017337676
2019-07-17,94.92229461669922,0.0,13.970000267028809,2.09,2.06,-0.009864894775844372,0.010000383437003407,3.2,0.03371178512826469,-0.029999999999999805,-0.06999999999999984,-0.9078888979793731,0.18446233460794065
2019-07-18,95.48856353759766,0.0,13.529999732971191,2.01,2.04,0.005947881290050466,0.009708857719551992,3.2,0.03351186656756055,0.03000000000000025,-0.020000000000000018,-0.8993022102306647,0.16762343111810568
2019-07-19,94.5475845336914,0.0,14.449999809265137,2.02,2.05,-0.009903238977632936,0.00985150068371961,3.2,0.03384539135275001,0.029999999999999805,0.009999999999999787,-0.8928053320508108,0.2028320076907103
2019-07-22,95.15547943115234,0.0,13.529999732971191,2.04,2.05,0.00640893157440561,0.009900442299768383,3.2,0.03362917216254782,0.009999999999999787,0.0,-0.8922854388372009,0.16762343111810568
2019-07-23,96.89586639404295,0.0,12.609999656677246,2.02,2.08,0.018124680135191463,0.010269877270733939,3.2,0.03302514461232716,0.06000000000000005,0.03000000000000025,-0.889745212533907,0.13241485454550106
2019-07-24,97.28726196289062,0.0,12.06999969482422,2.05,2.05,0.004031206029014247,0.009989287266138644,3.2,0.03289228142961421,0.0,-0.03000000000000025,-0.8994074298768108,0.11174895407873721
2019-07-25,96.35460662841795,0.0,12.739999771118164,2.06,2.08,-0.009632860425890266,0.010072795173473394,3.2,0.0332106591679678,0.020000000000000018,0.03000000000000025,-0.8720897228452942,0.1373899834630752
2019-07-26,96.779296875,0.0,12.15999984741211,2.08,2.08,0.004397891031955183,0.01005193304113553,3.2,0.03306492300861739,0.0,0.0,-0.8290651958950841,0.11519327690608049
2019-07-29,96.47119903564452,0.0,12.829999923706056,2.07,2.06,-0.003188587940661073,0.010161319831300168,3.2,0.033170521689252074,-0.009999999999999787,-0.020000000000000018,-0.7284851888877041,0.1408343062904186
2019-07-30,96.25467681884766,0.0,13.9399995803833,2.04,2.06,-0.0022469458959193268,0.008666693346531617,3.2,0.03324513785467728,0.020000000000000018,0.0,-0.54558231665989,0.18331420266729545
2019-07-31,96.59609985351562,0.0,16.1200008392334,2.04,2.02,0.003540803903092069,0.007996883656390723,3.2,0.03312763149705506,-0.020000000000000018,-0.040000000000000036,-0.17280768170614888,0.2667432623254107
2019-08-01,94.04795837402344,0.0,17.8700008392334,2.03,1.9,-0.026733518583322683,0.010069600563336898,3.2,0.03402519369185857,-0.1299999999999999,-0.1200000000000001,-0.3440365511060077,0.3337160926432766
2019-08-02,94.03963470458984,0.0,17.610000610351562,2.02,1.86,-8.850843697650788e-05,0.01006323029978213,3.2,0.034028205341846314,-0.15999999999999992,-0.039999999999999813,-0.4941231906760883,0.3237658348081283
2019-08-05,91.2416534423828,0.0,24.59000015258789,2.0,1.75,-0.030204820041431484,0.011924448128474725,3.2,0.03507170112848441,-0.25,-0.1100000000000001,-0.7625342422208652,0.5908917347858285
2019-08-06,91.95781707763672,0.0,20.170000076293945,2.01,1.73,0.007818442721015086,0.01206454145567291,3.2,0.03479856418621109,-0.2799999999999998,-0.020000000000000018,-0.8247067014512325,0.421737497577492
2019-08-07,89.95928192138672,0.0,19.489999771118164,1.98,1.71,-0.021972817015134104,0.012822954612204309,3.2,0.03557164899111138,-0.27,-0.020000000000000018,-0.8268831725222755,0.39571375754627225
2019-08-08,91.483154296875,0.0,16.90999984741211,1.98,1.72,0.016797704426440938,0.013479560915872843,3.2,0.03497911746260492,-0.26,0.010000000000000009,-0.8311095478969455,0.29697667348314505
2019-08-09,91.38324737548828,0.0,17.969999313354492,1.96,1.74,-0.001092676734635822,0.013248996749233612,3.2,0.035017359219588595,-0.21999999999999997,0.020000000000000018,-0.8365168376371348,0.33754305312290944
2019-08-12,89.66783142089844,0.0,21.09000015258789,1.96,1.65,-0.0189500918786511,0.01343510866586395,3.2,0.03568726877066185,-0.31000000000000005,-0.09000000000000008,-0.8554976786856673,0.45694607415009664
2019-08-13,91.0501480102539,0.0,17.520000457763672,1.96,1.68,0.015298351091910892,0.013852725604108052,3.2,0.035145467304892486,-0.28,0.030000000000000027,-0.8541509007018199,0.32032151198078496
2019-08-14,87.26957702636719,0.0,22.100000381469727,1.92,1.59,-0.042408517326280905,0.016097143311413712,3.2,0.03666799025544914,-0.32999999999999985,-0.08999999999999986,-0.866695053486005,0.4955989735500446
2019-08-15,87.60266876220703,0.0,21.18000030517578,1.87,1.52,0.0038095483611468796,0.016144611120003375,3.2,0.03652856751072546,-0.3500000000000001,-0.07000000000000006,-0.8717655400355021,0.46039039697744
2019-08-16,89.70113372802734,0.0,18.46999931335449,1.83,1.55,0.023671945293035394,0.017114981110732064,3.2,0.03567401956927722,-0.28,0.030000000000000027,-0.8623029741842447,0.35667814749944243
2019-08-19,90.50888061523438,0.0,16.8799991607666,1.9,1.6,0.008964566143419872,0.017228085512359773,3.2,0.0353556466310045,-0.2999999999999998,0.050000000000000044,-0.8470884837246464,0.2958285415424999
2019-08-20,89.35972595214844,0.0,17.5,1.9,1.55,-0.012777886264870763,0.017264177381535104,3.2,0.03581031573120065,-0.34999999999999987,-0.050000000000000044,-0.8252409524062828,0.3195560906870215
2019-08-21,89.60953521728516,0.0,15.800000190734863,1.93,1.59,0.002791646182597751,0.016639355050715794,3.2,0.03571048541029302,-0.33999999999999986,0.040000000000000036,-0.7684870744568097,0.25449677710626817
2019-08-22,90.53384399414062,0.0,16.68000030517578,1.96,1.62,0.010262013429346925,0.01683888689052886,3.2,0.0353458978302866,-0.33999999999999986,0.030000000000000027,-0.7216563132948645,0.28817454758864197
2019-08-23,88.28549194335938,0.0,19.8700008392334,1.93,1.52,-0.025147957625521567,0.017453968421282842,3.2,0.03624604597608177,-0.4099999999999999,-0.10000000000000009,-0.6932339918726124,0.410256470149409
2019-08-26,88.9933090209961,0.0,19.31999969482422,1.96,1.54,0.007985397408354017,0.01755920634946151,3.2,0.03595775946756882,-0.41999999999999993,0.020000000000000018,-0.6317776452590301,0.3892078225384673
2019-08-27,88.0523452758789,0.0,20.309999465942383,1.94,1.49,-0.010629717050832741,0.017617127179004002,3.2,0.036342018943095765,-0.44999999999999996,-0.050000000000000044,-0.5562130975610385,0.4270953006446518
2019-08-28,88.93502044677734,0.0,19.350000381469727,1.95,1.47,0.009974525418581041,0.01788976939772046,3.2,0.035981326410275266,-0.48,-0.020000000000000018,-0.43878775690356003,0.3903559544791125
2019-08-29,90.95022583007812,0.0,17.8799991607666,1.95,1.5,0.02240639224015671,0.01872904642603249,3.2,0.035184079762248695,-0.44999999999999996,0.030000000000000027,-0.35200983504625855,0.33409873029556614
2019-08-30,91.483154296875,0.0,18.979999542236328,1.95,1.5,0.005842461312243489,0.0179879312558734,3.2,0.03497911746260492,-0.44999999999999996,0.0,-0.3325028290476946,0.3761959525228574
2019-09-03,90.400634765625,0.0,19.65999984741211,1.94,1.47,-0.01190356016967754,0.01813179522045347,3.2,0.0353979815329439,-0.47,-0.030000000000000027,-0.2933402210036422,0.4022196925540772
2019-09-04,91.4914779663086,0.0,17.329999923706055,1.93,1.47,0.011994541846605915,0.01714728552233164,3.2,0.034975935148609014,-0.45999999999999996,0.0,-0.5712549175389445,0.31305015567921657
2019-09-05,93.57331848144533,0.0,16.270000457763672,1.93,1.57,0.02249945292387723,0.017764569834555058,3.2,0.034197782572331546,-0.3599999999999999,0.10000000000000009,-0.7162336379422286,0.2724837760394522
2019-09-06,93.77316284179688,0.0,15.0,1.92,1.55,0.0021334207585757973,0.016978944357798453,3.2,0.03412490208311163,-0.3699999999999999,-0.020000000000000018,-0.7726367739344179,0.22388061880435595
2019-09-09,96.09647369384766,0.0,15.270000457763672,1.92,1.63,0.02447391652412504,0.0173915780683807,3.2,0.0332998691522733,-0.29000000000000004,0.07999999999999985,-0.7826184958803656,0.23421358728638594
2019-09-10,97.3205795288086,0.0,15.199999809265137,1.91,1.72,0.012657851606128524,0.017514187422958943,3.2,0.03288102080251941,-0.18999999999999995,0.09000000000000008,-0.7920844308752308,0.23153464925550998
2019-09-11,97.58704376220705,0.0,14.609999656677246,1.92,1.75,0.0027342634927332438,0.016779325166044728,3.2,0.032791238228278806,-0.16999999999999993,0.030000000000000027,-0.8314597497392926,0.20895523205163352
2019-09-12,98.1866226196289,0.0,14.220000267028809,1.91,1.79,0.006125243942310549,0.01658964246757615,3.2,0.03259099778181264,-0.11999999999999988,0.040000000000000036,-0.853570837652999,0.1940298817962072
2019-09-13,100.1185073852539,0.0,13.739999771118164,1.92,1.9,0.019484577983418013,0.013149661367609531,3.2,0.031962122524324774,-0.020000000000000018,0.10999999999999988,-0.8678167400991046,0.17566017221614144
2019-09-16,99.2274932861328,0.0,14.670000076293944,1.95,1.84,-0.008939432241226463,0.013569644166817784,3.2,0.03224912666867909,-0.10999999999999988,-0.05999999999999983,-0.8667076746285879,0.2112514594356277
2019-09-17,98.73619842529295,0.0,14.4399995803833,1.95,1.81,-0.00496349472200593,0.013129642580698125,3.2,0.032409592946007794,-0.1399999999999999,-0.030000000000000027,-0.8722197762407651,0.20244929704382858
2019-09-18,99.72712707519533,0.0,13.949999809265137,1.91,1.8,0.009986095740166524,0.013148617130188434,3.2,0.03208755825871897,-0.10999999999999988,-0.010000000000000009,-0.8898871858949258,0.18369691331417717
2019-09-19,99.41068267822266,0.0,14.050000190734863,1.89,1.79,-0.0031781474720602096,0.012671792745133276,3.2,0.032189699474833265,-0.09999999999999987,-0.010000000000000009,-0.9026441046600103,0.18752394678840226
2019-09-20,99.0110092163086,0.0,15.31999969482422,1.87,1.74,-0.004028531342768362,0.012819792562877243,3.2,0.03231963824355113,-0.13000000000000012,-0.050000000000000044,-0.9395757554935926,0.23612706752620247
2019-09-23,98.99435424804688,0.0,14.90999984741211,1.9,1.72,-0.00016822744606099892,0.012797630658348167,3.2,0.03232507575110664,-0.17999999999999994,-0.020000000000000018,-0.9541731052087583,0.22043629597701261
2019-09-24,97.70362854003906,0.0,17.049999237060547,1.88,1.64,-0.013124122740404138,0.011632327428257037,3.2,0.03275211010907989,-0.24,-0.08000000000000007,-0.9248160439234274,0.3023344765503048
2019-09-25,98.26154327392578,0.0,15.960000038146973,1.85,1.73,0.00569403467070775,0.011611946851363832,3.2,0.03256614839723505,-0.1200000000000001,0.09000000000000008,-0.907664375610411,0.2606200014671914
2019-09-26,97.45379638671876,0.0,16.06999969482422,1.79,1.7,-0.008254350168715093,0.011465619084563491,3.2,0.03283607328442777,-0.09000000000000008,-0.030000000000000027,-0.878983360443027,0.26482970909100206
2019-09-27,98.02838897705078,0.0,17.219999313354492,1.76,1.69,0.0058787376871938975,0.01140843962504373,3.2,0.03264360491274773,-0.07000000000000006,-0.010000000000000009,-0.8074018700239222,0.30884041155810976
2019-09-30,98.0033950805664,0.0,16.239999771118164,1.84,1.68,-0.0002549984099768758,0.010692801727674943,3.2,0.03265193004149858,-0.16000000000000014,-0.010000000000000009,-0.7776045529654819,0.271335644098807
2019-10-01,96.22137451171876,0.0,18.559999465942383,1.78,1.65,-0.018350600486735237,0.011690918331912003,3.2,0.03325664402778068,-0.13000000000000012,-0.030000000000000027,-0.6877087693325444,0.3601224703267859
2019-10-02,94.30609893798828,0.0,20.559999465942383,1.75,1.6,-0.020105657808435297,0.012313277794979604,3.2,0.033932057799402615,-0.1499999999999999,-0.04999999999999982,-0.5789426025271258,0.43666284783291837
2019-10-03,94.17179107666016,0.9,19.1200008392334,1.67,1.54,-0.001425184503614476,0.01211605967376997,4.1000000000000005,0.043537453765346915,-0.1299999999999999,-0.06000000000000005,-0.6368331913861917,0.3815538285846094
2019-10-04,96.21153259277344,0.0,17.040000915527344,1.68,1.52,0.021428552957261055,0.012024612028965303,4.1000000000000005,0.042614433940614274,-0.15999999999999992,-0.020000000000000018,-0.6907870922988064,0.3019518388980153
2019-10-07,96.0016860961914,0.0,17.860000610351562,1.71,1.56,-0.002183477092625188,0.012046961632094793,4.1000000000000005,0.04270758323860998,-0.1499999999999999,0.040000000000000036,-0.8563205528048318,0.33333338199639484
2019-10-08,93.86121368408205,0.0,20.280000686645508,1.68,1.54,-0.022548513741510737,0.011857361330886242,3.3000000000000003,0.035158292445558355,-0.1399999999999999,-0.020000000000000018,-0.9211548034116865,0.4259472416985988
2019-10-09,94.54115295410156,0.0,18.63999938964844,1.66,1.59,0.007217979627068791,0.011597878993842778,3.3,0.0349054342673619,-0.06999999999999984,0.050000000000000044,-0.9316562881274116,0.36318408250724765
2019-10-10,95.86737823486328,0.0,17.56999969482422,1.65,1.67,0.01393053892779527,0.012045179445310856,3.3,0.03442255395694045,0.020000000000000018,0.07999999999999985,-0.9451950484488669,0.3222349922206014
2019-10-11,97.48741149902344,0.0,15.579999923706056,1.65,1.76,0.01675749720854651,0.012565114172150445,3.3,0.03385052438317184,0.1100000000000001,0.09000000000000008,-0.9517853467499623,0.24607732536135074
2019-10-14,97.74763488769533,0.0,14.56999969482422,1.645,1.7650000000000001,0.002665746212966679,0.011747726554705755,3.3,0.033760407643534815,0.1200000000000001,0.0050000000000001155,-0.9329191740647598,0.2074244259614028
2019-10-15,100.69390106201172,0.0,13.539999961853027,1.64,1.77,0.029696229417967752,0.013377660262701969,3.3,0.03277259064546238,0.13000000000000012,0.004999999999999893,-0.9367044849121486,0.1680061417649874
2019-10-16,100.45886993408205,0.0,13.68000030517578,1.63,1.75,-0.002336843123973324,0.013334283006264241,3.3,0.03284926460117814,0.1200000000000001,-0.020000000000000018,-0.9425434231938472,0.1733639813294432
2019-10-17,101.0212631225586,0.0,13.789999961853027,1.63,1.76,0.005582631305249975,0.01321710302068612,3.3,0.032666390203381766,0.13000000000000012,0.010000000000000009,-0.9411126046369696,0.17757368895325396
2019-10-18,101.19754028320312,0.0,14.25,1.63,1.76,0.0017434304063315869,0.01319010686398793,3.3,0.03260948824215382,0.13000000000000012,0.0,-0.9368748632554349,0.19517797723955627
2019-10-21,103.70734405517578,0.0,14.0,1.64,1.8,0.02449848187601553,0.01410030588299964,3.3,0.0318203115706472,0.16000000000000014,0.040000000000000036,-0.9072948264325323,0.18561043005128972
2019-10-22,104.7481689453125,0.0,14.460000038146973,1.62,1.78,0.009986145481734087,0.014188623619521496,3.3,0.031504130651895994,0.15999999999999992,-0.020000000000000018,-0.8702069646832764,0.20321471833759203
2019-10-23,105.02518463134766,0.0,14.010000228881836,1.62,1.77,0.002641096615336474,0.013719351264059826,3.3,0.031421034979214155,0.1499999999999999,-0.010000000000000009,-0.8619158174550207,0.18599314069817144
2019-10-24,104.94963836669922,0.0,13.710000038146973,1.64,1.77,-0.0007195745359326343,0.013738063379942293,3.3,0.03144365289253915,0.13000000000000012,0.0,-0.8664536672153345,0.17451207677279235
2019-10-25,105.78902435302734,0.0,12.649999618530272,1.63,1.8,0.007966173975276932,0.01351991484106281,3.3,0.03119416234511822,0.17000000000000015,0.030000000000000027,-0.8840119714401978,0.1339456606357318
2019-10-28,106.1919403076172,0.0,13.109999656677246,1.62,1.85,0.003801439817433111,0.01351237227075258,3.3,0.031075804721531104,0.22999999999999998,0.050000000000000044,-0.8890074724397108,0.1515499489220342
2019-10-29,106.1247787475586,0.0,13.199999809265137,1.6,1.84,-0.0006326544852201201,0.013518301636769049,3.3,0.03109547118915352,0.24,-0.010000000000000009,-0.8930633604789743,0.15499427174937752
2019-10-30,105.53720092773438,0.0,12.329999923706056,1.59,1.78,-0.005552053610006138,0.012736028926435305,3.3,0.03126859506402529,0.18999999999999995,-0.06000000000000005,-0.8980771970344776,0.1216992119138855
2019-10-31,104.85729217529295,0.0,13.220000267028809,1.51,1.69,-0.006463202617429525,0.011731863229108155,3.3,0.03147134483010771,0.17999999999999994,-0.09000000000000008,-0.9004850870839303,0.15575969304314097
2019-11-01,107.27478790283205,0.0,12.300000190734863,1.49,1.73,0.022793350167289155,0.012242732870297587,3.3,0.030762120946713892,0.24,0.040000000000000036,-0.8944667805759177,0.12055111647053635
2019-11-04,108.1309585571289,0.0,12.829999923706056,1.5,1.79,0.007949418035928855,0.011747943894676472,3.3,0.030518549396346177,0.29000000000000004,0.06000000000000005,-0.8855408982586561,0.1408343062904186
2019-11-05,108.3659896850586,0.0,13.100000381469728,1.53,1.86,0.002171219706973824,0.011642355982859854,3.3,0.03045235880363118,0.33000000000000007,0.07000000000000006,-0.8659737334659733,0.15116727477244862
2019-11-06,108.53387451171876,0.0,12.619999885559082,1.53,1.81,0.0015480402517436193,0.00974467887215076,3.3,0.03040525379607348,0.28,-0.050000000000000044,-0.8532860796002261,0.13279756519238278
2019-11-07,109.12140655517578,0.0,12.729999542236328,1.53,1.92,0.005398752262012953,0.009749949105091216,3.3,0.030241545670797405,0.3899999999999999,0.10999999999999988,-0.8210531119481732,0.1370072728161935
2019-11-08,109.4404296875,0.0,12.06999969482422,1.52,1.94,0.002919296107461807,0.009644501220421951,3.3,0.030153390382539016,0.41999999999999993,0.020000000000000018,-0.8113621843650927,0.11174895407873721
2019-11-11,109.05427551269533,0.0,12.6899995803833,1.54,1.93,-0.003534681323290964,0.009561127245629526,3.3,0.03026016159830283,0.3899999999999999,-0.010000000000000009,-0.7635689902470135,0.13547646672596267
2019-11-12,108.41635131835938,0.0,12.68000030517578,1.56,1.92,-0.005866778731101797,0.009857135019919016,3.3,0.03043821305431788,0.3599999999999999,-0.010000000000000009,-0.7190046623145631,0.135093792576377
2019-11-13,107.8455581665039,0.0,13.0,1.54,1.88,-0.00527873335295133,0.008294769459766664,3.3,0.030599313092757097,0.33999999999999986,-0.040000000000000036,-0.734521008014228,0.14734024129822348
2019-11-14,107.9462890625,0.0,13.050000190734863,1.54,1.82,0.0009335932251933033,0.008214602662674939,3.3,0.030570759112333427,0.28,-0.05999999999999983,-0.7454727071403863,0.14925375803533603
2019-11-15,108.7269058227539,0.0,12.050000190734863,1.54,1.84,0.0072055072441205925,0.008243517170371521,3.3,0.030351272990143254,0.30000000000000004,0.020000000000000018,-0.7629321272556753,0.1109835692822698
2019-11-18,109.64185333251952,0.0,12.460000038146973,1.54,1.81,0.008379887924067601,0.008299809594858772,3.3,0.03009799542508488,0.27,-0.030000000000000027,-0.722137859370137,0.12667434083145956
2019-11-19,109.60828399658205,0.0,12.859999656677246,1.54,1.79,-0.00030621952267608193,0.0068472122369206195,3.3,0.030107213430171982,0.25,-0.020000000000000018,-0.6483158455112218,0.1419824017337676
2019-11-20,108.81088256835938,0.0,12.779999732971191,1.54,1.73,-0.007301602541956285,0.00695758428889436,3.3,0.030327848852129354,0.18999999999999995,-0.06000000000000005,-0.5797374197898915,0.138920789553306
2019-11-21,109.06265258789062,0.0,13.130000114440918,1.55,1.77,0.002311158456384617,0.006955990819310261,3.3,0.030257837322823406,0.21999999999999997,0.040000000000000036,-0.43762678114907005,0.15231537021579764
2019-11-22,109.78455352783205,0.0,12.34000015258789,1.55,1.77,0.006597329443977257,0.007006736095573439,3.3,0.030058873438542518,0.21999999999999997,0.0,-0.3344093144290616,0.12208192256076715
2019-11-25,110.37212371826172,0.0,11.869999885559082,1.58,1.76,0.005337758480460111,0.006920492154933563,3.3,0.029898853884733175,0.17999999999999994,-0.010000000000000009,-0.46593522779989016,0.10409492362758312
2019-11-26,110.5232162475586,0.0,11.539999961853027,1.57,1.74,0.0013680012704973816,0.006909528563580536,3.3,0.029857980178647717,0.16999999999999993,-0.020000000000000018,-0.5111304104472576,0.09146576425885496
2019-11-27,110.85059356689452,0.0,11.75,1.59,1.77,0.0029576900561673653,0.006888017751005852,3.3,0.029769799996682594,0.17999999999999994,0.030000000000000027,-0.5256361892858484,0.0995025053568907
2019-11-29,110.59876251220705,0.0,12.619999885559082,1.56,1.78,-0.0022743905667947616,0.006742149940468265,3.3,0.029837585204769094,0.21999999999999997,0.010000000000000009,-0.6244514271881539,0.13279756519238278
2019-12-02,110.35535430908205,0.0,14.90999984741211,1.57,1.83,-0.0022032474894917624,0.006528182094721599,3.3,0.029903397262967382,0.26,0.050000000000000044,-0.16864555371221382,0.22043629597701261
2019-12-03,108.93673706054688,0.0,15.960000038146973,1.54,1.72,-0.01293833288181378,0.005537695815564124,3.3,0.03029281112179691,0.17999999999999994,-0.1100000000000001,-0.221891485795864,0.2606200014671914
2019-12-04,111.08561706542967,0.0,14.800000190734863,1.52,1.77,0.01953390911248404,0.006739250058858379,3.3,0.029706816122345457,0.25,0.050000000000000044,-0.030035369920066408,0.2162265883532019
2019-12-05,111.68999481201172,0.0,14.520000457763672,1.51,1.8,0.005425901194913654,0.0067978503906100714,3.3,0.02954606637375455,0.29000000000000004,0.030000000000000027,0.12783159308978156,0.2055109457215863
2019-12-06,113.35199737548828,0.0,13.619999885559082,1.5,1.84,0.014770868005439006,0.007394674120987179,3.3,0.02911285267491551,0.3400000000000001,0.040000000000000036,0.16425162795970952,0.171067753945449
2019-12-09,112.82317352294922,0.0,15.859999656677246,1.51,1.83,-0.004676241110794734,0.00749396005417942,3.3,0.02924931019892603,0.32000000000000006,-0.010000000000000009,0.3385072051843155,0.2567929679929663
2019-12-10,112.8987274169922,0.0,15.68000030517578,1.53,1.85,0.0006694423230533614,0.007490066154987015,3.3,0.029229736025379878,0.32000000000000006,0.020000000000000018,0.4343408385739275,0.24990435883557566
2019-12-11,112.63008880615234,0.0,14.989999771118164,1.54,1.79,-0.0023823007843548727,0.00745562049424821,3.3,0.029299453058939075,0.25,-0.06000000000000005,0.47017507528531155,0.22349790815747422
2019-12-12,115.85336303710938,0.0,13.9399995803833,1.53,1.9,0.028216381157884135,0.009255880688402236,3.3,0.028484283179099134,0.3699999999999999,0.10999999999999988,0.40726716726884543,0.18331420266729545
2019-12-13,114.83770751953124,0.0,12.630000114440918,1.54,1.82,-0.008805387026985242,0.009446660730995371,3.3,0.028736205827156087,0.28,-0.07999999999999985,0.3028867546973168,0.1331802758392645
2019-12-16,115.28260803222656,0.0,12.140000343322754,1.54,1.89,0.003866682226173793,0.009436391728088692,3.3,0.02862530659505469,0.34999999999999987,0.06999999999999984,0.1772201177166799,0.11442789210961313
2019-12-17,115.9876708984375,0.0,12.289999961853027,1.53,1.89,0.006097325206119399,0.009415542902315182,3.3,0.02845129981866422,0.3599999999999999,0.0,0.030626867739734467,0.12016840582365462
2019-12-18,115.8701629638672,0.0,12.579999923706056,1.53,1.92,-0.0010136206542927027,0.00937412506130772,3.3,0.02848015326455584,0.3899999999999999,0.030000000000000027,-0.053334192183909966,0.13126675910215205
2019-12-19,115.291015625,0.0,12.5,1.54,1.92,-0.005010776932059946,0.009503157397617467,3.3,0.02862321909569872,0.3799999999999999,0.0,-0.11568778994315188,0.12820514692169038
2019-12-20,115.19866943359376,0.0,12.510000228881836,1.55,1.92,-0.0008013043735468052,0.009274223566537437,3.3,0.028646164198122825,0.3699999999999999,0.0,-0.18833389408112872,0.1285878575685721
2019-12-23,115.16510009765624,0.0,12.609999656677246,1.56,1.93,-0.0002914463176519365,0.009297272261235747,3.3,0.028654514233927706,0.3699999999999999,0.010000000000000009,-0.23768254794144753,0.13241485454550106
2019-12-24,115.48404693603516,0.0,12.670000076293944,1.55,1.9,0.00276564683440245,0.009252238251082477,3.3,0.0285753754527482,0.34999999999999987,-0.030000000000000027,-0.3227624795274637,0.13471108192949524
2019-12-26,116.70955657958984,0.0,12.649999618530272,1.55,1.9,0.010556027425624332,0.0094036330549455,3.3,0.028275319491506863,0.34999999999999987,0.0,-0.43369658209340894,0.1339456606357318
2019-12-27,116.79351806640624,0.0,13.43000030517578,1.54,1.88,0.0007191467655167741,0.009409150047210563,3.3,0.028254992696800967,0.33999999999999986,-0.020000000000000018,-0.5508123309954752,0.16379643414117664
2019-12-30,116.36540985107422,0.0,14.81999969482422,1.54,1.9,-0.003672247940550484,0.009508232138850535,3.3,0.028358942783971434,0.3599999999999999,0.020000000000000018,-0.6158253634386395,0.21699197314966934
2019-12-31,117.01177215576172,0.0,13.779999732971191,1.52,1.92,0.005539221545325996,0.009472598005910257,3.3,0.028202290583268515,0.3999999999999999,0.020000000000000018,-0.7022409901648914,0.17719097830637223
2020-01-02,118.43030548095705,0.0,12.470000267028809,1.51,1.88,0.012050101700011926,0.00961447998898911,3.3,0.027864489469974576,0.3699999999999999,-0.040000000000000036,-0.7038135279141778,0.1270570514783413
2020-01-03,116.86750030517578,0.9,14.020000457763672,1.49,1.8,-0.013283831114058826,0.009644019456593324,3.4000000000000004,0.02909277593104661,0.31000000000000005,-0.07999999999999985,-0.5879932804652557,0.18637585134505316
2020-01-06,116.77456665039062,0.0,13.850000381469728,1.53,1.81,-0.0007955216361269271,0.008931909838517322,3.4000000000000004,0.029115929071945965,0.28,0.010000000000000009,-0.5275263698289315,0.1798699163372483
2020-01-07,114.78929138183594,0.0,13.789999961853027,1.51,1.83,-0.017147096513444596,0.009857152684662245,3.4000000000000004,0.029619487663620256,0.32000000000000006,0.020000000000000018,-0.5031594457693013,0.17757368895325396
2020-01-08,115.68477630615234,0.0,13.449999809265137,1.51,1.87,0.007770847623160617,0.009490497346092983,3.4000000000000004,0.029390211128576836,0.3600000000000001,0.040000000000000036,-0.5199382552357299,0.16456181893764407
2020-01-09,116.10716247558594,0.0,12.539999961853027,1.51,1.85,0.003644532585441361,0.009416385014241416,3.4000000000000004,0.029283292498987083,0.3400000000000001,-0.020000000000000018,-0.39702496202447995,0.12973595301192117
2020-01-10,114.94984436035156,0.0,12.5600004196167,1.51,1.83,-0.01001768186578855,0.00973918962033881,3.4000000000000004,0.029578117473056158,0.32000000000000006,-0.020000000000000018,-0.14218595846440402,0.13050137430568462
2020-01-13,115.90441131591795,0.0,12.31999969482422,1.54,1.85,0.008269913787097292,0.00983891097400238,3.4000000000000004,0.029334517654661992,0.31000000000000005,0.020000000000000018,0.25385661724990466,0.12131650126700377
2020-01-14,117.25609588623048,0.0,12.390000343322754,1.54,1.82,0.011594585457390949,0.008082579858914413,3.4000000000000004,0.02899636026854333,0.28,-0.030000000000000027,0.2043457905512235,0.12399543929787968
2020-01-15,115.49894714355467,0.0,12.420000076293944,1.54,1.79,-0.015098982195747896,0.008550830181782543,3.4000000000000004,0.029437497778868147,0.25,-0.030000000000000027,0.2026592498302405,0.1251435347412287
2020-01-16,115.94664764404295,0.0,12.31999969482422,1.52,1.81,0.0038687369210733324,0.00855087336518302,3.4000000000000004,0.02932383185789058,0.29000000000000004,0.020000000000000018,0.16587893710611565,0.12131650126700377
2020-01-17,116.74919891357422,0.0,12.100000381469728,1.53,1.84,0.006897883770343585,0.008579870925231586,3.4000000000000004,0.029122255498445982,0.31000000000000005,0.030000000000000027,0.1151350240180301,0.11289708601938239
2020-01-21,115.6002960205078,0.0,12.850000381469728,1.53,1.78,-0.009889518005463276,0.008862390338475716,3.4000000000000004,0.029411689390456502,0.25,-0.06000000000000005,0.11180569586298998,0.14159972758418207
2020-01-22,115.4651336669922,0.0,12.90999984741211,1.52,1.77,-0.0011699055900707851,0.008795596927101388,3.4000000000000004,0.02944611842572137,0.25,-0.010000000000000009,0.08688550345320703,0.14389591847088015
2020-01-23,115.34684753417967,0.0,12.979999542236328,1.52,1.74,-0.0010249566989744407,0.008796842376805966,3.4000000000000004,0.029476314894453525,0.21999999999999997,-0.030000000000000027,0.054174593833494135,0.14657482000446004
2020-01-24,112.4830551147461,0.0,14.5600004196167,1.51,1.7,-0.02514106557928417,0.010376208897812447,3.4000000000000004,0.0302267750154154,0.18999999999999995,-0.040000000000000036,-0.27605834913301586,0.20704175181181708
2020-01-27,111.5368881225586,0.0,18.229999542236328,1.52,1.61,-0.008447217731525236,0.010454352839254954,3.4000000000000004,0.030483188631406172,0.09000000000000008,-0.08999999999999986,-0.6530559811441121,0.34749331095805774
2020-01-28,113.5643539428711,0.0,16.280000686645508,1.54,1.65,0.018014299965669577,0.011002292564121998,3.4000000000000004,0.029938971886463432,0.10999999999999988,0.039999999999999813,-0.6872865986272796,0.2728664866863339
2020-01-29,113.39541625976562,0.0,16.389999389648438,1.53,1.6,-0.0014887018448695064,0.010992568901025958,3.4000000000000004,0.029983575281484907,0.07000000000000006,-0.04999999999999982,-0.7254055032332989,0.2770761578128485
2020-01-30,114.79776000976562,0.0,15.489999771118164,1.54,1.57,0.012291002098066533,0.011373367540784291,3.4000000000000004,0.02961730263474452,0.030000000000000027,-0.030000000000000027,-0.7555900989626038,0.24263300253400732
2020-01-31,111.81566619873048,0.0,18.84000015258789,1.52,1.51,-0.02632029367975213,0.012569119907348937,3.4000000000000004,0.030407188148011077,-0.010000000000000009,-0.06000000000000005,-0.8229802581022015,0.37083814945569765
2020-02-03,112.66889190673828,0.0,17.969999313354492,1.54,1.54,0.007601679366095908,0.012353238352971134,3.4000000000000004,0.030176918779092562,0.0,0.030000000000000027,-0.8548606714302178,0.33754305312290944
2020-02-04,114.29085540771484,0.0,16.049999237060547,1.54,1.61,0.014293205146941598,0.012598914104163366,3.4000000000000004,0.02974866176187963,0.07000000000000006,0.07000000000000006,-0.8767816633192107,0.2640642877972386
2020-02-05,116.23384857177734,0.0,15.149999618530272,1.54,1.66,0.01685753537952296,0.013192495790801433,3.4000000000000004,0.029251375926870514,0.11999999999999988,0.04999999999999982,-0.8598292331867261,0.2296211325183974
2020-02-06,116.25078582763672,0.0,14.960000038146973,1.54,1.65,0.00014570645439079954,0.01260999783986346,3.4000000000000004,0.029247114123091854,0.10999999999999988,-0.010000000000000009,-0.8317025208170329,0.22234981271412516
2020-02-07,115.87907409667967,0.0,15.470000267028809,1.53,1.59,-0.0032026215739080306,0.01252517379897343,3.4000000000000004,0.02934093171268635,0.06000000000000005,-0.05999999999999983,-0.8026625153165465,0.24186761773753998
2020-02-10,116.360595703125,0.0,15.039999961853027,1.55,1.56,0.0041467704192727,0.012532797733482174,3.4000000000000004,0.029219513525648694,0.010000000000000009,-0.030000000000000027,-0.7685772648983431,0.22541142489458676
2020-02-11,116.58023071289062,0.0,15.18000030517578,1.54,1.59,0.0018857585270183608,0.012319503800618914,3.4000000000000004,0.029164464499760612,0.050000000000000044,0.030000000000000027,-0.7547611628945196,0.23076926445904256
2020-02-12,116.58023071289062,0.0,13.739999771118164,1.55,1.62,0.0,0.012195998999271216,3.4000000000000004,0.029164464499760612,0.07000000000000006,0.030000000000000027,-0.7566958668552642,0.17566017221614144
2020-02-13,116.47888946533205,0.0,14.149999618530272,1.56,1.61,-0.0008696613448828375,0.011917787694298052,3.4000000000000004,0.029189838739078572,0.050000000000000044,-0.010000000000000009,-0.7342813857997006,0.19135094376533116
2020-02-14,116.12405395507812,0.0,13.68000030517578,1.55,1.59,-0.0030509999597415197,0.011451465636735866,3.4000000000000004,0.029279032932447133,0.040000000000000036,-0.020000000000000018,-0.7523665047779333,0.1733639813294432
2020-02-18,114.5865478515625,0.0,14.829999923706056,1.55,1.55,-0.01332863642356611,0.011790173669423766,3.4000000000000004,0.029671894858063288,0.0,-0.040000000000000036,-0.7534317622019825,0.21737468379655106
2020-02-19,116.1494140625,0.0,14.380000114440918,1.55,1.56,0.013547000645180206,0.012086089585830115,3.4000000000000004,0.029272640137215505,0.010000000000000009,0.010000000000000009,-0.7384117884791951,0.20015310615713042
2020-02-20,116.1494140625,0.0,15.5600004196167,1.55,1.52,0.0,0.011882471450759836,3.4000000000000004,0.029272640137215505,-0.030000000000000027,-0.040000000000000036,-0.7317793568205552,0.2453119405648833
2020-02-21,114.73017120361328,0.0,17.079999923706055,1.53,1.46,-0.012294380501110726,0.012191745899063659,3.4000000000000004,0.02963475051358523,-0.07000000000000006,-0.06000000000000005,-0.7371576008432738,0.30348260849095
2020-02-24,111.64671325683594,0.0,25.030000686645508,1.5,1.38,-0.02724349410223592,0.01353745193160636,3.4000000000000004,0.030453202793158125,-0.1200000000000001,-0.08000000000000007,-0.7214512789434198,0.6077306382756634
2020-02-25,106.66248321533205,0.0,27.850000381469727,1.5,1.33,-0.045670053437990424,0.01586681835484767,3.4000000000000004,0.03187625018195031,-0.16999999999999993,-0.04999999999999982,-0.9030337348455246,0.7156525588801753
2020-02-26,106.98350524902344,0.0,27.559999465942383,1.5,1.33,0.0030051795270990347,0.015850080495424846,3.4000000000000004,0.03178060012228882,-0.16999999999999993,0.0,-0.9413686600501308,0.704554169104382
2020-03-02,102.65821838378906,0.0,33.41999816894531,1.1,1.1,-0.04126946357738503,0.017321175106863557,3.4000000000000004,0.033119608478778165,0.0,-0.22999999999999998,-0.9684199013895698,0.9288174255610273
2020-03-04,101.24742889404295,0.0,31.989999771118164,0.71,1.02,-0.013837890424853195,0.01741224490646183,3.4000000000000004,0.03358109965990499,0.31000000000000005,-0.08000000000000007,-0.973627286180242,0.8740911169596001
2020-04-27,80.76409912109375,0.0,33.290000915527344,0.12,0.67,-0.22603476304474454,0.050856508896035,3.4000000000000004,0.042097912773127154,0.55,-0.35,-0.8562611291072615,0.9238424061353414
2020-04-28,81.33601379394531,0.0,33.56999969482422,0.11,0.62,0.007056343584575237,0.05106341268716991,3.4000000000000004,0.041801901044886194,0.51,-0.050000000000000044,-0.8648416174461097,0.934558012269661
2020-04-29,83.52967071533203,0.0,31.229999542236328,0.1,0.63,0.026613014082441603,0.05165217611739108,3.4000000000000004,0.04070409916480042,0.53,0.010000000000000009,-0.8674839662582361,0.8450057647479187
2020-04-30,81.73717498779297,0.0,34.150001525878906,0.09,0.64,-0.021692990060411584,0.05125327187530883,3.4000000000000004,0.04159673980055921,0.55,0.010000000000000009,-0.8809798843673682,0.9567547918212479
2020-05-05,78.52778625488281,0.0,33.61000061035156,0.13,0.66,-0.040056389399128665,0.050934730130683885,3.4000000000000004,0.04329677636606737,0.53,0.020000000000000018,-0.8843472816482592,0.936088854857188
2020-05-06,77.05110931396484,0.0,34.119998931884766,0.12,0.72,-0.01898356819943527,0.05075205827330601,3.4000000000000004,0.04412655483188196,0.6,0.05999999999999994,-0.8871288874586418,0.9556065868860105
2020-05-07,77.85346984863281,0.0,31.440000534057617,0.11,0.63,0.010359509250564381,0.05105631972967508,3.4000000000000004,0.04367178504195735,0.52,-0.08999999999999997,-0.8798646127243924,0.8530425423432505
2020-05-08,79.12527465820312,0.0,27.979999542236328,0.12,0.69,0.01620388341303225,0.05139557483257687,3.4000000000000004,0.04296983504559012,0.57,0.05999999999999994,-0.8581682376911651,0.7206276513004534
2020-05-11,76.79505920410156,0.0,27.56999969482422,0.12,0.73,-0.029892046847811368,0.05123709839069219,3.4000000000000004,0.04427368160448542,0.61,0.040000000000000036,-0.8286319118737382,0.7049368797512636
2020-05-12,74.28557586669922,0.0,33.040000915527344,0.13,0.69,-0.0332235056186961,0.05110538437723617,3.4000000000000004,0.045769316052702964,0.5599999999999999,-0.040000000000000036,-0.8217447905668772,0.9142748589470749
2020-05-13,71.72488403320312,0.0,35.279998779296875,0.13,0.64,-0.0350790541447383,0.05096125273537787,3.4000000000000004,0.04740335304586984,0.51,-0.04999999999999993,-0.8174985895054604,1.0
2020-05-14,74.70384216308594,0.0,32.61000061035156,0.12,0.63,0.04069378035473244,0.05268614472306391,3.4000000000000004,0.045513053968194314,0.51,-0.010000000000000009,-0.8017651503182264,0.8978186661041216
2020-05-15,73.32105255126953,0.0,31.88999938964844,0.12,0.64,-0.018683746945095746,0.052660080471009944,3.4000000000000004,0.046371401960201813,0.52,0.010000000000000009,-0.7777453573685607,0.8702640834853752
2020-05-18,77.20475769042969,0.0,29.299999237060547,0.13,0.73,0.051613304795743435,0.054539780322216326,3.4000000000000004,0.04403873675289657,0.6,0.08999999999999997,-0.7266459080293366,0.7711442887753661
2020-05-19,75.68541717529297,0.0,30.530000686645508,0.13,0.7,-0.019875581052475142,0.05435755869027465,3.4000000000000004,0.04492278865458786,0.57,-0.030000000000000027,-0.6470543640938838,0.8182166764175276
2020-05-20,77.95590209960938,0.0,27.989999771118164,0.12,0.68,0.02955780692365727,0.05542613306075513,3.4000000000000004,0.04361440132724777,0.56,-0.019999999999999907,-0.4657652696299878,0.7210103619473351
2020-05-21,76.96577453613281,0.0,29.530000686645508,0.12,0.68,-0.01278247262082414,0.055400618366772895,3.4000000000000004,0.04417547956207231,0.56,0.0,-0.2712362943961182,0.7799464876644614
2020-05-22,76.3682861328125,0.0,28.15999984741211,0.12,0.66,-0.007793329476801004,0.05506045651021387,3.4000000000000004,0.04452109864148374,0.54,-0.020000000000000018,-0.09935262150630084,0.7275162969551401
2020-05-26,81.78839874267578,0.0,28.01000022888184,0.14,0.69,0.06856790186924028,0.057968556198574286,3.4000000000000004,0.04157068792478925,0.5499999999999999,0.029999999999999916,0.12301051743859868,0.7217757832410988
2020-05-27,86.52567291259766,0.0,27.6200008392334,0.15,0.68,0.05630575769087442,0.05946274681212553,3.4000000000000004,0.0392946958463351,0.53,-0.009999999999999898,-0.0886337010257903,0.7068504329856723
2020-05-28,85.2367935180664,0.0,28.59000015258789,0.15,0.7,-0.015007977160833422,0.05946889962408344,3.4000000000000004,0.03988887732243648,0.5499999999999999,0.019999999999999907,-0.32598723267634844,0.7439724897980933
2020-05-29,83.06021881103516,0.0,27.51000022888184,0.14,0.65,-0.025867316846705353,0.032925629830282126,3.4000000000000004,0.0409341565513464,0.51,-0.04999999999999993,-0.4102904863724971,0.7026406888645658
2020-06-01,84.16130065917969,0.0,28.229999542236328,0.14,0.66,0.013169330898194241,0.033005667034611406,3.4000000000000004,0.04039861519926681,0.52,0.010000000000000009,-0.4992855127106744,0.7301951984887199
2020-06-02,84.44297790527344,0.0,26.84000015258789,0.15,0.68,0.003341285411617528,0.03251175475190497,3.4000000000000004,0.04026385715357004,0.53,0.020000000000000018,-0.5807168509617049,0.6769996594802274
2020-06-03,89.00099182128906,0.0,25.65999984741211,0.16,0.77,0.05257102484735781,0.03398078245848276,2.6000000000000005,0.029213157592903136,0.61,0.08999999999999997,-0.7297937697656812,0.6318408250724745
2020-06-04,90.85323333740234,0.0,25.809999465942383,0.15,0.82,0.020597870324228655,0.03259342769970132,2.6000000000000005,0.028617583595999942,0.6699999999999999,0.04999999999999993,-0.7831242190084095,0.637581338786516
2020-06-05,94.94182586669922,0.0,24.520000457763672,0.15,0.91,0.04401896068040468,0.03298493307083742,2.6000000000000005,0.027385190628737937,0.76,0.09000000000000008,-0.8369791557177376,0.5882128332522486
2020-06-08,96.83672332763672,0.0,25.809999465942383,0.17,0.88,0.01976195082398801,0.03305461505017161,2.6000000000000005,0.02684931821993995,0.71,-0.030000000000000027,-0.8285103682575506,0.637581338786516
2020-06-09,94.35285949707033,0.0,27.56999969482422,0.19,0.84,-0.025984716867654453,0.033953457603090334,2.6000000000000005,0.02755613358046378,0.6499999999999999,-0.040000000000000036,-0.8100361272827841,0.7049368797512636
2020-06-10,90.52886962890624,0.0,27.56999969482422,0.17,0.75,-0.04137277743031734,0.03468507631605172,2.6000000000000005,0.028720120008764696,0.58,-0.08999999999999997,-0.8356194195474226,0.7049368797512636
2020-06-15,86.42324829101562,0.0,34.400001525878906,0.18,0.71,-0.04641208420264442,0.03557368738430681,2.6000000000000005,0.03008449753294324,0.53,-0.040000000000000036,-0.6879030702941901,0.9663223390095145
2020-06-16,87.11463165283203,0.0,33.66999816894531,0.17,0.75,0.007968139522071692,0.03423010493775277,2.6000000000000005,0.029845732578672696,0.58,0.040000000000000036,-0.5233790806563972,0.9383849727492939
2020-06-17,84.91246032714844,0.0,33.470001220703125,0.17,0.74,-0.02560400928263082,0.0342429944943746,2.6000000000000005,0.030619769936977338,0.57,-0.010000000000000009,-0.42479638006970766,0.9307310517900281
2020-06-18,84.45150756835938,0.0,32.939998626708984,0.16,0.71,-0.005443352593692687,0.033883870630615986,2.6000000000000005,0.03078689859852919,0.5499999999999999,-0.030000000000000027,-0.34834208898571006,0.9104477524782576
2020-06-19,83.48699951171875,0.0,35.119998931884766,0.15,0.7,-0.011486569438492767,0.032473115576877744,2.6000000000000005,0.031142573277352585,0.5499999999999999,-0.010000000000000009,-0.3473520867558671,0.9938767756390767
2020-06-22,82.58221435546875,0.0,31.770000457763672,0.16,0.71,-0.010896590496052122,0.03220483262773634,2.6000000000000005,0.031483776746509866,0.5499999999999999,0.010000000000000009,-0.3488123027324638,0.8656717017119787
2020-06-23,83.58941650390625,0.0,31.3700008392334,0.16,0.72,0.012122580464691217,0.03173850373941923,2.6000000000000005,0.031104416189799564,0.5599999999999999,0.010000000000000009,-0.4068380877179692,0.8503636408096706
2020-06-24,80.79827117919922,0.0,33.84000015258789,0.15,0.69,-0.03396134623226619,0.03260062146596349,2.6000000000000005,0.03217890633122045,0.5399999999999999,-0.030000000000000027,-0.476300511190399,0.944890980751691
2020-06-25,83.61499786376953,0.0,32.220001220703125,0.16,0.68,0.03426733528356764,0.033234486724930866,2.6000000000000005,0.03109490003499221,0.52,-0.009999999999999898,-0.592513268311029,0.8828933158486953
2020-06-26,79.0313949584961,0.0,34.72999954223633,0.14,0.64,-0.05637772622399592,0.03232868231979747,2.6000000000000005,0.032898318464015586,0.5,-0.040000000000000036,-0.6820115962096738,0.9789514253836504
2020-06-29,79.38135528564453,0.0,31.780000686645508,0.14,0.64,0.004418342537816746,0.029541836311778785,2.6000000000000005,0.03275328306809835,0.5,0.0,-0.6843838609349995,0.8660544123588604
2020-06-30,80.28614044189453,0.0,30.43000030517578,0.16,0.66,0.011333488220923423,0.02961483047044001,2.6000000000000005,0.03238416974199548,0.5,0.020000000000000018,-0.673480796105377,0.8143896429433025
2020-07-01,79.60327911376953,0.0,28.6200008392334,0.14,0.69,-0.008541721920964982,0.029179655232733654,2.6000000000000005,0.032661971076393265,0.5499999999999999,0.029999999999999916,-0.6536354590171473,0.7451206217387385
2020-07-02,79.86184692382812,0.9,27.68000030517578,0.14,0.68,0.0032429414893337164,0.029001078148519814,3.5000000000000004,0.043825683161801715,0.54,-0.009999999999999898,-0.6005122677701161,0.7091466238723704
2020-07-06,81.87865447998047,0.0,27.940000534057617,0.15,0.69,0.02494009944151357,0.029595392183815763,3.5,0.0427461836327044,0.5399999999999999,0.009999999999999898,-0.5893703881148944,0.7190968817075187
2020-07-07,79.56880187988281,0.0,29.43000030517578,0.15,0.65,-0.02861624798840004,0.027404928798054045,3.5,0.04398708937811588,0.5,-0.039999999999999925,-0.5442964442789694,0.7761194541902363
2020-07-08,80.4134521484375,0.0,28.07999992370605,0.15,0.67,0.010559397627453703,0.027014746982841616,3.5,0.04352505590158286,0.52,0.020000000000000018,-0.4590098060854246,0.7244546847746784
2020-07-09,78.67245483398438,0.0,29.26000022888184,0.13,0.62,-0.021888385419504608,0.02466205110706847,3.5,0.04448825204940846,0.49,-0.050000000000000044,-0.28624664681753303,0.7696135191824316
2020-07-10,82.9732437133789,0.0,27.290000915527344,0.13,0.65,0.05322509887796584,0.02752494038368702,3.5,0.042182272782902513,0.52,0.030000000000000027,-0.05375383755516422,0.6942212736169441
2020-07-13,84.16263580322266,0.0,32.189998626708984,0.14,0.64,0.014232876526798114,0.02756319889881333,3.5,0.04158615003673616,0.5,-0.010000000000000009,0.18472209032513645,0.881745110913458
2020-07-14,84.64529418945312,0.0,29.520000457763672,0.15,0.63,0.005718448197557242,0.026384249528866706,3.5,0.041349020444849525,0.48,-0.010000000000000009,0.4332306602934971,0.7795637770175796
2020-07-15,85.9553451538086,0.0,27.76000022888184,0.16,0.64,0.015358403351746068,0.024716394826192582,3.5,0.04071881735495444,0.48,0.010000000000000009,0.23224917640239953,0.7122082360528323
2020-07-16,86.19666290283203,0.0,28.0,0.11,0.62,0.002803544493124526,0.024656065877675364,3.5,0.04060482021149111,0.51,-0.020000000000000018,0.03332318380895783,0.7213930725942168
2020-07-17,84.60220336914062,0.0,25.68000030517578,0.11,0.64,-0.018671152670527318,0.024347673479913286,3.5,0.04137008092719078,0.53,0.020000000000000018,-0.12351891675061365,0.632606246366238
2020-07-20,83.86100769042969,0.0,24.459999084472656,0.13,0.62,-0.00879955281321726,0.024394958176028103,3.5,0.04173572553432868,0.49,-0.020000000000000018,-0.23393370373159073,0.5859165693709583
2020-07-21,85.67955017089844,0.0,24.84000015258789,0.13,0.61,0.021453418007187627,0.024699120782385554,3.5,0.040849887668864014,0.48,-0.010000000000000009,-0.3997833568750538,0.600459281974095
2020-07-22,85.0589828491211,0.0,24.31999969482422,0.13,0.6,-0.007269244305453504,0.024622607027190074,3.5,0.04114791739525445,0.47,-0.010000000000000009,-0.4619624701050336,0.5805587663037984
2020-07-23,85.30892944335938,0.0,26.07999992370605,0.12,0.59,0.002934200110829103,0.024504027279025044,3.5,0.04102735813047349,0.47,-0.010000000000000009,-0.5189808504442466,0.647914307268546
2020-07-24,84.70561218261719,0.0,25.84000015258789,0.11,0.59,-0.007097272826885234,0.02325885129666998,3.5,0.041319576233677824,0.48,0.0,-0.5262397462992787,0.6387294707271611
2020-07-27,83.51622009277344,0.0,24.739999771118164,0.11,0.62,-0.014140993397694394,0.022306209894708526,3.5,0.041908026921142365,0.51,0.030000000000000027,-0.5816487392383429,0.59663224849987
2020-07-28,83.87821197509766,0.0,25.440000534057617,0.11,0.59,0.0043250237434082125,0.018197477338770404,3.5,0.041727165107419126,0.48,-0.030000000000000027,-0.5221873107069954,0.6234214098248532
2020-07-29,85.91223907470703,0.0,24.100000381469727,0.11,0.58,0.02396040999431097,0.018773093571344,3.5,0.04073924783820954,0.47,-0.010000000000000009,-0.49631226212914203,0.5721393510561771
2020-07-30,83.61964416503906,0.0,24.76000022888184,0.09,0.55,-0.02704782879965489,0.019837555666949912,3.5,0.041856193421393816,0.4600000000000001,-0.029999999999999916,-0.44255942338802967,0.5973976697936335
2020-07-31,83.29215240478516,0.0,24.459999084472656,0.09,0.55,-0.003924134629586051,0.01974095271512933,3.5,0.04202076544967427,0.4600000000000001,0.0,-0.39545086390546524,0.5859165693709583
2020-08-03,82.82670593261719,0.0,24.280000686645508,0.1,0.56,-0.005603791102828549,0.019810893125526672,3.5,0.042256902053395544,0.4600000000000001,0.010000000000000009,-0.3554725795756993,0.5790279967108637
2020-08-04,82.35267639160156,0.0,23.76000022888184,0.09,0.52,-0.005739588508802834,0.019133807842459636,3.5,0.04250013664834498,0.43000000000000005,-0.040000000000000036,-0.284331553737721,0.5591274810405673
2020-08-05,83.78340148925781,0.0,22.989999771118164,0.1,0.55,0.017223958651327663,0.018268226952825126,3.5,0.04177438415947756,0.45000000000000007,0.030000000000000027,-0.16070225512348985,0.529659418182004
2020-08-06,83.80924224853516,0.0,22.649999618530277,0.1,0.55,0.00030837582015293775,0.018177653237498523,3.5,0.04176150393557787,0.45000000000000007,0.0,-0.07094409446473217,0.5166475481663942
2020-08-07,85.65367889404297,0.0,22.209999084472656,0.1,0.57,0.021768885724068036,0.01780532087879373,3.5,0.040862226178628475,0.47,0.019999999999999907,0.17533191431797437,0.4998086446765592
2020-08-10,86.73966979980469,0.0,22.1299991607666,0.11,0.59,0.0125991551261677,0.013994237095831674,3.5,0.040350626282968406,0.48,0.020000000000000018,0.08304950407867275,0.4967470324960976
2020-08-11,89.48043060302734,0.0,24.030000686645508,0.11,0.64,0.031108617273886443,0.015160860831753635,3.5,0.03911469777707559,0.53,0.050000000000000044,0.05999768988235699,0.5694604495225972
2020-08-12,88.72196197509766,0.0,22.280000686645508,0.11,0.69,-0.008512491858235414,0.015346321229342607,3.5,0.03944908252798078,0.58,0.04999999999999993,-0.07493990443232547,0.5024876192047313
2020-08-13,88.23070526123047,0.0,22.1299991607666,0.1,0.71,-0.005552422392209818,0.015129432765004973,3.5,0.03966872971985568,0.61,0.020000000000000018,-0.24909529997546678,0.4967470324960976
2020-08-14,88.26519012451172,0.0,22.049999237060547,0.1,0.71,0.0003907724159218392,0.01512615952121054,3.5,0.03965323130288065,0.61,0.0,-0.464044320770595,0.493685420315636
2020-08-17,85.9381103515625,0.0,21.350000381469727,0.1,0.69,-0.026718416949809375,0.01574224726850875,3.5,0.04072698347312874,0.59,-0.020000000000000018,-0.45590322625245183,0.46689633198524494
2020-08-18,84.7400894165039,0.0,21.51000022888184,0.09,0.67,-0.014038589724041511,0.01594134092601934,3.5,0.041302765008864185,0.5800000000000001,-0.019999999999999907,-0.3982017806059317,0.4730195563461683
2020-08-19,84.93832397460938,0.0,22.540000915527344,0.11,0.68,0.0023365924319401557,0.015214008054329412,3.5,0.04120636994257451,0.5700000000000001,0.010000000000000009,-0.40336376990919826,0.5124378770398795
2020-08-20,83.92131042480469,0.0,22.71999931335449,0.11,0.65,-0.012045813683287564,0.015356662156766511,3.5,0.041705735793247364,0.54,-0.030000000000000027,-0.3803017899382571,0.5193264496999739
2020-08-21,83.87821197509766,0.0,22.540000915527344,0.1,0.64,-0.0005136897893194237,0.015334940629379226,3.5,0.041727165107419126,0.54,-0.010000000000000009,-0.3987766542085366,0.5124378770398795
2020-08-24,86.23974609375,0.0,22.3700008392334,0.12,0.65,0.02776527363073044,0.01646515598563669,3.5,0.04058453507267055,0.53,0.010000000000000009,-0.43100565887919845,0.5059319420320746
2020-08-25,86.61898803710938,0.0,22.030000686645508,0.11,0.69,0.004387889958195088,0.01611410908043568,3.5,0.04040684472670735,0.58,0.039999999999999925,-0.4136429160048414,0.4929200720164647
2020-08-26,85.40373229980469,0.0,23.270000457763672,0.11,0.69,-0.014129249348284896,0.01646528949828342,3.5,0.04098181549857165,0.58,0.0,-0.3853780172348118,0.5403750973109158
2020-08-27,88.21347045898438,0.0,24.46999931335449,0.11,0.74,0.032369874059283654,0.01714354063807731,3.5,0.03967648004084995,0.63,0.050000000000000044,-0.27177345451666085,0.5862992800178398
2020-08-28,88.57545471191406,0.0,22.959999084472656,0.1,0.74,0.004095106731935486,0.01587233198527277,3.5,0.03951433285195683,0.64,0.0,-0.18568289466919108,0.5285112862413589
2020-08-31,86.35181427001953,0.0,26.40999984741211,0.11,0.72,-0.025424969349041232,0.016978713153378996,3.5,0.04053186409095708,0.61,-0.020000000000000018,-0.03201150977368363,0.6605434666372741
2020-09-01,86.3087158203125,0.0,26.1200008392334,0.12,0.68,-0.000499227595091901,0.016905031672097597,3.5,0.040552103767674014,0.56,-0.039999999999999925,0.06966030579791481,0.6494451498560729
2020-09-02,87.61014556884766,0.0,26.56999969482422,0.12,0.66,0.014966220800638053,0.017036761384355167,2.7,0.030818348519672634,0.54,-0.020000000000000018,0.2046615999678449,0.6666666909981974
2020-09-03,87.3343505859375,0.0,33.599998474121094,0.11,0.63,-0.003152945276320451,0.01676100836689281,2.7,0.030915670430768073,0.52,-0.030000000000000027,0.20768503410576813,0.935706071215714
2020-09-04,89.22186279296875,0.0,30.75,0.11,0.72,0.021382245174365152,0.017278997981953266,2.7,0.030261641210799484,0.61,0.08999999999999997,0.3213163253455128,0.826636091665149
2020-09-08,86.11909484863281,0.0,31.459999084472656,0.13,0.69,-0.03539494603946201,0.018621627324046427,2.7,0.03135193193502154,0.5599999999999999,-0.030000000000000027,0.22935260089760875,0.8538078906424218
2020-09-09,86.93787384033203,0.0,28.809999465942383,0.12,0.71,0.009462607688246723,0.018530046678742373,2.7,0.03105666012673319,0.59,0.020000000000000018,0.22732711793353597,0.7523919050457147
2020-09-10,86.0415267944336,0.0,29.709999084472656,0.12,0.68,-0.010363720366717922,0.017225019118215078,2.7,0.031380196291155016,0.56,-0.029999999999999916,0.2255059649007486,0.7868350603245559
2020-09-11,87.11026000976562,0.0,26.8700008392334,0.11,0.67,0.012344623258236237,0.01742280714364422,2.7,0.03099520079147178,0.56,-0.010000000000000009,0.30069542730448734,0.6781477914208726
2020-09-14,88.31690979003906,0.0,25.850000381469727,0.11,0.68,0.01375692045594374,0.01767125711588566,2.7,0.030571721841478234,0.5700000000000001,0.010000000000000009,0.3623324501876196,0.6391121813740429
2020-09-15,85.56748962402344,0.0,25.59000015258789,0.11,0.68,-0.0316261762305738,0.01897326153313926,2.7,0.03155404011340732,0.5700000000000001,0.0,0.4380087157884181,0.6291619235388947
2020-09-16,85.92948150634766,0.0,26.040000915527344,0.12,0.69,0.004221560503879438,0.018096300149954888,2.7,0.03142111359999943,0.57,0.009999999999999898,0.4312526993529418,0.6463835376756113
2020-09-17,84.94692993164062,0.0,26.459999084472656,0.09,0.69,-0.01150026964470388,0.018006128462626288,2.7,0.03178455068561951,0.6,0.0,0.3655617299285573,0.6624569468770906
2020-09-18,84.76593017578125,0.0,25.82999992370605,0.1,0.7,-0.002133012482023955,0.018004985114307127,2.7,0.031852419886161124,0.6,0.010000000000000009,0.32123452171293215,0.6383467600802795
2020-09-21,82.14581298828125,0.0,27.780000686645508,0.1,0.68,-0.031397819973138175,0.019108549649581134,2.7,0.03286838247477296,0.5800000000000001,-0.019999999999999907,0.14315514428968962,0.7129736573465955
2020-09-22,81.24947357177734,0.0,26.86000061035156,0.1,0.68,-0.010971533227513451,0.019230624379013687,2.7,0.03323098453819234,0.5800000000000001,0.0,0.029326844114113362,0.6777650807739909
2020-09-23,79.93079376220703,0.0,28.57999992370605,0.11,0.68,-0.01636315976668712,0.018257369300511684,2.7,0.0337792216605838,0.5700000000000001,0.0,-0.0517075063318488,0.7435897791512116
2020-09-24,79.86184692382812,0.0,28.51000022888184,0.1,0.67,-0.0008629539177969646,0.018178033128938682,2.7,0.033808384153389895,0.5700000000000001,-0.010000000000000009,-0.07757564617901451,0.740910877617632
2020-09-25,80.55997467041016,0.0,26.3799991607666,0.1,0.66,0.008703705603530237,0.0182163811061186,2.7,0.033515402792097894,0.56,-0.010000000000000009,-0.04610346673530938,0.659395334696629
2020-09-28,82.87843322753906,0.0,26.190000534057617,0.11,0.67,0.028372940233293068,0.01784791180793607,2.7,0.03257783593214498,0.56,0.010000000000000009,0.03785872697543862,0.6521240513896528
2020-09-29,82.1802978515625,0.0,26.270000457763672,0.09,0.66,-0.008459286395742694,0.017809621808834036,2.7,0.03285459009745686,0.5700000000000001,-0.010000000000000009,0.20647762983062243,0.6551856635701144
2020-09-30,82.9732437133789,0.0,26.3700008392334,0.1,0.69,0.00960260309794806,0.01729306556086086,2.7,0.0325406104325248,0.59,0.029999999999999916,0.24048165217692952,0.6590126970443395
2020-10-01,83.57654571533203,0.0,26.700000762939453,0.09,0.68,0.007244736156950951,0.017406635621865424,2.7,0.03230571420355661,0.5900000000000001,-0.009999999999999898,0.27347443478561617,0.6716418564130676
2020-10-02,84.3694839477539,0.0,27.6299991607666,0.09,0.7,0.009442844537833044,0.01718520400283708,2.7,0.03200209215066415,0.61,0.019999999999999907,0.3147495973403684,0.7072330706379618
2020-10-05,86.15272521972656,0.9,27.959999084472656,0.1,0.78,0.020915824278902925,0.017878712463592277,3.6,0.04178625796013358,0.68,0.08000000000000007,0.21968009007096517,0.7198622300066899
2020-10-06,85.26547241210938,0.0,29.479999542236328,0.1,0.76,-0.010352001634825051,0.017253702007960954,3.6,0.042221076106871244,0.66,-0.020000000000000018,0.06754707371817563,0.7780329344300527
2020-10-07,86.7529525756836,0.0,28.059999465942383,0.1,0.81,0.017294859436664468,0.01596169843788385,3.6,0.04149714670355856,0.7100000000000001,0.050000000000000044,-0.01683894424522971,0.723689263480915
2020-10-08,88.53619384765625,0.0,26.36000061035156,0.09,0.78,0.020346984736107635,0.016441915988678023,3.6,0.04066133683354969,0.6900000000000001,-0.030000000000000027,-0.1432307176746967,0.6586299863974577
2020-10-09,88.03166198730469,0.0,25.0,0.1,0.79,-0.005714893360773539,0.016313936405536796,3.6,0.040894377303920114,0.6900000000000001,0.010000000000000009,-0.34384403431665655,0.6065825063350182
2020-10-12,89.1103286743164,0.0,25.06999969482422,0.10500000000000001,0.765,0.012178704951287585,0.0163082518550903,3.6,0.04039935721881812,0.66,-0.025000000000000022,-0.4323981731862241,0.6092614078685982
2020-10-13,87.66632843017578,0.0,26.06999969482422,0.11,0.74,-0.016337364737673842,0.016460215488147016,3.6,0.04106479721991913,0.63,-0.025000000000000022,-0.4216890884450167,0.6475315966216643
2020-10-14,87.1791763305664,0.0,26.399999618530277,0.12,0.73,-0.00557238644301343,0.014892334679263127,3.6,0.0412942648867145,0.61,-0.010000000000000009,-0.42059275949736036,0.6601607559903927
2020-10-15,88.48400115966797,0.0,26.96999931335449,0.11,0.74,0.01485625896646246,0.015189197604733314,3.6,0.04068532110685024,0.63,0.010000000000000009,-0.3871504762654981,0.6819747519005055
2020-10-16,88.30133056640625,0.0,27.40999984741211,0.11,0.76,-0.0020665816161333024,0.014925969668630136,3.6,0.040769487581986674,0.65,0.020000000000000018,-0.34711907696500355,0.6988136553903405
2020-10-19,86.81385040283203,0.0,29.18000030517578,0.11,0.78,-0.01698900040883324,0.015466178370113373,3.6,0.04146803745364762,0.67,0.020000000000000018,-0.26885860467535116,0.7665519070019697
2020-10-20,87.3096694946289,0.0,29.350000381469727,0.1,0.81,0.005695042601760786,0.01356615744805687,3.6,0.04123254641596672,0.7100000000000001,0.030000000000000027,-0.16721602184985734,0.7730578420097747
2020-10-21,86.43980407714844,0.0,28.649999618530277,0.1,0.83,-0.010012953331672047,0.013518668141523919,3.6,0.041647479866878945,0.73,0.019999999999999907,-0.16575188998451768,0.7462686806847917
2020-10-22,89.4930648803711,0.0,28.11000061035156,0.09,0.87,0.0347128698484923,0.014434108339323053,3.6,0.04022658073910265,0.78,0.040000000000000036,-0.03291860429532284,0.7256028167153237
2020-10-23,90.3020477294922,0.0,27.549999237060547,0.1,0.85,0.008999002217514965,0.01438113745926823,3.6,0.03986620559020012,0.75,-0.020000000000000018,0.10018323086594245,0.7041714584575002
2020-10-26,88.06644439697266,0.0,32.459999084472656,0.11,0.81,-0.025068557588884748,0.015858564733602917,3.6,0.04087822580610229,0.7000000000000001,-0.039999999999999925,0.11672657022167687,0.892078079395488
2020-10-27,86.40499114990234,0.0,33.349998474121094,0.1,0.79,-0.019046137456791776,0.01562510223170774,3.6,0.041664259808260724,0.6900000000000001,-0.020000000000000018,0.018589836282385943,0.9261385240274475
2020-11-04,87.20528411865234,0.0,29.56999969482422,0.1,0.78,0.009219484689743982,0.015510113696754238,3.6,0.04128190208177988,0.68,-0.010000000000000009,-0.07193915675633628,0.7814772572573961
2020-11-05,90.77178955078124,0.0,27.57999992370605,0.1,0.79,0.04008362279714284,0.01747745469015868,3.6,0.03965989893794064,0.6900000000000001,0.010000000000000009,-0.19120086580148185,0.7053195903981454
2020-11-06,89.5626449584961,0.0,24.86000061035156,0.1,0.83,-0.013410225462246014,0.01787871586766552,3.6,0.04019532922088515,0.73,0.039999999999999925,-0.3657731748659524,0.6012247032678584
2020-11-09,101.68875122070312,0.0,25.75,0.11,0.96,0.12697836536617943,0.03239994590975787,3.6,0.03540214583013844,0.85,0.13,-0.3771567656033448,0.6352851478998178
2020-11-10,101.35820770263672,0.0,24.799999237060547,0.1,0.98,-0.003255836106210004,0.0323807478273852,3.6,0.035517597258247005,0.88,0.020000000000000018,-0.46368737764055923,0.5989284393865681
2020-11-11,99.84461975097656,0.0,23.450000762939453,0.1,0.9299999999999999,-0.015045678269942322,0.0325277372408132,3.6,0.03605602393978559,0.83,-0.050000000000000044,-0.5379604868027951,0.5472637429656024
2020-11-12,98.61811065673828,0.0,25.350000381469727,0.1,0.88,-0.012360252292792966,0.03272511479016406,3.6,0.03650445111984127,0.78,-0.04999999999999993,-0.5563021399576483,0.6199770869975098
2020-11-13,99.2356948852539,0.0,23.100000381469727,0.09,0.89,0.00624285423869911,0.03256252096059131,3.6,0.03627726902263016,0.8,0.010000000000000009,-0.6209234023555812,0.5338691623031109
2020-11-16,102.03669738769533,0.0,22.450000762939453,0.09,0.91,0.02783474984954691,0.03281031895731666,3.6,0.035281424155875575,0.8200000000000001,0.020000000000000018,-0.7119314500250009,0.5089935542125362
2020-11-17,101.00154876708984,0.0,22.709999084472656,0.09,0.87,-0.010196675839000165,0.03299754665529217,3.6,0.035643017794723335,0.78,-0.040000000000000036,-0.7688871045408193,0.5189437390530923
2020-11-18,100.25347137451172,0.0,23.84000015258789,0.09,0.88,-0.007434158286966054,0.03275296382174521,3.6,0.035908981012255085,0.79,0.010000000000000009,-0.8053368553688093,0.5621890932210288
2020-11-19,100.52312469482422,0.0,23.11000061035156,0.07,0.86,0.0026861047325653655,0.032651589385078436,3.6,0.03581265515700149,0.79,-0.020000000000000018,-0.8413742035333057,0.5342518729499924
2020-11-20,99.66194152832033,0.0,23.700000762939453,0.07,0.83,-0.008603923313042664,0.03276266995709415,3.6,0.03612211386607404,0.76,-0.030000000000000027,-0.8574689604577623,0.556831290153869
2020-11-23,102.53254699707033,0.0,22.65999984741211,0.08,0.86,0.028396405670814907,0.03307613074315526,3.6,0.03511080242747567,0.78,0.030000000000000027,-0.8734347061261601,0.5170302588132759
2020-11-24,107.27338409423828,0.0,21.63999938964844,0.09,0.88,0.04520028770030214,0.03359007884330716,3.6,0.03355911655436773,0.79,0.020000000000000018,-0.8785953957353494,0.4779946487664463
2020-11-25,106.15123748779295,0.0,21.25,0.09,0.88,-0.010515721557583551,0.0338808270130451,3.6,0.033913876891110084,0.79,0.0,-0.8824383804446074,0.46306929851101986
2020-11-27,105.4466323852539,0.0,20.84000015258789,0.09,0.84,-0.00665987523687392,0.03379302276591392,3.6,0.03414049285943283,0.75,-0.040000000000000036,-0.8910254503181979,0.4473785269618301
2020-11-30,102.54122161865234,0.0,20.56999969482422,0.08,0.84,-0.027940090894387787,0.034215552498029156,3.6,0.03510783217883135,0.76,0.0,-0.8862871961168877,0.4370455584798001
2020-12-01,104.15921783447266,0.0,20.770000457763672,0.09,0.92,0.015655789296268263,0.03427083687635424,3.6,0.03456247152048544,0.8300000000000001,0.08000000000000007,-0.8893451781070568,0.4446996254282502
2020-12-02,106.15994262695312,0.0,21.170000076293945,0.09,0.95,0.019026180421995872,0.03356430959645382,3.6,0.03391109594558117,0.86,0.029999999999999916,-0.8785289562614216,0.4600076863305583
2020-12-03,105.46403503417967,0.0,21.280000686645508,0.08,0.92,-0.0065768549379040565,0.03315301885209105,3.6,0.034134859327478624,0.8400000000000001,-0.029999999999999916,-0.8568447351697042,0.4642174304516651
2020-12-04,106.42090606689452,0.0,20.790000915527344,0.09,0.97,0.009032048551392,0.03315312101821736,3.6,0.03382793976342483,0.88,0.04999999999999993,-0.7969817124888097,0.44546504672201365
2020-12-07,106.02073669433594,0.0,21.299999237060547,0.08,0.94,-0.003767339026871821,0.03250397704072075,3.6,0.03395562144016234,0.86,-0.030000000000000027,-0.7239275394688707,0.4649827787508363
2020-12-08,106.12512969970705,0.0,20.68000030517578,0.09,0.92,0.0009841626006821533,0.032193599856305107,3.6,0.033922220026365135,0.8300000000000001,-0.019999999999999907,-0.7774522699877373,0.4412553026009069
2020-12-09,105.29875946044922,0.0,22.270000457763672,0.08,0.95,-0.007817228703550855,0.017290508867906305,3.6,0.034188436962091465,0.87,0.029999999999999916,-0.8184091820641163,0.5021049085578495
2020-12-10,104.62025451660156,0.0,22.520000457763672,0.08,0.92,-0.006464467356694402,0.017350205811817666,2.7,0.025807622171016162,0.8400000000000001,-0.029999999999999916,-0.8281736475383998,0.5116724557461161
2020-12-11,104.0026397705078,0.0,23.309999465942383,0.08,0.9,-0.00592088948348373,0.01702613416887298,2.7,0.025960879511883733,0.8200000000000001,-0.020000000000000018,-0.7910253268525704,0.5419058669038505
2020-12-14,102.90657806396484,0.0,24.71999931335449,0.09,0.9,-0.010594713667691465,0.016956190634155446,2.7,0.026237389783981834,0.81,0.0,-0.682758404660331,0.5958668272061064
2020-12-15,104.66374969482422,0.0,22.88999938964844,0.08,0.92,0.01693126013377885,0.017246987889205246,2.7,0.025796897281748346,0.8400000000000001,0.020000000000000018,-0.6583018498765717,0.5258323847077792
2020-12-16,104.96817779541016,0.0,22.5,0.09,0.92,0.002904407913746973,0.016247587925766322,2.7,0.025722081269834718,0.8300000000000001,0.0,-0.6492291805457894,0.5109070344523526
2020-12-17,104.09831237792967,0.0,21.93000030517578,0.08,0.94,-0.008321471665558888,0.016185998546542214,2.7,0.025937019902855202,0.86,0.019999999999999907,-0.6502224502011026,0.4890930385422397
2020-12-18,103.58509063720705,0.0,21.56999969482422,0.08,0.95,-0.004942357241574426,0.016126730326946736,2.7,0.026065527223955325,0.87,0.010000000000000009,-0.5821924066469832,0.47531574723286635
2020-12-21,107.47344207763672,0.0,25.15999984741211,0.09,0.95,0.03685035990446676,0.01787485862656206,2.7,0.02512248559090136,0.86,0.0,-0.2521908702984732,0.6127057306959414
2020-12-22,105.83808135986328,0.0,24.229999542236328,0.09,0.93,-0.01533337470402757,0.01815487241506148,2.7,0.025510666532395348,0.8400000000000001,-0.019999999999999907,-0.042678184171531276,0.5771144434764551
2020-12-23,108.7956771850586,0.0,23.309999465942383,0.09,0.96,0.0275612099764249,0.01809696339456644,2.7,0.02481716250000789,0.87,0.029999999999999916,0.09858311010150375,0.5419058669038505
2020-12-24,108.3172378540039,0.0,21.530000686645508,0.09,0.94,-0.004407292909418675,0.01531224564553326,2.7,0.024926780385954937,0.85,-0.020000000000000018,0.07462316750602685,0.4737849776399316
2020-12-28,109.03053283691406,0.0,21.700000762939453,0.11,0.94,0.006563651805219692,0.015152815091365245,2.7,0.024763705447891485,0.83,0.0,0.048431792658507285,0.48029091264773655
2020-12-29,108.74347686767578,0.0,23.07999992370605,0.1,0.94,-0.0026362754295580757,0.015072699769873205,2.7,0.02482907552501276,0.84,0.0,0.09546976057802732,0.5331037410093472
2020-12-30,109.04794311523438,0.0,22.770000457763672,0.08,0.93,0.002795945275757001,0.013482930221428383,2.7,0.024759751746503147,0.8500000000000001,-0.009999999999999898,0.014551515034926696,0.5212400029343827
2020-12-31,110.5354232788086,0.0,22.75,0.09,0.93,0.013548411624733591,0.01339100475369247,2.7,0.02442655865341616,0.8400000000000001,0.0,-0.018996165127084973,0.5204745816406192
2021-01-04,109.49156951904295,0.0,26.96999931335449,0.09,0.93,-0.009488486645324496,0.013109254183375415,2.7,0.024659432793411658,0.8400000000000001,0.0,0.18031952654946695,0.6819747519005055
2021-01-05,110.08734130859376,0.9,25.34000015258789,0.09,0.96,0.005426507029092855,0.013002032322493686,3.6,0.03270130750009286,0.87,0.029999999999999916,0.2594713257247381,0.6195943763506281
2021-01-06,115.256591796875,0.0,25.06999969482422,0.09,1.04,0.045886813247599204,0.01610870355283512,3.6,0.031234656030299245,0.9500000000000001,0.08000000000000007,0.37282769335479454,0.6092614078685982
2021-01-07,119.04151153564452,0.0,22.3700008392334,0.09,1.08,0.03231139284059382,0.017151674028928015,3.6,0.03024155148535773,0.9900000000000001,0.040000000000000036,0.1959310431982738,0.5059319420320746
2021-01-08,119.17292785644533,0.0,21.559999465942383,0.08,1.13,0.001103344822152889,0.017150119126755424,3.6,0.03020820302692008,1.0499999999999998,0.04999999999999982,0.0076571346042624226,0.47493303658598457
2021-01-11,120.95150756835938,0.0,24.07999992370605,0.08,1.15,0.014814087833184632,0.016980226089747728,3.6,0.02976399445013409,1.0699999999999998,0.020000000000000018,0.04863643281642235,0.5713739297624135
2021-01-12,122.85274505615234,0.0,23.32999992370605,0.09,1.15,0.015596742125400671,0.016813196686897524,3.6,0.029303374526589106,1.0599999999999998,0.0,0.022029586875915545,0.5426712881976138
2021-01-13,122.9666519165039,0.0,22.209999084472656,0.09,1.1,0.0009267524850110906,0.016601915973746276,3.6,0.029276230131438,1.01,-0.04999999999999982,-0.05146885975383391,0.4998086446765592
2021-01-14,123.68506622314452,0.0,23.25,0.09,1.15,0.005825350365740923,0.01606142235431722,3.6,0.0291061816105197,1.0599999999999998,0.04999999999999982,0.011643438808850368,0.5396096760171524
2021-01-15,121.46841430664062,0.0,24.34000015258789,0.09,1.11,-0.01808428191816118,0.01696275791403865,3.6,0.029637334286030846,1.02,-0.039999999999999813,0.04698608803822406,0.5813241875975619
2021-01-19,120.9427261352539,0.0,23.239999771118164,0.09,1.1,-0.004337168617659887,0.017124945031683138,3.6,0.029766155560062464,1.01,-0.010000000000000009,0.012748665289956966,0.5392269653702706
2021-01-20,119.12913513183594,0.0,21.57999992370605,0.08,1.1,-0.015109021895735082,0.017483835832034292,3.6,0.030219307779041703,1.02,0.0,-0.10172244596082894,0.4756984578797479
2021-01-21,118.13031768798828,0.0,21.31999969482422,0.09,1.12,-0.008419671651065578,0.01761284265574566,3.6,0.03047481857712853,1.03,0.020000000000000018,-0.24624418708666015,0.46574820004459977
2021-01-22,117.2191390991211,0.0,21.90999984741211,0.08,1.1,-0.007743235561131315,0.01638535052767422,3.6,0.030711708238667593,1.02,-0.020000000000000018,-0.1940815835368087,0.48832761724847623
2021-01-25,115.75597381591795,0.0,23.190000534057617,0.09,1.05,-0.012560865428599221,0.016231098823910647,3.6,0.031099906824030823,0.9600000000000001,-0.050000000000000044,-0.14463739564907024,0.5373134851304542
2021-01-26,115.28286743164062,0.0,23.020000457763672,0.07,1.05,-0.004095476267141849,0.015408538506370183,3.6,0.031227536928977718,0.98,0.0,-0.1402398965457323,0.5308075501226492
2021-01-28,113.99494171142578,0.0,30.209999084472656,0.07,1.07,-0.011234748550559571,0.015637609377661673,3.6,0.03158034861856655,1.0,0.020000000000000018,-0.23797961626726866,0.805970154701089
2021-01-29,112.73328399658205,0.0,33.09000015258789,0.06,1.11,-0.011129366302595825,0.01587869608176692,3.6,0.03193378097731233,1.05,0.040000000000000036,-0.34955705910910045,0.9161883391868914
2021-02-01,113.5656280517578,0.0,30.239999771118164,0.07,1.09,0.007356180381527948,0.015895417691373686,3.6,0.03169973223200326,1.02,-0.020000000000000018,-0.42815750265467145,0.8071182866417341
2021-02-02,117.06143188476562,0.0,25.559999465942383,0.07,1.12,0.030317965310140985,0.01705117121314544,3.6,0.030753083590706564,1.05,0.030000000000000027,-0.5113223331734451,0.6280137915982494
2021-02-03,118.40193939208984,0.0,22.90999984741211,0.04,1.15,0.011386246469770019,0.01699310949057675,3.6,0.030404907372999564,1.1099999999999999,0.029999999999999805,-0.5986411631566005,0.5265978060015425
2021-02-04,121.12674713134766,0.0,21.770000457763672,0.04,1.15,0.02275239199140178,0.01723710893197691,3.6,0.029720933528382672,1.1099999999999999,0.0,-0.604903364919381,0.48296981418131646
2021-02-05,120.89017486572266,0.0,20.8700008392334,0.03,1.19,-0.0019550066088116166,0.017299039005398534,3.6,0.02977909498434143,1.16,0.040000000000000036,-0.6656813213530102,0.4485266589024753
2021-02-08,122.78265380859376,0.0,21.239999771118164,0.05,1.19,0.015533262406078581,0.01474372571758775,3.6,0.029320102541618383,1.14,0.0,-0.6826876043564164,0.46268658786413813
2021-02-09,122.29199981689452,0.0,21.6299991607666,0.04,1.18,-0.004004123967906107,0.01318243088003552,3.6,0.02943773922570742,1.14,-0.010000000000000009,-0.6943738698922846,0.4776119381195645
2021-02-10,122.36207580566406,0.0,21.989999771118164,0.05,1.15,0.0005728577421618342,0.01318330026844857,3.6,0.029420880418190472,1.0999999999999999,-0.030000000000000027,-0.7076708169136338,0.4913892294289378
2021-02-11,122.02041625976562,0.0,21.25,0.05,1.16,-0.002796106755505154,0.01283330335977856,3.6,0.029503259457303175,1.1099999999999999,0.010000000000000009,-0.7230173277550919,0.46306929851101986
2021-02-12,123.75516510009766,0.0,19.96999931335449,0.04,1.2,0.014116761636460709,0.012749576409809739,3.6,0.029089694939909698,1.16,0.040000000000000036,-0.7549074615432442,0.4140834306290418
2021-02-16,126.73404693603516,0.0,21.459999084472656,0.04,1.3,0.02378563335196547,0.013738842900537715,3.6,0.028405942105020773,1.26,0.10000000000000009,-0.735356976038038,0.47110600311175954
2021-02-17,127.12828826904295,0.0,21.5,0.04,1.29,0.0031059483449851853,0.013708194363039578,3.6,0.028317851589264552,1.25,-0.010000000000000009,-0.7329095703601636,0.47263684569928643
2021-02-18,127.55764770507812,0.0,22.489999771118164,0.03,1.29,0.0033716808205186415,0.012970328228941825,3.6,0.02822253361337803,1.26,0.0,-0.7043904292859903,0.510524323805471
2021-02-19,129.6866455078125,0.0,22.049999237060547,0.04,1.34,0.016552720270026515,0.013231919979074245,3.6,0.027759219046059228,1.3,0.050000000000000044,-0.6674026779069897,0.493685420315636
2021-02-22,130.90447998046875,0.0,23.450000762939453,0.03,1.37,0.00934677523204506,0.012589065306162642,3.6,0.027500968649332158,1.34,0.030000000000000027,-0.6132020086876813,0.5472637429656024
2021-02-23,131.95584106445312,0.0,23.11000061035156,0.04,1.37,0.007999432445814202,0.012252668103562804,3.6,0.027281854072997037,1.33,0.0,-0.5941088938760655,0.5342518729499924
2021-02-24,134.2776336669922,0.0,21.34000015258789,0.03,1.38,0.01744222035213988,0.012147324077853055,3.6,0.026810123932686964,1.3499999999999999,0.009999999999999787,-0.618241351704529,0.4665136213383632
2021-02-25,132.45529174804688,0.0,28.88999938964844,0.04,1.54,-0.013664381860265296,0.012235829682973653,3.6,0.02717898207379913,1.5,0.16000000000000014,-0.46902929240774555,0.7554535172261766
2021-02-26,128.9419403076172,0.0,27.950000762939453,0.04,1.44,-0.026882939804915122,0.014085392636130886,3.6,0.02791954263610016,1.4,-0.10000000000000009,-0.4336801273342697,0.7194795923544004
2021-03-01,131.85948181152344,0.0,23.350000381469727,0.05,1.45,0.02237459592643671,0.014018138670355706,3.6,0.027301790895445408,1.4,0.010000000000000009,-0.3387856490584197,0.5434367094913773
2021-03-02,131.43016052246094,0.0,24.100000381469727,0.04,1.42,-0.003261211992698534,0.013610468043283528,3.6,0.027390973165438485,1.38,-0.030000000000000027,-0.07230775948540195,0.5721393510561771
2021-03-03,133.97100830078125,0.0,26.670000076293945,0.05,1.47,0.019147808731818247,0.013853652382716903,3.6,0.02687148544793782,1.42,0.050000000000000044,0.37343368281077954,0.6704937244724225
2021-03-04,131.9120635986328,0.0,28.56999969482422,0.04,1.54,-0.015487904850469534,0.013747947477336202,3.6,0.027290908062462545,1.5,0.07000000000000006,0.5621771296069925,0.7432070685043298
2021-03-05,132.21871948242188,0.0,24.65999984741211,0.04,1.56,0.002322001381245545,0.013702297133246485,3.6,0.027227612051397992,1.52,0.020000000000000018,0.6138768217836422,0.5935706363194083
2021-03-08,133.97100830078125,0.0,25.46999931335449,0.05,1.59,0.013165903469224003,0.01324220954876846,3.6,0.02687148544793782,1.54,0.030000000000000027,0.6266164186992068,0.6245694687709061
2021-03-09,133.02476501464844,0.0,24.030000686645508,0.05,1.55,-0.0070881065725019315,0.013419310074219783,3.6,0.027062630026849322,1.5,-0.040000000000000036,0.596304665532444,0.5694604495225972
2021-03-10,135.916015625,0.0,22.559999465942383,0.04,1.53,0.021501848809647797,0.013723221105137568,3.6,0.02648694477575479,1.49,-0.020000000000000018,0.5044654361164274,0.5132032253390508
2021-03-11,135.20639038085938,0.0,21.90999984741211,0.04,1.54,-0.005234734192938192,0.013765433878926026,3.6,0.026625960428787822,1.5,0.010000000000000009,0.41229951264018605,0.48832761724847623
2021-03-12,136.80967712402344,0.0,20.690000534057617,0.04,1.64,0.011788313274775699,0.013811514104760617,3.6,0.0263139280471838,1.5999999999999999,0.09999999999999987,0.2670238677145846,0.4416380132477886
2021-03-15,136.1262969970703,0.0,20.030000686645508,0.04,1.62,-0.005007632703690035,0.013884686513798993,3.6,0.026446029014345986,1.58,-0.019999999999999796,0.08331995741333421,0.41637969451033224
2021-03-16,134.49668884277344,0.0,19.790000915527344,0.02,1.62,-0.01204352872404096,0.01421516372364576,2.7,0.020074843650287173,1.6,0.0,-0.1492485175785997,0.40719485796894744
2021-03-17,135.8809814453125,0.0,19.229999542236328,0.02,1.63,0.010239785679564012,0.013563104330238461,2.7,0.019870330426533304,1.6099999999999999,0.009999999999999787,-0.3204406245504938,0.38576349971112395
2021-03-18,138.12388610839844,0.0,21.57999992370605,0.01,1.71,0.016371641716833158,0.013858418486267501,2.7,0.019547668951922358,1.7,0.08000000000000007,-0.4645588819104478,0.4756984578797479
2021-03-19,135.92477416992188,0.0,20.950000762939453,0.01,1.74,-0.01604940626682086,0.014530664300075652,2.7,0.0198639285331803,1.73,0.030000000000000027,-0.5897554573041568,0.45158827108293687
2021-03-22,132.27125549316406,0.0,18.8799991607666,0.03,1.69,-0.027246821709579202,0.015596265427200799,2.7,0.020412598262058074,1.66,-0.050000000000000044,-0.5870318270533664,0.37236891904863234
2021-03-23,130.94830322265625,0.0,20.299999237060547,0.01,1.63,-0.010052166464138292,0.015647830669911728,2.7,0.02061882386829473,1.6199999999999999,-0.06000000000000005,-0.5133296976114718,0.42671258999777006
2021-03-24,131.96461486816406,0.0,21.200000762939453,0.02,1.62,0.007731204043454571,0.015641096212371416,2.7,0.020460030158064475,1.6,-0.009999999999999787,-0.48555492321084043,0.46115581827120344
2021-03-25,133.65554809570312,0.0,19.809999465942383,0.02,1.63,0.012732136380966368,0.015410592886680787,2.7,0.020201181608014387,1.6099999999999999,0.009999999999999787,-0.4703052443885043,0.4079602062681187
2021-03-26,135.8809814453125,0.0,18.86000061035156,0.02,1.67,0.01651341229928419,0.015501103719439042,2.7,0.019870330426533304,1.65,0.040000000000000036,-0.4954201878145602,0.37160357074946093
2021-03-29,133.7694549560547,0.0,20.739999771118164,0.03,1.73,-0.01566153333553597,0.014654335161262919,2.7,0.020183979974254897,1.7,0.06000000000000005,-0.3567883947423478,0.44355149348760503
2021-03-30,135.34652709960938,0.0,19.61000061035156,0.02,1.73,0.011720524251963856,0.014077692748081584,2.7,0.01994879409068925,1.71,0.0,-0.3578882702367359,0.4003062123142606
2021-03-31,133.3751983642578,0.0,19.399999618530277,0.03,1.74,-0.014672160177534616,0.014474859243228787,2.7,0.020243643744214685,1.71,0.010000000000000009,-0.2898130680203304,0.39226943471892906
2021-04-01,134.6719512939453,0.0,17.329999923706055,0.02,1.69,0.009675633916880302,0.014011406755452979,2.7,0.02004871819304655,1.67,-0.050000000000000044,-0.2949363829938628,0.31305015567921657
2021-04-05,135.38577270507812,0.9,17.90999984741211,0.03,1.73,0.00528644811905068,0.01357126728800005,3.6000000000000005,0.02659068178339665,1.7,0.040000000000000036,-0.16712654618623976,0.3352468622362113
2021-04-06,134.4339141845703,0.0,18.1200008392334,0.02,1.67,-0.007055544983839357,0.013687588404750725,3.6000000000000005,0.026778956945770396,1.65,-0.06000000000000005,-0.039464275281717184,0.34328363983154314
2021-04-07,136.5402374267578,0.0,17.15999984741211,0.02,1.68,0.01554661692916164,0.013804565677101473,3.6000000000000005,0.02636585425546146,1.66,0.010000000000000009,-0.07453179896328792,0.3065442206714116
2021-04-08,136.7077178955078,0.0,16.950000762939453,0.01,1.64,0.001225849902703333,0.013682561029218965,3.6000000000000005,0.026333553477585304,1.63,-0.040000000000000036,-0.041569264304054866,0.298507516070672
2021-04-09,137.73004150390625,0.0,16.690000534057617,0.02,1.67,0.007450347499791161,0.012970298200512178,3.6000000000000005,0.026138088398803674,1.65,0.030000000000000027,-0.2238170382211745,0.2885572582355237
2021-04-12,137.43919372558594,0.0,16.90999984741211,0.02,1.69,-0.002113956426776711,0.012917497217515913,3.6000000000000005,0.026193401623032207,1.67,0.020000000000000018,-0.3185760463213803,0.29697667348314505
2021-04-13,135.79995727539062,0.0,16.649999618530273,0.03,1.64,-0.011998691334606562,0.012946816013104486,3.6000000000000005,0.026509581241616377,1.6099999999999999,-0.050000000000000044,-0.38815615492141353,0.2870264156479968
2021-04-14,133.26182556152344,0.0,16.989999771118164,0.02,1.64,-0.01886709422377043,0.013535817110075727,3.6000000000000005,0.02701448809387634,1.6199999999999999,0.0,-0.34309515064955837,0.3000382856636067
2021-04-15,134.10784912109375,0.0,16.56999969482422,0.02,1.56,0.006328514138207793,0.013380039693372283,3.6000000000000005,0.026844066351025823,1.54,-0.07999999999999985,-0.2967863400429369,0.28396480346753517
2021-04-16,135.103759765625,0.0,16.25,0.02,1.59,0.007398753655438835,0.013283880927573427,3.6000000000000005,0.026646186651246424,1.57,0.030000000000000027,-0.302639851018058,0.27171835474568873
2021-04-19,134.53089904785156,0.0,17.290000915527344,0.02,1.61,-0.004249168725055544,0.012743117233985187,3.6000000000000005,0.02675965168953126,1.59,0.020000000000000018,-0.5323016234533927,0.3115193860862819
2021-04-20,131.5521240234375,0.0,18.68000030517578,0.03,1.58,-0.022390751868931528,0.01317890384005736,3.6000000000000005,0.027365578676317077,1.55,-0.030000000000000027,-0.6259082108785471,0.36471492509477443
2021-04-21,132.67135620117188,0.0,17.5,0.03,1.57,0.008471910755404486,0.011944734109757311,3.6000000000000005,0.027134719227119818,1.54,-0.010000000000000009,-0.5832987249838395,0.3195560906870215
2021-04-22,129.8776092529297,0.0,18.709999084472656,0.03,1.57,-0.021282524529887388,0.012654362624534732,3.6000000000000005,0.027718403662552744,1.54,0.0,-0.4903229146625571,0.3658629840408274
2021-04-23,132.36289978027344,0.0,17.329999923706055,0.03,1.58,0.01895485138419632,0.013238107987933075,3.6000000000000005,0.02719795355024794,1.55,0.010000000000000009,-0.3755583648596367,0.31305015567921657
2021-04-26,132.68896484375,0.0,17.639999389648438,0.03,1.58,0.0024603881087619122,0.012936035152697648,3.6000000000000005,0.027131118282814535,1.55,0.0,-0.3532052072511037,0.3249138937541813
2021-04-27,133.29708862304688,0.0,17.559999465942383,0.01,1.63,0.004572606954100912,0.01240965805571279,3.6000000000000005,0.02700734154952553,1.6199999999999999,0.04999999999999982,-0.3968489266357644,0.3218522815737197
2021-04-28,134.16073608398438,0.0,17.280000686645508,0.01,1.63,0.006458217953980669,0.01202822389413325,3.6000000000000005,0.026833484259853845,1.6199999999999999,0.0,-0.44953422061588527,0.31113667543940016
2021-04-29,136.76943969726562,0.0,17.610000610351562,0.01,1.65,0.01925798209366693,0.012494519814444247,3.6000000000000005,0.02632166957741784,1.64,0.020000000000000018,-0.5679143536355529,0.3237658348081283
2021-04-30,135.55323791503906,0.0,18.61000061035156,0.01,1.65,-0.008932123309602814,0.01220550059387297,3.6000000000000005,0.026557831117663,1.64,0.0,-0.5151482898121075,0.3620360235611944
2021-05-03,135.1566162109375,0.0,18.309999465942383,0.04,1.63,-0.00293023679669446,0.012054736040967287,3.6000000000000005,0.026635765979680332,1.5899999999999999,-0.020000000000000018,-0.47519129930962783,0.3505549231385193
2021-05-04,137.02500915527344,0.0,19.479999542236328,0.02,1.61,0.013729231646644227,0.01237052064459358,3.6000000000000005,0.02627257624132371,1.59,-0.019999999999999796,-0.2646241895907415,0.3953310468993905
2021-05-05,138.82286071777344,0.0,19.149999618530277,0.02,1.59,0.013035279341543375,0.012526939268277129,3.6000000000000005,0.02593232830231609,1.57,-0.020000000000000018,-0.06277781848756209,0.3827018875306625
2021-05-06,141.6165771484375,0.0,18.38999938964844,0.02,1.58,0.019924507576416436,0.012805205017393673,3.6000000000000005,0.025420752799487644,1.56,-0.010000000000000009,0.0673005141084667,0.3536165353189811
2021-05-07,142.10128784179688,0.0,16.690000534057617,0.02,1.6,0.0034168533233146343,0.012809746165754098,3.6000000000000005,0.025334042039139894,1.58,0.020000000000000018,-0.03841415842047093,0.2885572582355237
2021-05-10,142.08364868164062,0.0,19.65999984741211,0.02,1.63,-0.0001241386006921302,0.012750453599271828,3.6000000000000005,0.025337187166880347,1.6099999999999999,0.029999999999999805,0.19480965371696973,0.4022196925540772
2021-05-11,139.72177124023438,0.0,21.84000015258789,0.01,1.64,-0.01676286245900321,0.013343921151226184,3.6000000000000005,0.02576549071805169,1.63,0.010000000000000009,0.341728434261455,0.4856487157148963
2021-05-12,138.76112365722656,0.0,27.59000015258789,0.02,1.69,-0.00689917701278316,0.013144574288539547,3.6000000000000005,0.025943866013170006,1.67,0.050000000000000044,0.3458163537523808,0.7057023010450271
2021-05-13,142.33045959472656,0.0,23.1299991607666,0.02,1.66,0.025397614240111076,0.013342466987110276,3.6000000000000005,0.025293250722654047,1.64,-0.030000000000000027,0.42426825495635934,0.5350172212491638
2021-05-14,144.5425262451172,0.0,18.809999465942383,0.01,1.63,0.015422229373412012,0.013596447073342647,3.6000000000000005,0.02490616494342344,1.6199999999999999,-0.030000000000000027,0.36570040369023077,0.3696900175150525
2021-05-17,145.12416076660156,0.0,19.71999931335449,0.02,1.64,0.004015893640875737,0.01356880414840386,3.6000000000000005,0.024806345001296942,1.6199999999999999,0.010000000000000009,0.34896688579115986,0.4045158834407752
2021-05-18,143.0795440673828,0.0,21.34000015258789,0.02,1.64,-0.014188929341544497,0.014015248176211095,3.6000000000000005,0.02516082940762373,1.6199999999999999,0.0,0.367053319602505,0.4665136213383632
2021-05-19,141.9866943359375,0.0,22.18000030517578,0.01,1.68,-0.007667376477076861,0.013017828289983067,3.6000000000000005,0.025354488438772138,1.67,0.040000000000000036,0.3974968329271835,0.4986605857305062
2021-05-20,141.73997497558594,0.0,20.670000076293945,0.01,1.63,-0.0017391345208091701,0.013018819056923987,3.6000000000000005,0.025398621670563185,1.6199999999999999,-0.050000000000000044,0.3785221422106534,0.4408725919540252
2021-05-21,143.352783203125,0.0,20.149999618530277,0.01,1.63,0.0113143907489506,0.011851159725454852,3.6000000000000005,0.025112871334342694,1.6199999999999999,0.0,0.3830011801112843,0.42097207628372874
2021-05-24,144.1282958984375,0.0,18.399999618530277,0.02,1.61,0.005395239080843841,0.011396375895498955,3.6000000000000005,0.024977746233375318,1.59,-0.019999999999999796,0.28910580408016506,0.3539992459658628
2021-05-25,142.63888549804688,0.0,18.84000015258789,0.02,1.56,-0.010387686526021737,0.011823149409136766,3.6000000000000005,0.025238559509421395,1.54,-0.050000000000000044,0.2175339725935238,0.37083814945569765
2021-05-26,142.62127685546875,0.0,17.360000610351562,0.02,1.58,-0.00012345672424226447,0.011845111024749243,3.6000000000000005,0.02524167557164848,1.56,0.020000000000000018,0.10778499091001942,0.31419828761986174
2021-05-27,144.8421630859375,0.0,16.739999771118164,0.02,1.61,0.015451915689125283,0.012127286686385757,3.6000000000000005,0.02485464124050712,1.59,0.030000000000000027,-0.07431627232906682,0.2904707384753401
2021-05-28,144.74520874023438,0.0,16.760000228881836,0.01,1.58,-0.0006696034341161702,0.011613522510870947,3.6000000000000005,0.024871289566901704,1.57,-0.030000000000000027,-0.2067577177046644,0.29123615976910355
2021-06-01,146.34036254882812,0.0,17.899999618530273,0.02,1.62,0.010960143229479089,0.01142715991830557,3.6000000000000005,0.024600185056934103,1.6,0.040000000000000036,-0.32043453260408405,0.3348641515893296
2021-06-02,146.3491973876953,0.0,17.479999542236328,0.02,1.59,6.037003077107777e-05,0.011359538499563853,3.6000000000000005,0.024598699987832526,1.57,-0.030000000000000027,-0.5030131466931465,0.31879066939325806
2021-06-03,146.44613647460938,0.0,18.040000915527344,0.02,1.63,0.0006621628096139466,0.011143632159735257,3.6000000000000005,0.024582417035113546,1.6099999999999999,0.039999999999999813,-0.5990996555933215,0.34022202765108156
2021-06-04,146.68406677246094,0.0,16.420000076293945,0.02,1.56,0.0016233765573691037,0.010914199958056472,3.6000000000000005,0.024542542889708585,1.54,-0.06999999999999984,-0.704899174710589,0.27822428975349367
2021-06-07,145.99667358398438,0.0,16.420000076293945,0.02,1.57,-0.004697230514890921,0.01026588808136753,3.6000000000000005,0.024658096048531582,1.55,0.010000000000000009,-0.7530127029116311,0.27822428975349367
2021-06-08,145.41502380371094,0.0,17.06999969482422,0.02,1.53,-0.00399195061764669,0.010322085844431575,3.6000000000000005,0.024756726683616097,1.51,-0.040000000000000036,-0.8224720473949034,0.30309989784406827
2021-06-09,143.59951782226562,0.0,17.889999389648438,0.03,1.5,-0.012563588334977246,0.010744018269520827,3.6000000000000005,0.0250697220617116,1.47,-0.030000000000000027,-0.822457110123589,0.33448144094244786
2021-06-10,141.3610076904297,0.0,16.100000381469727,0.03,1.45,-0.015711342298679723,0.010661650594604105,3.6000000000000005,0.0254667114985749,1.42,-0.050000000000000044,-0.7041707317720898,0.26597784103164723
2021-06-11,141.26406860351562,0.0,15.649999618530272,0.03,1.47,-0.0006859907265605846,0.010529832994657982,3.6000000000000005,0.0254841874199736,1.44,0.020000000000000018,-0.350589156947478,0.2487562268949305
2021-06-14,138.86692810058594,0.0,16.389999389648438,0.03,1.51,-0.017114843017152034,0.009622226994819265,3.6000000000000005,0.025924099058289823,1.48,0.040000000000000036,-0.11477788446894727,0.2770761578128485
2021-06-15,136.7605743408203,0.0,17.020000457763672,0.03,1.51,-0.015284358394376415,0.009302061741975827,3.6000000000000005,0.02632337585120445,1.48,0.0,-0.022437463597148523,0.30118641760425185
2021-06-16,137.7212677001953,0.0,18.149999618530277,0.04,1.57,0.007000078949834083,0.009430655697075113,3.6000000000000005,0.026139753577035185,1.53,0.06000000000000005,-0.06053585869597286,0.3444316987775963
2021-06-17,133.74655151367188,0.0,17.75,0.04,1.52,-0.029285240969510053,0.010837240225302207,3.6000000000000005,0.02691658184272512,1.48,-0.050000000000000044,-0.050207716400945124,0.3291236378752881
2021-06-18,130.36233520507812,0.0,20.700000762939453,0.05,1.45,-0.025628835050116087,0.0118663672224052,3.6000000000000005,0.027615338390008883,1.4,-0.07000000000000006,-0.3121059540815866,0.44202072389467034
2021-06-21,132.57435607910156,0.0,17.889999389648438,0.05,1.5,0.0168258986620354,0.012710055964962188,3.6000000000000005,0.027154572773123872,1.45,0.050000000000000044,-0.3346751191069758,0.33448144094244786
2021-06-22,132.38050842285156,0.0,16.65999984741211,0.04,1.48,-0.0014632506649892205,0.012279881495241963,3.6000000000000005,0.02719433580433785,1.44,-0.020000000000000018,-0.3262412813140039,0.2874091262948785
2021-06-23,133.18251037597656,0.0,16.31999969482422,0.05,1.5,0.006040030686265968,0.012304782047008474,3.6000000000000005,0.02703057623585212,1.45,0.020000000000000018,-0.2743198897059987,0.27439725627926864
2021-06-24,134.407470703125,0.0,15.970000267028809,0.05,1.49,0.009155566131383101,0.01251577972151352,3.6000000000000005,0.026784225468772994,1.44,-0.010000000000000009,-0.2383182816832079,0.2610027121140731
2021-06-25,135.7646942138672,0.0,15.619999885559082,0.06,1.54,0.010047185492429701,0.01281888332182275,3.6000000000000005,0.02651646675039829,1.48,0.050000000000000044,-0.18009100143082576,0.24760813145158148
2021-06-28,136.0115203857422,0.0,15.760000228881836,0.05,1.49,0.0018163932417787172,0.012202821118789148,3.6000000000000005,0.026468346135607064,1.44,-0.050000000000000044,-0.12762651935650088,0.25296597101603735
2021-06-29,135.84405517578125,0.0,16.020000457763672,0.04,1.49,-0.0012320161600326864,0.012198077529967733,3.6000000000000005,0.026500975661699924,1.45,0.0,-0.09042935084610239,0.26291622885118565
2021-06-30,137.07786560058594,0.0,15.829999923706056,0.05,1.45,0.00904155171253196,0.012094863743723497,3.6000000000000005,0.026262445685356604,1.4,-0.040000000000000036,-0.13223634714170715,0.2556448725496173
2021-07-01,138.43507385253906,0.0,15.479999542236328,0.05,1.48,0.009852308447543992,0.012408041478666386,3.6000000000000005,0.026004970415479518,1.43,0.030000000000000027,-0.17488598999069005,0.2422502918871256
2021-07-02,138.3021240234375,0.9,15.06999969482422,0.05,1.44,-0.0009608382273895627,0.012391440429455754,4.5,0.03253746124128508,1.39,-0.040000000000000036,-0.2792469362204203,0.2265595203379359
2021-07-06,135.97979736328125,0.0,16.440000534057617,0.05,1.37,-0.01693427073763356,0.012723139430375544,4.5,0.03309315124200309,1.32,-0.06999999999999984,-0.2833151105248732,0.2789897110472571
2021-07-07,136.13931274414062,0.0,16.200000762939453,0.05,1.33,0.0011723939496029803,0.012762434048299716,4.5,0.03305437576622171,1.28,-0.040000000000000036,-0.2907311779972102,0.2698048745058723
2021-07-08,133.79043579101562,0.0,19.0,0.06,1.3,-0.017404056095118227,0.013127644845861514,4.5,0.03363469124974766,1.24,-0.030000000000000027,-0.4191917310096823,0.37696137381662087
2021-07-09,138.07167053222656,0.0,16.18000030517578,0.06,1.37,0.03149823826692841,0.01506349252052272,4.5,0.03259176906206606,1.31,0.07000000000000006,-0.6136156900301343,0.26903945321210887
2021-07-12,140.0482940673828,0.0,16.170000076293945,0.05,1.38,0.014214418725668617,0.015103997804072263,4.5,0.032131773042768166,1.3299999999999998,0.009999999999999787,-0.6246624770095454,0.26865674256522715
2021-07-13,137.9652862548828,0.0,17.1200008392334,0.05,1.42,-0.014985216113447077,0.01543414908693078,3.6,0.026093520317489214,1.3699999999999999,0.040000000000000036,-0.5941411684931753,0.30501345107847694
2021-07-14,137.49554443359375,0.0,16.329999923706055,0.06,1.37,-0.0034105921735352687,0.015008114281678326,3.6,0.026182666608071017,1.31,-0.04999999999999982,-0.6034566860386528,0.27477996692615037
2021-07-15,137.79689025878906,0.0,17.010000228881836,0.05,1.31,0.0021892788001465755,0.014625368177599215,3.6,0.02612540815136706,1.26,-0.06000000000000005,-0.5920504511005024,0.30080370695737013
2021-07-16,134.6502227783203,0.0,18.450000762939453,0.05,1.31,-0.02310031750696781,0.015396668160865611,3.6,0.026735937941423347,1.26,0.0,-0.6607180619941531,0.3559127992002713
2021-07-19,130.27151489257812,0.0,22.5,0.05,1.19,-0.03305962524603554,0.015760197460943405,3.6,0.027634590746630678,1.14,-0.1200000000000001,-0.7303317703248898,0.5109070344523526
2021-07-20,132.70021057128906,0.0,19.729999542236328,0.05,1.23,0.018471679649549367,0.015280706034288761,3.6,0.027128819046342147,1.18,0.040000000000000036,-0.6912024262838385,0.4048985940876571
2021-07-21,135.49229431152344,0.0,17.90999984741211,0.05,1.3,0.02082224199406021,0.015512783074434006,3.6,0.026569776667320223,1.25,0.07000000000000006,-0.6869735888216479,0.3352468622362113
2021-07-22,133.7815399169922,0.0,17.690000534057617,0.05,1.27,-0.012706599712815571,0.01579483788923377,3.6,0.026909542245019024,1.22,-0.030000000000000027,-0.7397751155573152,0.3268274469885899
2021-07-23,133.52450561523438,0.0,17.200000762939453,0.05,1.3,-0.0019231467845480872,0.015750744744854897,3.6,0.026961343038960937,1.25,0.030000000000000027,-0.777110320364161,0.3080750632589385
2021-07-26,134.4197540283203,0.0,17.579999923706055,0.05,1.29,0.0066823730103499936,0.01568894788347168,3.6,0.026781777916670878,1.24,-0.010000000000000009,-0.81311067787403,0.32261770286748315
2021-07-27,134.2424774169922,0.0,19.36000061035156,0.05,1.25,-0.0013196989848797747,0.015520315142617012,3.6,0.026817145133708014,1.2,-0.040000000000000036,-0.8330009576532553,0.3907386651259941
2021-07-28,134.4640655517578,0.0,18.309999465942383,0.05,1.26,0.001649295045422577,0.015519091086562253,3.6,0.026772952202715385,1.21,0.010000000000000009,-0.8483920894991577,0.3505549231385193
2021-07-29,135.6163787841797,0.0,17.700000762939453,0.06,1.28,0.008533162979458922,0.015643276014899045,3.6,0.026545466206032906,1.22,0.020000000000000018,-0.8610035266519879,0.3272101576354716
2021-07-30,134.53501892089844,0.0,18.239999771118164,0.06,1.24,-0.008005626828730213,0.015588489888134237,3.6,0.02675883222729292,1.18,-0.040000000000000036,-0.861722298448258,0.34787602160493947
2021-08-02,133.99432373046875,0.0,19.459999084472656,0.05,1.2,-0.004027090043984028,0.01540332030181997,3.6,0.026866809725772003,1.15,-0.040000000000000036,-0.8509898558234452,0.3945656256056271
2021-08-03,135.51889038085938,0.0,18.040000915527344,0.05,1.19,0.011313604174306257,0.015657680975032343,3.6,0.026564562253148898,1.14,-0.010000000000000009,-0.8355051436385678,0.34022202765108156
2021-08-04,134.0563507080078,0.0,17.969999313354492,0.05,1.19,-0.010850803781984152,0.015401698066961492,3.6,0.02685437863246978,1.14,0.0,-0.8359856072995779,0.33754305312290944
2021-08-05,135.74932861328125,0.0,17.280000686645508,0.05,1.23,0.012549773817665604,0.015667866534607073,3.6,0.026519468175460196,1.18,0.040000000000000036,-0.8450215255108601,0.31113667543940016
2021-08-06,139.6051025390625,0.0,16.149999618530273,0.06,1.31,0.028007727756414712,0.016287077711787334,3.6,0.02578702307097045,1.25,0.08000000000000007,-0.851190018765126,0.26789132127146364
2021-08-09,139.45440673828125,0.0,16.719999313354492,0.06,1.33,-0.0010800263773116966,0.014825423015407744,3.6,0.02581488878122181,1.27,0.020000000000000018,-0.8375898561481759,0.28970531718157666
2021-08-10,141.1651153564453,0.0,16.790000915527344,0.05,1.36,0.012192521730676677,0.014738038215253269,3.6,0.025502051203726315,1.31,0.030000000000000027,-0.7982415598086925,0.2923842917097488
2021-08-11,142.84925842285156,0.0,16.170000076293945,0.05,1.35,0.011859701210626539,0.014501150382051917,3.6,0.025201390890973705,1.3,-0.010000000000000009,-0.7914007075123553,0.26865674256522715
2021-08-12,143.4076690673828,0.0,15.59000015258789,0.06,1.36,0.0039014696185414696,0.014461128541133456,3.6,0.02510325998192239,1.3,0.010000000000000009,-0.8166550474796271,0.2464600360082324
2021-08-13,141.80331420898438,0.0,15.449999809265137,0.06,1.29,-0.01125042073855862,0.01474711708040172,3.6,0.025387276877707216,1.23,-0.07000000000000006,-0.8362090141770447,0.24110219644377653
2021-08-16,140.87257385253906,0.0,16.1200008392334,0.06,1.26,-0.006585236019346219,0.013786267256454127,3.6,0.025555009762002118,1.2,-0.030000000000000027,-0.8438405678026527,0.2667432623254107
2021-08-17,139.17076110839844,0.0,17.90999984741211,0.07,1.26,-0.012154073896140193,0.011715908552747076,3.6,0.025867502421690454,1.19,0.0,-0.8336396886641061,0.3352468622362113
2021-08-18,137.9032440185547,0.0,21.56999969482422,0.07,1.27,-0.009149367378120849,0.011457004935513855,3.6,0.02610525971031998,1.2,0.010000000000000009,-0.5990638381672347,0.47531574723286635
2021-08-19,136.75094604492188,0.0,21.670000076293945,0.06,1.24,-0.008390949610331983,0.010789963055841437,3.6,0.02632522921499513,1.18,-0.030000000000000027,-0.524834519375251,0.4791427807070914
2021-08-20,137.1409454345703,0.0,18.559999465942383,0.05,1.26,0.0028478364300740305,0.010367979337176666,3.6,0.026250365918015005,1.21,0.020000000000000018,-0.5424761888729354,0.3601224703267859
2021-08-23,138.89599609375,0.0,17.149999618530273,0.05,1.25,0.012716227756070807,0.01063748167602074,3.6,0.025918673692869622,1.2,-0.010000000000000009,-0.5937374855955765,0.3061615100245299
2021-08-24,139.75576782226562,0.0,17.219999313354492,0.05,1.29,0.0061709600888723,0.010626512826197284,3.6,0.025759223079639185,1.24,0.040000000000000036,-0.6224140884249232,0.30884041155810976
2021-08-25,142.63650512695312,0.0,16.790000915527344,0.06,1.35,0.020403088286572637,0.01133576580420168,3.6,0.025238980699897495,1.29,0.06000000000000005,-0.602679630632871,0.2923842917097488
2021-08-26,143.37220764160156,0.0,18.84000015258789,0.05,1.34,0.005144627449919871,0.011342324871771553,3.6,0.025109468977412935,1.29,-0.010000000000000009,-0.5096079978710969,0.37083814945569765
2021-08-27,144.52452087402344,0.0,16.389999389648438,0.05,1.31,0.00800508843464535,0.011330150263037155,3.6,0.024909267840700775,1.26,-0.030000000000000027,-0.540704665970506,0.2770761578128485
2021-08-30,142.2110595703125,0.0,16.190000534057617,0.05,1.29,-0.016136898684995352,0.011853004039988693,3.6,0.02531448686816144,1.24,-0.020000000000000018,-0.5605860282766214,0.2694221638589906
2021-08-31,141.7767333984375,0.0,16.479999542236328,0.04,1.3,-0.0030587688714831924,0.011827617930362576,3.6,0.02539203657544331,1.26,0.010000000000000009,-0.52519105589609,0.28052048064019186
2021-09-01,141.5728759765625,0.0,16.110000610351562,0.05,1.31,-0.0014389111564188264,0.011689197909723375,3.6,0.025428599759434022,1.26,0.010000000000000009,-0.5367057750843881,0.26636055167852896
2021-09-02,142.228759765625,0.0,16.40999984741211,0.05,1.29,0.004622136550035087,0.011314964503128936,3.6,0.02531133651121155,1.24,-0.020000000000000018,-0.5791365534282343,0.27784157910661195
2021-09-03,141.36903381347656,0.0,16.40999984741211,0.05,1.33,-0.006063013219765847,0.011243295370708114,3.6,0.025465265644737084,1.28,0.040000000000000036,-0.6505655821191687,0.27784157910661195
2021-09-07,141.1208038330078,0.0,18.13999938964844,0.05,1.38,-0.0017574440654381904,0.009538579376520417,3.6,0.025510058773899707,1.3299999999999998,0.04999999999999982,-0.6753874954637018,0.34404898813071455
2021-09-08,140.49147033691406,0.0,17.959999084472656,0.05,1.35,-0.004469510752729185,0.009595412396973202,3.6,0.025624331437110043,1.3,-0.029999999999999805,-0.699787422281446,0.3371603424760277
2021-09-09,141.10305786132812,0.0,18.799999237060547,0.04,1.3,0.004343752628688727,0.009258115860442848,3.6,0.02551326707276587,1.26,-0.050000000000000044,-0.6865567741439433,0.36930730686817076
2021-09-10,139.4810028076172,0.0,20.950000762939453,0.05,1.35,-0.011562118816350834,0.009165643727271662,3.6,0.025809966429373856,1.3,0.050000000000000044,-0.6720729335640867,0.45158827108293687
2021-09-13,141.6969451904297,0.0,19.3700008392334,0.06,1.33,0.015762176777673335,0.00983275176151752,3.6,0.02540633459078373,1.27,-0.020000000000000018,-0.6103683795534229,0.3911213757728759
2021-09-14,139.2239532470703,0.0,19.459999084472656,0.04,1.28,-0.01760677715415016,0.010266201612410174,3.6,0.025857619440035222,1.24,-0.050000000000000044,-0.6176786774063577,0.3945656256056271
2021-09-15,140.19012451171875,0.0,18.18000030517578,0.04,1.31,0.006915722523136931,0.01031330148373168,3.6,0.025679412244897958,1.27,0.030000000000000027,-0.6299656923131127,0.34557983071824133
2021-09-16,140.1280517578125,0.0,18.690000534057617,0.04,1.34,-0.0004428735642253402,0.009946465980000182,3.6,0.02569078749643924,1.3,0.030000000000000027,-0.6449491546268703,0.36509763574165616
2021-09-17,139.76461791992188,0.0,20.809999465942383,0.04,1.37,-0.00259695291458578,0.009734872078845887,3.6,0.025757591968395176,1.33,0.030000000000000027,-0.5905325834744068,0.44623039502118494
2021-09-20,135.5808868408203,0.0,25.709999084472656,0.04,1.31,-0.030391293995060353,0.011733757270311661,3.6,0.02655241519570974,1.27,-0.06000000000000005,-0.6847335280927286,0.6337543053122909
2021-09-21,135.5986328125,0.0,24.36000061035156,0.03,1.33,0.0001308798815463737,0.011711005811615985,3.6,0.026548940246159607,1.3,0.020000000000000018,-0.8069471674642785,0.5820896088913252
2021-09-22,138.19577026367188,0.0,20.8700008392334,0.03,1.32,0.01897201200655962,0.012136850261499205,3.6,0.026050001336013016,1.29,-0.010000000000000009,-0.8554853864478316,0.4485266589024753
2021-09-23,142.86700439453125,0.0,18.6299991607666,0.03,1.41,0.03324285334769033,0.014126572028946975,3.6,0.0251982605448806,1.38,0.08999999999999986,-0.860931929858564,0.3628013718603658
2021-09-24,144.51564025878906,0.0,17.75,0.03,1.47,0.011473580474292523,0.013640904270797807,3.6,0.024910798537468734,1.44,0.06000000000000005,-0.831417060546849,0.3291236378752881
2021-09-27,148.0079803466797,0.0,18.76000022888184,0.04,1.48,0.02387845479144377,0.014534673797676728,3.6,0.024323012796794507,1.44,0.010000000000000009,-0.7098355447233536,0.3677765372752362
2021-09-28,147.2102508544922,0.0,23.25,0.04,1.54,-0.0054043507445211,0.014529861575844304,3.6,0.02445481873105676,1.5,0.06000000000000005,-0.4168234432442158,0.5396096760171524
2021-09-29,147.0950469970703,0.0,22.559999465942383,0.04,1.55,-0.0007828867787771359,0.014007855640061469,3.6,0.024473971581597177,1.51,0.010000000000000009,-0.25999402632702046,0.5132032253390508
2021-09-30,145.09181213378906,0.0,23.13999938964844,0.04,1.52,-0.013712226876703277,0.014373456579006152,3.6,0.024811875646576408,1.48,-0.030000000000000027,-0.17619687390120145,0.5353999318960457
2021-10-01,148.1409912109375,0.0,21.100000381469727,0.04,1.48,0.020797734432829888,0.014983166661786779,3.6,0.024301173973339838,1.44,-0.040000000000000036,-0.1333377864419412,0.45732878479697836
2021-10-04,147.98138427734375,0.0,22.959999084472656,0.04,1.49,-0.0010779796615259726,0.014987954074186825,3.6,0.024327384269179103,1.45,0.010000000000000009,-0.04008334860905908,0.5285112862413589
2021-10-05,150.39794921875,1.0,21.299999237060547,0.04,1.54,0.016198291966077062,0.015183443514240275,4.6,0.030585523432300372,1.5,0.050000000000000044,-0.026528089991947394,0.4649827787508363
2021-10-06,150.71896362304688,0.0,21.0,0.04,1.53,0.0021321587212151105,0.0151468511177579,4.6,0.030520379714823093,1.49,-0.010000000000000009,-0.03334332157998054,0.45350175132275333
2021-10-07,151.673095703125,0.0,19.540000915527344,0.05,1.58,0.006310584005455548,0.01505871701898164,4.6,0.03032838473214616,1.53,0.050000000000000044,-0.11666185571469957,0.39762731078068086
2021-10-08,151.7890625,0.0,18.770000457763672,0.05,1.61,0.0007642916876802247,0.015070685872711712,4.6,0.03030521385557671,1.56,0.030000000000000027,-0.2057260753125008,0.36815924792211774
2021-10-11,148.59666442871094,0.0,20.0,0.055,1.6,-0.02125612493570373,0.015690083450835883,4.6,0.030956280328935944,1.5450000000000002,-0.010000000000000009,-0.2176405117043417,0.4152315625696871
2021-10-12,147.45529174804688,0.0,19.850000381469727,0.06,1.59,-0.00771066234696854,0.015572202082160109,4.6,0.03119589636606534,1.53,-0.010000000000000009,-0.24894039401384155,0.4094910488556456
2021-10-13,143.56735229492188,0.0,18.63999938964844,0.05,1.56,-0.026720743981688833,0.016254983585566228,3.7,0.025771875993083095,1.51,-0.030000000000000027,-0.27315224095933643,0.36318408250724765
2021-10-14,145.76992797851562,0.0,16.860000610351562,0.05,1.52,0.015225263950487403,0.0164937435629827,3.7,0.025382464348513135,1.47,-0.040000000000000036,-0.3344291344762526,0.29506319324332864
2021-10-15,148.56996154785156,0.0,16.299999237060547,0.05,1.59,0.019026425824579914,0.016900088638919303,3.7,0.02490409206176109,1.54,0.07000000000000006,-0.41915546033207735,0.27363183498550514
2021-10-18,148.51644897460938,0.0,16.309999465942383,0.06,1.59,-0.0003602492199276866,0.01687149343840777,3.7,0.024913065357713735,1.53,0.0,-0.4418820846890492,0.2740145456323869
2021-10-19,150.31771850585938,0.0,15.699999809265137,0.05,1.65,0.012055457793659262,0.015138236991461194,3.7,0.02461453005525609,1.5999999999999999,0.05999999999999983,-0.3181455906158651,0.2506697436320431
2021-10-20,152.34190368652344,0.0,15.489999771118164,0.05,1.65,0.013376183759821508,0.015204793124836496,3.7,0.024287473836571937,1.5999999999999999,0.0,-0.19862365537363677,0.24263300253400732
2021-10-21,151.14700317382812,0.0,15.010000228881836,0.06,1.68,-0.007874466974249926,0.015147851647707352,3.7,0.024479479727062655,1.6199999999999999,0.030000000000000027,-0.22734387769668724,0.22426332945123767
2021-10-22,153.18011474609375,0.0,15.43000030517578,0.06,1.66,0.01336155538084475,0.01380831044349867,3.7,0.024154571277955998,1.5999999999999999,-0.020000000000000018,-0.36152074968466325,0.2403368116473091
2021-10-25,152.43109130859375,0.0,15.239999771118164,0.06,1.64,-0.004901815918016012,0.013787142873268049,3.7,0.024273263205269735,1.5799999999999998,-0.020000000000000018,-0.4809128830138401,0.23306545534574077
2021-10-26,152.84127807617188,0.0,15.979999542236328,0.06,1.63,0.0026873510712018614,0.01289376554759128,3.7,0.02420811999593475,1.5699999999999998,-0.010000000000000009,-0.5163447000678902,0.2613853862636587
2021-10-27,149.6578369140625,0.0,16.979999542236328,0.06,1.54,-0.0210483835135802,0.013738692707761038,3.7,0.024723062128210755,1.48,-0.08999999999999986,-0.4922908593755475,0.29965557501672496
2021-10-28,151.9139404296875,0.0,16.530000686645508,0.06,1.57,0.014962577907482148,0.014074384816402748,3.7,0.024355895117555218,1.51,0.030000000000000027,-0.475935137457255,0.2824340338746005
2021-10-29,151.49478149414062,0.0,16.260000228881836,0.05,1.55,-0.0027630003485067294,0.01367854518925171,3.7,0.024423283518469615,1.5,-0.020000000000000018,-0.3851185531945665,0.27210106539257045
2021-11-01,151.41453552246094,0.0,16.40999984741211,0.05,1.58,-0.0005298349641225441,0.012992002957983629,3.7,0.024436227256736123,1.53,0.030000000000000027,-0.3660360948595494,0.27784157910661195
2021-11-02,152.0120086669922,0.0,16.030000686645508,0.05,1.56,0.003938178304892301,0.012997211565917113,3.7,0.02434018228195031,1.51,-0.020000000000000018,-0.33197967467293826,0.2632989394980674
2021-11-03,152.06549072265625,0.0,15.100000381469728,0.05,1.6,0.00035176595652697517,0.01253971314185623,3.7,0.024331621740189716,1.55,0.040000000000000036,-0.40164329441644403,0.22770765227858109
2021-11-04,150.06802368164062,0.0,15.4399995803833,0.04,1.53,-0.013222605559096533,0.012884248017100591,3.7,0.024655485620636314,1.49,-0.07000000000000006,-0.4701792859267776,0.2407194857968948
2021-11-05,149.85403442382812,0.0,16.479999542236328,0.05,1.45,-0.0014269660289423017,0.01279892423895548,3.7,0.024690693275133253,1.4,-0.08000000000000007,-0.5691973640595861,0.28052048064019186
2021-11-08,150.754638671875,0.0,17.219999313354492,0.06,1.51,0.005991889277736587,0.012876866202728245,3.7,0.024543191722632397,1.45,0.06000000000000005,-0.6513159960350758,0.30884041155810976
2021-11-09,149.6132354736328,0.0,17.780000686645508,0.04,1.46,-0.007600071715670285,0.0120876489526863,3.7,0.024730432359723095,1.42,-0.050000000000000044,-0.6859188798908998,0.33027176981593326
2021-11-10,149.4705810546875,0.0,18.729999542236328,0.05,1.56,-0.0009539428205728405,0.011952237461281889,3.7,0.024754035034133332,1.51,0.10000000000000009,-0.6458465233207171,0.36662840533459085
2021-11-11,149.461669921875,0.0,17.65999984741211,0.05,1.57,-5.9619748528490465e-05,0.010185304890974826,3.7,0.024755510907472293,1.52,0.010000000000000009,-0.5063526469104014,0.32567931504794473
2021-11-12,148.79286193847656,0.0,16.290000915527344,0.05,1.58,-0.004484821070371386,0.009798323167966376,3.7,0.024866784278468213,1.53,0.010000000000000009,-0.5244825297411373,0.2732491973332156
2021-11-15,148.5253448486328,0.0,16.489999771118164,0.05,1.63,-0.0017995343435361635,0.00889222643057442,3.7,0.024911573198303595,1.5799999999999998,0.04999999999999982,-0.5379857431460476,0.2809031912870736
2021-11-16,147.45529174804688,0.0,16.3700008392334,0.05,1.63,-0.007230593020422786,0.009030895002815858,3.7,0.025092351424878645,1.5799999999999998,0.0,-0.5109316892414126,0.27631080951367726
2021-11-17,146.66165161132812,0.0,17.110000610351562,0.05,1.6,-0.005396778940365674,0.008627021712414999,3.7,0.02522813536701105,1.55,-0.029999999999999805,-0.5358075300866538,0.3046307404315952
2021-11-18,145.39541625976562,0.0,17.59000015258789,0.05,1.59,-0.008671204533962844,0.008092986214909484,3.7,0.025447844885216498,1.54,-0.010000000000000009,-0.5570126862730924,0.32300041351436487
2021-11-19,143.4960174560547,0.0,17.90999984741211,0.05,1.54,-0.013149757671417885,0.008354832929728585,3.7,0.0257846877257978,1.49,-0.050000000000000044,-0.6112601943600435,0.3352468622362113
2021-11-22,146.55462646484375,0.0,19.170000076293945,0.05,1.63,0.02109095395386412,0.009213457001563027,3.7,0.025246558837824028,1.5799999999999998,0.08999999999999986,-0.6148376457172406,0.3834673088244258
2021-11-23,150.05911254882812,0.0,19.3799991607666,0.06,1.67,0.02363106427559833,0.010755327114345872,3.7,0.024656949765686824,1.6099999999999999,0.040000000000000036,-0.477605413614265,0.39150401342516544
2021-11-24,148.88204956054688,0.0,18.57999992370605,0.06,1.64,-0.007874921358254159,0.010833385789919457,3.7,0.024851887859693226,1.5799999999999998,-0.030000000000000027,-0.4352112387689336,0.36088789162054924
2021-11-26,144.3966522216797,0.0,28.6200008392334,0.06,1.48,-0.030590336636703973,0.011857049907832234,3.7,0.02562386276324267,1.42,-0.15999999999999992,-0.5472679446928808,0.7451206217387385
2021-11-29,143.77244567871094,0.0,22.959999084472656,0.06,1.52,-0.004332230789401781,0.011232076410608334,3.7,0.025735112055257168,1.46,0.040000000000000036,-0.61662839676412,0.5285112862413589
2021-11-30,141.63233947753906,0.0,27.190000534057617,0.05,1.43,-0.01499727001589208,0.011552417521417892,3.7,0.02612397714850124,1.38,-0.09000000000000008,-0.7167115886843005,0.690394240142719
2021-12-01,140.7941436767578,0.0,31.1200008392334,0.06,1.43,-0.005935691670211885,0.01155004243339581,3.7,0.02627950213962481,1.3699999999999999,0.0,-0.7877294078482258,0.8407960936214041
2021-12-02,143.75465393066406,0.0,27.950000762939453,0.05,1.44,0.020809204669156724,0.012627108513596014,3.7,0.025738297153040966,1.39,0.010000000000000009,-0.797704186018124,0.7194795923544004
2021-12-03,141.15078735351562,0.0,30.670000076293945,0.06,1.35,-0.018279321505989283,0.01305230936830758,3.7,0.02621310209721508,1.29,-0.08999999999999986,-0.8233140671052143,0.8235744794846874
2021-12-06,142.81832885742188,0.0,27.18000030517578,0.06,1.43,0.011744662194946017,0.013262312384973047,3.7,0.0259070388906019,1.3699999999999999,0.07999999999999985,-0.8256727750660554,0.6900115294958373
2021-12-07,144.96737670898438,0.0,21.88999938964844,0.06,1.48,0.014935333880839462,0.01378988422482946,3.7,0.025522983749837642,1.42,0.050000000000000044,-0.8166658618403723,0.4875621959547129
2021-12-08,143.3087615966797,0.0,19.899999618530277,0.07,1.52,-0.011507254290294994,0.013838168451232457,3.7,0.02581837955178956,1.45,0.040000000000000036,-0.7867610694773853,0.41140452909546216
2021-12-09,143.0858154296875,0.0,21.57999992370605,0.06,1.49,-0.0015569164356529044,0.013787628952063946,3.7,0.025858607919232803,1.43,-0.030000000000000027,-0.7691245336975306,0.4756984578797479
2021-12-10,142.51513671875,0.0,18.690000534057617,0.06,1.48,-0.003996341511875619,0.013790700958645027,3.7,0.025962154513466566,1.42,-0.010000000000000009,-0.7212796481628019,0.36509763574165616
2021-12-13,140.8208770751953,0.0,20.309999465942383,0.05,1.42,-0.011959509241082085,0.01393905909239681,3.7,0.026274513245818514,1.3699999999999999,-0.06000000000000005,-0.6552947400786425,0.4270953006446518
2021-12-14,141.8998565673828,0.0,21.88999938964844,0.05,1.44,0.007632865950678387,0.014117060854812456,3.7,0.026074726849656903,1.39,0.020000000000000018,-0.6111976583497347,0.4875621959547129
2021-12-15,140.8386993408203,0.0,19.290000915527344,0.06,1.47,-0.007506314133228677,0.014162632986813911,3.7,0.0262711883688037,1.41,0.030000000000000027,-0.5087997955673774,0.38805976359241434
2021-12-16,143.04124450683594,0.0,20.56999969482422,0.05,1.44,0.015517752567108125,0.014646858792290844,3.7,0.025866665329685224,1.39,-0.030000000000000027,-0.4546528777391933,0.4370455584798001
2021-12-17,139.7864532470703,0.0,21.56999969482422,0.05,1.41,-0.023017087645027377,0.015371214054826101,3.7,0.026468945409612116,1.3599999999999999,-0.030000000000000027,-0.3746902629811371,0.47531574723286635
2021-12-20,137.27182006835938,0.0,22.8700008392334,0.07,1.43,-0.01815287593843283,0.015703796653112233,3.7,0.026953820515801814,1.3599999999999999,0.020000000000000018,-0.3098025953927652,0.5250670364086077
2021-12-21,139.1890106201172,0.0,21.01000022888184,0.07,1.48,0.013869749874084092,0.01591355155680388,3.7,0.02658255837523163,1.41,0.050000000000000044,-0.26741142826573233,0.45388446196963517
2021-12-22,139.7329559326172,0.0,18.6299991607666,0.08,1.46,0.003900345381867068,0.015118269956372773,3.7,0.026479079149976867,1.38,-0.020000000000000018,-0.1568305847016836,0.3628013718603658
2021-12-23,140.23233032226562,0.0,17.959999084472656,0.08,1.5,0.003567405987585624,0.013991590723066239,3.7,0.026384785815775084,1.42,0.040000000000000036,-0.0019061007287893967,0.3371603424760277
2021-12-27,141.03488159179688,0.0,17.68000030517578,0.06,1.48,0.005706697500113622,0.01407953602767005,3.7,0.026234644637126468,1.42,-0.020000000000000018,0.2106823634857915,0.3264447363417082
2021-12-28,141.46292114257812,0.0,17.540000915527344,0.06,1.49,0.0030303943903683384,0.012565095819253335,3.7,0.026155263655773316,1.43,0.010000000000000009,0.12141864052111602,0.3210869332745484
2021-12-29,141.39154052734375,0.0,16.950000762939453,0.05,1.55,-0.0005047162157402867,0.012541738219504215,3.7,0.026168467973403657,1.5,0.06000000000000005,0.11423780599474301,0.298507516070672
2021-12-30,141.32020568847656,0.0,17.329999923706055,0.05,1.52,-0.0005046471633098275,0.012112570797664604,3.7,0.026181677149240825,1.47,-0.030000000000000027,0.11336579080481395,0.31305015567921657
2021-12-31,141.2042999267578,0.0,17.219999313354492,0.06,1.52,-0.0008205006356447884,0.012040674933142622,3.7,0.02620316804742616,1.46,0.0,0.18802485934828786,0.30884041155810976
2022-01-03,144.19155883789062,0.0,16.600000381469727,0.09,1.63,0.020934907924189936,0.01205149129854613,3.7,0.025660309312279347,1.5399999999999998,0.10999999999999988,-0.026407919950351747,0.28511293540818033
2022-01-04,149.6578369140625,0.0,16.90999984741211,0.08,1.66,0.03720891595522088,0.013770413002261533,3.7,0.024723062128210755,1.5799999999999998,0.030000000000000027,-0.17004829485231235,0.29697667348314505
2022-01-05,146.92178344726562,1.0,19.729999542236328,0.09,1.71,-0.01845124143563631,0.014352487755820749,3.8000000000000003,0.025864102046950225,1.6199999999999999,0.050000000000000044,-0.2557867640776093,0.4048985940876571
2022-01-06,148.48265075683594,0.0,19.61000061035156,0.1,1.73,0.0105677617189918,0.014176328830707874,3.8000000000000003,0.025592215525725676,1.63,0.020000000000000018,-0.28888538056428137,0.4003062123142606
2022-01-07,149.95387268066406,0.0,18.76000022888184,0.1,1.76,0.009859609844129867,0.013988682813295029,3.8000000000000003,0.025341126121446244,1.66,0.030000000000000027,-0.28362740706430806,0.3677765372752362
2022-01-10,150.097412109375,0.0,19.399999618530277,0.13,1.78,0.0009567660392526006,0.013966038152568735,3.8000000000000003,0.02531689218752796,1.65,0.020000000000000018,-0.25893070294374526,0.39226943471892906
2022-01-11,150.24989318847656,0.0,18.40999984741211,0.12,1.75,0.0010153651423680762,0.013896104375049376,3.8000000000000003,0.025291199343704038,1.63,-0.030000000000000027,-0.2712843528920882,0.3543819566127444
2022-01-12,151.1021270751953,0.0,17.6200008392334,0.12,1.74,0.005656083924552017,0.013504723658289869,3.8000000000000003,0.025148553985007416,1.62,-0.010000000000000009,-0.2960159752168802,0.32414854545501004
2022-01-13,150.9136962890625,0.0,20.309999465942383,0.12,1.7,-0.0012478207829218558,0.0135031326793039,3.8000000000000003,0.02517995446033884,1.58,-0.040000000000000036,-0.19637637239434505,0.4270953006446518
2022-01-14,141.6380615234375,0.0,19.190000534057617,0.13,1.78,-0.06343318445478947,0.01973981395142727,3.8000000000000003,0.026828946676675583,1.65,0.08000000000000007,-0.19375707507604173,0.38423273011818926
2022-01-18,135.69943237304688,0.0,22.790000915527344,0.17,1.87,-0.042832557332529636,0.021513196976451775,3.8000000000000003,0.028003064814254672,1.7000000000000002,0.09000000000000008,-0.3274133019905529,0.5220054242281461
2022-01-19,133.60032653808594,0.0,23.850000381469727,0.17,1.83,-0.01558967863046416,0.021218210996011323,3.8000000000000003,0.028443044253463858,1.6600000000000001,-0.040000000000000036,-0.4433262908911903,0.5625718038679105
2022-01-20,132.4610595703125,0.0,25.59000015258789,0.18,1.83,-0.008563993050148242,0.020958317928009104,3.8000000000000003,0.028687676305223106,1.6500000000000001,0.0,-0.5341949370608094,0.6291619235388947
2022-01-21,130.14662170410156,0.0,28.850000381469727,0.17,1.75,-0.01762703803428253,0.020915439102145748,3.8000000000000003,0.029197838178539853,1.58,-0.08000000000000007,-0.6495429483870424,0.7539227476332416
2022-01-24,130.02996826171875,0.0,29.899999618530277,0.2,1.75,-0.0008967251835766175,0.020860152702447024,3.8000000000000003,0.02922403235807551,1.55,0.0,-0.7298738485363679,0.7941064166261246
2022-01-25,131.4473419189453,0.0,31.15999984741211,0.2,1.78,0.010841380759713724,0.021041703424031864,3.8000000000000003,0.028908914737455882,1.58,0.030000000000000027,-0.773110505543416,0.8423268632143388
2022-01-26,132.6942901611328,0.0,31.959999084472656,0.19,1.85,0.009441582498472087,0.021135267253439453,3.8000000000000003,0.02863725330898262,1.6600000000000001,0.07000000000000006,-0.7952665006090927,0.8729429850189548
2022-01-27,130.35293579101562,0.0,30.489999771118164,0.2,1.81,-0.01780224974053995,0.021330862103401817,3.8000000000000003,0.029151625753118707,1.61,-0.040000000000000036,-0.8285093700255306,0.8166858338300007
2022-01-28,131.51910400390625,0.0,27.65999984741211,0.19,1.78,0.008906456165749877,0.021503809525894306,3.8000000000000003,0.028893140876987244,1.59,-0.030000000000000027,-0.8548766715818942,0.7083812025786069
2022-01-31,133.30429077148438,0.0,24.82999992370605,0.24,1.79,0.013482296837658237,0.021813867091751416,3.8000000000000003,0.028506209200078295,1.55,0.010000000000000009,-0.8698803132215495,0.6000765713272131
2022-02-01,135.59181213378906,0.0,21.959999084472656,0.2,1.81,0.01701457568906331,0.02223708382974503,3.8000000000000003,0.02802529105703317,1.61,0.020000000000000018,-0.8778829693819127,0.49024109748829264
2022-02-02,134.50636291503906,0.0,22.09000015258789,0.2,1.78,-0.008037485347602449,0.021638165900577894,3.8000000000000003,0.028251451586719878,1.58,-0.030000000000000027,-0.8713086725073926,0.4952162629031629
2022-02-03,133.39402770996094,0.0,24.350000381469727,0.21,1.82,-0.008304143152486973,0.01955585801201583,3.8000000000000003,0.028487032479912463,1.61,0.040000000000000036,-0.8548595368827885,0.5817068982444437
2022-02-04,136.85665893554688,0.0,23.21999931335449,0.23,1.93,0.02562673025880982,0.02043934879997641,3.8000000000000003,0.027766277721200425,1.7,0.10999999999999988,-0.8459073950561175,0.538461544076507
2022-02-07,137.31417846679688,0.0,22.86000061035156,0.28,1.92,0.0033374808223135045,0.020252708653992837,3.8000000000000003,0.027673762771110017,1.64,-0.010000000000000009,-0.8358035795009133,0.5246843257617259
2022-02-08,139.89773559570312,0.0,21.440000534057617,0.27,1.96,0.018640121892643323,0.0206342023250789,3.8000000000000003,0.027162698408370198,1.69,0.040000000000000036,-0.8225221414388632,0.4703406548125883
2022-02-09,140.48081970214844,0.0,19.959999084472656,0.27,1.94,0.004159269216686398,0.02067906400284828,3.8000000000000003,0.027049956058463154,1.67,-0.020000000000000018,-0.8151915622380658,0.4137007199821602
2022-02-10,139.89773559570312,0.0,23.90999984741211,0.41,2.03,-0.004159269216686508,0.02065772944973741,3.8000000000000003,0.027162698408370198,1.6199999999999999,0.08999999999999986,-0.7937841092815651,0.5648679947546087
2022-02-11,138.07669067382812,0.0,27.36000061035156,0.37,1.92,-0.013102435345461128,0.020652149002338558,3.8000000000000003,0.02752093768655389,1.5499999999999998,-0.10999999999999988,-0.7297888196081759,0.6969001751505239
2022-02-14,136.79391479492188,0.0,28.32999992370605,0.45,1.98,-0.009333738611420655,0.02066791296677518,3.8000000000000003,0.027779013457556706,1.53,0.06000000000000005,-0.7419336625570092,0.734022231962945
2022-02-15,138.79434204101562,0.0,25.700000762939453,0.41,2.05,0.014517762142781715,0.01607819649200221,3.8000000000000003,0.02737863766000669,1.64,0.06999999999999984,-0.6689461075528588,0.6333716676600014
2022-02-16,139.04556274414062,0.0,24.290000915527344,0.39,2.03,0.0018083850970383012,0.012903763565837603,3.8000000000000003,0.027329171280297705,1.6399999999999997,-0.020000000000000018,-0.6699780646853158,0.5794107073577455
2022-02-17,135.84298706054688,0.0,28.11000061035156,0.37,1.97,-0.02330195707381179,0.0135002685586148,3.8000000000000003,0.02797347203728886,1.6,-0.05999999999999983,-0.6755206960529906,0.7256028167153237
2022-02-18,136.4799346923828,0.0,27.75,0.35,1.92,0.004677893357238713,0.013349797330647306,3.8000000000000003,0.0278429207089303,1.5699999999999998,-0.050000000000000044,-0.6752816969109845,0.7118255254059503
2022-02-22,136.23770141601562,0.0,28.809999465942383,0.39,1.94,-0.0017764405964051833,0.012648520609833043,3.8000000000000003,0.0278924259621521,1.5499999999999998,0.020000000000000018,-0.642603578089309,0.7523919050457147
2022-02-23,133.3850555419922,0.0,31.020000457763672,0.36,1.99,-0.021161064848020203,0.013629761390636238,3.8000000000000003,0.028488948664895125,1.63,0.050000000000000044,-0.6264267581628602,0.836969060147179
2022-02-24,129.67117309570312,0.0,30.31999969482422,0.33,1.96,-0.02823829148676514,0.014861635124271437,3.8000000000000003,0.02930489413553335,1.63,-0.030000000000000027,-0.6244231391098608,0.8101798988221958
2022-02-25,132.7391815185547,0.0,27.59000015258789,0.33,1.97,0.023384353351137567,0.01562667031241182,3.8000000000000003,0.02862756841293936,1.64,0.010000000000000009,-0.6082186979263106,0.7057023010450271
2022-02-28,127.20423889160156,0.0,30.149999618530277,0.37,1.83,-0.042592186678729334,0.017822128806843213,3.8000000000000003,0.029873218322843866,1.46,-0.1399999999999999,-0.6086039732620555,0.803673963814391
2022-03-01,122.40489196777344,0.0,33.31999969482422,0.32,1.72,-0.038459638633741466,0.01941036556919102,3.8000000000000003,0.031044510876252054,1.4,-0.1100000000000001,-0.7051317268025098,0.9249904650813945
2022-03-02,124.94361114501952,0.0,30.739999771118164,0.33,1.86,0.020528188344814728,0.019774615547593365,3.8000000000000003,0.03041371995875337,1.53,0.14000000000000012,-0.7389433676055555,0.8262533810182673
2022-03-03,124.05549621582033,0.0,30.479999542236328,0.37,1.86,-0.007133509069418075,0.0192423594414953,3.8000000000000003,0.030631452179991366,1.4900000000000002,0.0,-0.7653615440019053,0.8163031231831189
2022-03-04,120.56590270996094,0.0,31.979999542236328,0.33,1.74,-0.02853250172613317,0.019951572347907676,3.8000000000000003,0.031518032168194855,1.41,-0.1200000000000001,-0.8093140148495007,0.8737084063127183
2022-03-08,115.09380340576172,0.0,35.130001068115234,0.36,1.86,-0.046449036220918026,0.021889590854167012,3.8000000000000003,0.03301654726452257,1.5,0.1200000000000001,-0.8563275876712575,0.9942595592805507
2022-03-09,119.70475006103516,0.0,32.45000076293945,0.38,1.94,0.03928081716127755,0.023078501380805874,3.8000000000000003,0.03174477201666979,1.56,0.07999999999999985,-0.8657255924657843,0.8916954417431985
2022-03-10,118.28738403320312,0.0,30.229999542236328,0.38,1.98,-0.011911173373114451,0.02299733057844499,3.8000000000000003,0.03212515037895626,1.6,0.040000000000000036,-0.8457154012023801,0.8067355759948525
2022-03-11,115.6230926513672,0.0,30.75,0.39,2.0,-0.022781421744691728,0.022448808954706904,3.8000000000000003,0.03286540701223033,1.6099999999999999,0.020000000000000018,-0.821316764205737,0.826636091665149
2022-03-14,116.77131652832033,0.0,31.770000457763672,0.45,2.14,0.009881762858149623,0.022651307479998675,3.8000000000000003,0.03254223822233256,1.6900000000000002,0.14000000000000012,-0.847012336281305,0.8656717017119787
2022-03-15,118.8435516357422,0.0,29.82999992370605,0.46,2.15,0.01759047344250683,0.02336037231043126,3.8000000000000003,0.031974810140705606,1.69,0.009999999999999787,-0.8142886610902191,0.7914275150925444
2022-03-16,124.15419006347656,0.0,26.670000076293945,0.43,2.19,0.04371632538351316,0.02586740835276835,3.8000000000000003,0.030607102330232807,1.76,0.040000000000000036,-0.7481448653545784,0.6704937244724225
2022-03-17,125.72405242919922,0.0,25.670000076293945,0.4,2.2,0.012565183784442442,0.026126666811548387,3.8000000000000003,0.03022492455960206,1.8000000000000003,0.010000000000000231,-0.6963803124981635,0.6322235357193562
2022-03-18,125.67921447753906,0.0,23.8700008392334,0.41,2.14,-0.0003567014278474346,0.025798583161592357,3.8000000000000003,0.03023570775642557,1.7300000000000002,-0.06000000000000005,-0.5819183044579396,0.563337225161674
2022-03-21,125.27552795410156,0.0,23.530000686645508,0.55,2.32,-0.0032172085509921807,0.025758208858361872,3.8000000000000003,0.03033313897820685,1.7699999999999998,0.17999999999999972,-0.43985279899924246,0.5503253551460641
2022-03-22,127.93982696533205,0.0,22.940000534057617,0.51,2.38,0.02104451635563883,0.025996536879700702,3.8000000000000003,0.02970146271207393,1.8699999999999999,0.06000000000000005,-0.4339927607017413,0.5277459379421876
2022-03-23,125.39212036132812,0.0,23.56999969482422,0.5,2.32,-0.02011426136327646,0.02619952608584561,3.8000000000000003,0.03030493454492974,1.8199999999999998,-0.06000000000000005,-0.4171179231460821,0.5518561247389988
2022-03-24,126.20848083496094,0.0,21.670000076293945,0.5,2.34,0.006489359203558935,0.02629706103713625,3.8000000000000003,0.03010891165839439,1.8399999999999999,0.020000000000000018,-0.463147213246291,0.4791427807070914
2022-03-25,127.31190490722656,0.0,20.809999465942383,0.53,2.48,0.008704870313827915,0.02610911290548274,3.8000000000000003,0.029847954932173057,1.95,0.14000000000000012,-0.5967900776714861,0.44623039502118494
2022-03-28,126.36996459960938,0.0,19.6299991607666,0.6,2.46,-0.007426188070193432,0.025458989635437267,3.8000000000000003,0.030070436531654664,1.8599999999999999,-0.020000000000000018,-0.6615354379351973,0.401071560613432
2022-03-29,126.6480712890625,0.0,18.899999618530277,0.56,2.41,0.0021983160249772816,0.02484733496123759,3.8000000000000003,0.030004404815031506,1.85,-0.04999999999999982,-0.7501878088878117,0.37313434034239595
2022-03-30,126.07392120361328,0.0,19.32999992370605,0.55,2.35,-0.004543736519241028,0.023082063225295622,3.8000000000000003,0.03014104712316263,1.8,-0.06000000000000005,-0.8089381242685538,0.3895905331853489
2022-03-31,122.28829193115234,0.0,20.559999465942383,0.51,2.32,-0.030487105402899332,0.02248299690897964,3.8000000000000003,0.03107411134779264,1.8099999999999998,-0.03000000000000025,-0.7971210677759608,0.43666284783291837
2022-04-01,121.38224029541016,0.0,19.6299991607666,0.52,2.39,-0.007436728628772358,0.022027055350564612,3.8000000000000003,0.031306062491117906,1.87,0.07000000000000028,-0.786820304419666,0.401071560613432
2022-04-04,121.92049407958984,0.0,18.56999969482422,0.67,2.42,0.004424567308453123,0.022020426643049665,2.9000000000000004,0.023785992846345232,1.75,0.029999999999999805,-0.7746839965200549,0.3605051809736676
2022-04-05,120.50164794921876,1.0,21.030000686645508,0.65,2.54,-0.011705715655877314,0.021254694896781418,3.9000000000000004,0.03236470261090139,1.8900000000000001,0.1200000000000001,-0.743081042792339,0.4546498832633985
2022-04-06,118.8297882080078,0.0,22.100000381469727,0.67,2.61,-0.013971310774773697,0.018740792217631416,3.9000000000000004,0.03282005344630568,1.94,0.06999999999999984,-0.6316030303026167,0.4955989735500446
2022-04-07,118.46829986572266,0.0,21.549999237060547,0.68,2.66,-0.003046704883660002,0.016634460425997758,3.9000000000000004,0.03292019894284325,1.98,0.050000000000000266,-0.5662825692303257,0.47455032593910285
2022-04-08,120.63722229003906,0.0,21.15999984741211,0.69,2.72,0.018142466104524597,0.016893913668114897,3.9000000000000004,0.03232833055972991,2.0300000000000002,0.06000000000000005,-0.49651885286893027,0.45962497568367655
2022-04-11,120.19441223144533,0.0,24.3700008392334,0.78,2.79,-0.0036773454490617464,0.016045945081561167,3.9000000000000004,0.03244743185307312,2.01,0.06999999999999984,-0.3786791529519441,0.5824723195382071
2022-04-12,118.87498474121094,0.0,24.26000022888184,0.74,2.72,-0.011038141255754749,0.016171042281487153,3.9000000000000004,0.032807575189096695,1.9800000000000002,-0.06999999999999984,-0.2054083756914992,0.5782625754171005
2022-04-13,115.043212890625,0.0,21.81999969482422,0.75,2.7,-0.03276457045775276,0.017261267915496585,3.9000000000000004,0.03390030495504195,1.9500000000000002,-0.020000000000000018,-0.008288958517147907,0.48488329442113287
2022-04-14,113.9768295288086,0.0,22.700000762939453,0.78,2.83,-0.009312644058670008,0.013850251986856328,3.9000000000000004,0.03421748101015779,2.05,0.1299999999999999,-0.09149504998044883,0.5185611014008028
2022-04-18,116.09153747558594,0.0,22.170000076293945,0.82,2.85,0.018383818097570073,0.01425211341603413,3.9000000000000004,0.03359417994459907,2.0300000000000002,0.020000000000000018,-0.20522624420568336,0.4982778750836245
2022-04-19,118.49542236328124,0.0,21.3700008392334,0.82,2.93,0.02049533389656271,0.015198649162804662,3.9000000000000004,0.03291266381618901,2.1100000000000003,0.08000000000000007,-0.26935913324505645,0.4676617532790084
2022-04-20,118.9111328125,0.0,20.31999969482422,0.82,2.85,0.0035021010585964607,0.015260092668550041,3.9000000000000004,0.032797601938159573,2.0300000000000002,-0.08000000000000007,-0.31206347150315344,0.4274780112915335
2022-04-21,117.98932647705078,0.0,22.68000030517578,0.82,2.9,-0.007782264251725487,0.014304521669893586,3.9000000000000004,0.033053837295685895,2.08,0.04999999999999982,-0.4447328926943599,0.5177956801070394
2022-04-22,114.60039520263672,0.0,28.209999084472656,0.82,2.9,-0.029142913975896783,0.014939228086532612,3.9000000000000004,0.0340312962542931,2.08,0.0,-0.6139518659545721,0.7294297771949565
2022-04-25,114.56423950195312,0.0,27.020000457763672,0.93,2.81,-0.00031554346097246625,0.014766633372898004,3.9000000000000004,0.03404203630168131,1.88,-0.08999999999999986,-0.6897832554390539,0.683888305134914
2022-04-26,111.17529296875,0.0,33.52000045776367,0.84,2.77,-0.030027537756511985,0.015424713227119205,3.9000000000000004,0.0350797366560234,1.9300000000000002,-0.040000000000000036,-0.7661027778782289,0.9326445320298445
2022-04-27,109.7293472290039,0.0,31.600000381469727,0.82,2.82,-0.013091317495370725,0.015491961281049028,3.9000000000000004,0.03554199581503702,2.0,0.04999999999999982,-0.8211872932758106,0.8591657667041738
2022-04-28,111.46448516845705,0.0,29.989999771118164,0.81,2.85,0.015689167392356165,0.01614633673674752,3.9000000000000004,0.03498872303681216,2.04,0.03000000000000025,-0.8443321932810324,0.7975507394534675
2022-04-29,107.8676986694336,0.0,33.400001525878906,0.83,2.89,-0.0328005576305504,0.017157535160510107,3.9000000000000004,0.036155401923904595,2.06,0.040000000000000036,-0.8883968032080244,0.9280521502564483
2022-05-02,108.85274505615234,0.0,32.34000015258789,0.9,2.99,0.00909054220537816,0.01666444675052728,3.9000000000000004,0.03582821910451741,2.0900000000000003,0.10000000000000009,-0.9041225042830789,0.8874856976220916
2022-05-03,111.18434143066406,0.0,29.25,0.9,2.97,0.02119355136013862,0.017644052001166005,3.9000000000000004,0.03507688177864586,2.0700000000000003,-0.020000000000000018,-0.9015127021021279,0.7692308085355496
2022-05-04,114.86246490478516,0.0,25.420000076293945,0.88,2.93,0.03254589785710668,0.019317453157624728,3.9000000000000004,0.0339536505962404,2.0500000000000003,-0.040000000000000036,-0.8893519496312984,0.6226559885310897
2022-05-05,111.98863983154295,0.0,31.200000762939453,0.84,3.05,-0.02533801921064723,0.019851950241988426,3.9000000000000004,0.03482496086983921,2.21,0.11999999999999966,-0.8851713226431214,0.8438577058018657
2022-05-06,111.8079071044922,0.0,30.190000534057617,0.84,3.12,-0.001615152412449498,0.019708319656267393,3.9000000000000004,0.03488125393810638,2.2800000000000002,0.07000000000000028,-0.8837239799684932,0.8052048064019177
2022-05-09,110.1269989013672,0.0,34.75,0.92,3.05,-0.015148048366902787,0.019888898477223263,3.9000000000000004,0.035413659129065606,2.13,-0.07000000000000028,-0.8797043198508174,0.9797168466774139
2022-05-10,107.44293212890624,0.0,32.9900016784668,0.89,2.99,-0.024674392603426586,0.019756034931077363,3.9000000000000004,0.03629833924600008,2.1,-0.05999999999999961,-0.877517875864086,0.9123613787072584
2022-05-11,106.7651596069336,0.0,32.560001373291016,0.9,2.91,-0.00632819029681098,0.019752170411035955,3.9000000000000004,0.03652877038125764,2.0100000000000002,-0.08000000000000007,-0.8953543142714796,0.8959051858643052
2022-05-12,106.6748046875,0.0,31.770000457763672,0.95,2.84,-0.0008466542348772674,0.019738151728405335,3.9000000000000004,0.03655971071543004,1.89,-0.07000000000000028,-0.8945563066709163,0.8656717017119787
2022-05-13,107.62368774414062,0.0,28.8700008392334,1.01,2.93,0.008855771659308034,0.018899135150164812,3.9000000000000004,0.036237375634922235,1.9200000000000002,0.0900000000000003,-0.8722392218021974,0.7546881689270051
2022-05-16,106.87361907958984,0.0,27.46999931335449,1.07,2.88,-0.00699376353932583,0.018868228131121337,3.9000000000000004,0.03649169957551107,1.8099999999999998,-0.050000000000000266,-0.8269775945261245,0.7011098462770385
2022-05-17,110.41618347167967,0.0,26.100000381469727,1.06,2.98,0.03260970623648226,0.01990373554936831,3.9000000000000004,0.03532090928500803,1.92,0.10000000000000009,-0.7925695134071132,0.6486797285623095
2022-05-18,108.52741241455078,0.0,30.959999084472656,1.02,2.89,-0.017253922465034814,0.01943290697020254,3.9000000000000004,0.03593562136267343,1.87,-0.08999999999999986,-0.7485542680656336,0.8346727962658886
2022-05-19,106.9188003540039,0.0,29.350000381469727,1.04,2.84,-0.014933118878029986,0.019484645176038613,3.9000000000000004,0.036476279074281186,1.7999999999999998,-0.050000000000000266,-0.6139480328906791,0.7730578420097747
2022-05-20,106.0421905517578,0.0,29.43000030517578,1.01,2.78,-0.008232632179454755,0.019488036279660954,3.9000000000000004,0.036777814374708354,1.7699999999999998,-0.06000000000000005,-0.39851577474146954,0.7761194541902363
2022-05-23,112.6031723022461,0.0,28.479999542236328,1.07,2.86,0.06003284951339158,0.02332198940094575,3.9000000000000004,0.03463490344243354,1.7899999999999998,0.08000000000000007,-0.38479085980673794,0.7397627456769865
2022-05-24,114.1937255859375,0.0,29.450000762939453,1.05,2.76,0.014026464874654006,0.02354693770993512,3.9000000000000004,0.03415248937705444,1.7099999999999997,-0.10000000000000009,-0.3101580407755201,0.7768848754839998
2022-05-25,114.98899841308594,0.0,28.3700008392334,1.05,2.75,0.006940104431072674,0.02256325101080712,3.9000000000000004,0.03391628811296937,1.7,-0.009999999999999787,-0.4018022292087276,0.7355530745504719
2022-05-26,116.9771728515625,0.0,27.5,1.06,2.75,0.017142354115925018,0.022543113274473413,3.9000000000000004,0.03333983806352443,1.69,0.0,-0.45780045660964447,0.7022579782176838
2022-05-27,118.63096618652344,0.0,25.71999931335449,1.06,2.74,0.014038738247952801,0.022499665985215366,3.9000000000000004,0.03287505889371272,1.6800000000000002,-0.009999999999999787,-0.5510531979964328,0.6341370159591727
2022-05-31,119.49852752685548,0.0,26.190000534057617,1.13,2.85,0.007286499166968428,0.020961273233530073,3.9000000000000004,0.032636385407540144,1.7200000000000002,0.10999999999999988,-0.5866756841426252,0.6521240513896528
2022-06-01,117.4019012451172,0.0,25.690000534057617,1.12,2.94,-0.017700947489644604,0.02150032803671948,3.9000000000000004,0.03321922352737199,1.8199999999999998,0.08999999999999986,-0.6183851013699121,0.6329889570131196
2022-06-02,119.29068756103516,0.0,24.71999931335449,1.13,2.92,0.0159601651998832,0.021315747791807945,3.9000000000000004,0.0326932477273598,1.79,-0.020000000000000018,-0.6664611079757629,0.5958668272061064
2022-06-03,117.62784576416016,0.0,24.790000915527344,1.17,2.96,-0.014037475910354515,0.020535234707641077,3.9000000000000004,0.03315541464407474,1.79,0.040000000000000036,-0.6880811311622711,0.5985458017342786
2022-06-06,117.2392349243164,0.0,25.06999969482422,1.23,3.04,-0.0033092010454441175,0.01965939105344569,3.9000000000000004,0.033265314316641856,1.81,0.08000000000000007,-0.7189538693700408,0.6092614078685982
2022-06-07,117.54652404785156,0.0,24.020000457763672,1.24,2.98,0.0026176144612861645,0.01964020432016522,3.9000000000000004,0.033178352414847796,1.74,-0.06000000000000005,-0.739108517963518,0.5690777388757154
2022-06-08,115.67581176757812,0.0,23.959999084472656,1.25,3.03,-0.016042652134031263,0.019681059631357627,3.9000000000000004,0.03371491360558665,1.7799999999999998,0.04999999999999982,-0.7847818096179502,0.5667814749944251
2022-06-09,113.24481964111328,0.0,26.09000015258789,1.26,3.04,-0.021239531792755867,0.019458329307555353,3.9000000000000004,0.03443866140949828,1.78,0.010000000000000231,-0.7714408317298971,0.6482970179154277
2022-06-10,108.0394058227539,0.0,27.75,1.34,3.15,-0.04705599132857364,0.022216840672894315,3.9000000000000004,0.036097940101579414,1.8099999999999998,0.10999999999999988,-0.7387794435743974,0.7118255254059503
2022-06-13,104.8221664428711,0.0,34.02000045776367,1.69,3.43,-0.03023076792409578,0.02321317456746569,3.9000000000000004,0.037205870975062616,1.7400000000000002,0.28000000000000025,-0.7503209421897895,0.9517796264063777
2022-06-14,103.0780029296875,0.0,32.689998626708984,1.78,3.49,-0.016779249768838128,0.023351746954344072,3.9000000000000004,0.03783542452467093,1.7100000000000002,0.06000000000000005,-0.7922829170796054,0.9008802052899911
2022-06-15,104.29801940917967,0.0,29.6200008392334,1.69,3.33,0.011766360848858223,0.023511657490734684,3.9000000000000004,0.037392848129738754,1.6400000000000001,-0.16000000000000014,-0.8158032154356337,0.7833908104918047
2022-06-16,102.5086669921875,0.0,32.95000076293945,1.54,3.28,-0.017305021435793648,0.022424788592997243,3.9000000000000004,0.03804556350632509,1.7399999999999998,-0.050000000000000266,-0.8618744541303632,0.9108305361197315
2022-06-17,102.1471710205078,0.0,31.1299991607666,1.58,3.25,-0.0035327245110623857,0.02220399278939187,3.9000000000000004,0.03818020568789916,1.67,-0.029999999999999805,-0.8654856633638628,0.8411787312736936
2022-06-21,104.67758178710938,0.0,30.190000534057617,1.66,3.31,0.02447034987901768,0.022792082906948268,3.9000000000000004,0.03725726113860484,1.6500000000000001,0.06000000000000005,-0.8674243649888389,0.8052048064019177
2022-06-22,104.09014892578124,0.0,28.950000762939453,1.57,3.16,-0.0056276361262223495,0.02275786412580859,3.9000000000000004,0.037467522529733274,1.59,-0.1499999999999999,-0.8538657749710602,0.7577497811074666
2022-06-23,102.95148468017578,0.0,29.049999237060547,1.59,3.09,-0.010999485525762591,0.018040919554199387,3.9000000000000004,0.037881920907848546,1.4999999999999998,-0.07000000000000028,-0.840239136836446,0.7615767415870995
2022-06-24,106.0241241455078,0.0,27.229999542236328,1.66,3.13,0.02940879975549844,0.019101890134633023,3.9000000000000004,0.03678408127802715,1.47,0.040000000000000036,-0.8383461450184571,0.6919250097356537
2022-06-27,105.17461395263672,0.0,26.950000762939453,1.75,3.2,-0.00804469555078098,0.018970462116632683,3.9000000000000004,0.03708119149128788,1.4500000000000002,0.07000000000000028,-0.8241934375402713,0.6812094036013342
2022-06-28,104.66853332519533,0.0,28.36000061035156,1.75,3.2,-0.0048234275475662215,0.018326705856878362,3.9000000000000004,0.037260481981562364,1.4500000000000002,0.0,-0.8316995378905413,0.7351703639035903
2022-06-29,104.1986083984375,0.0,28.15999984741211,1.73,3.1,-0.004499757269548116,0.017787442762898037,3.9000000000000004,0.03742852289434685,1.37,-0.10000000000000009,-0.8206141175061281,0.7275162969551401
2022-06-30,101.76760864257812,0.0,28.709999084472656,1.66,2.98,-0.02360690686649184,0.017895453723018546,3.9000000000000004,0.03832260629899773,1.32,-0.1200000000000001,-0.8198091823270449,0.7485648715714897
2022-07-01,103.0689697265625,0.0,26.700000762939453,1.66,2.88,0.012706505875086174,0.018267693266225238,3.9000000000000004,0.03783874050887023,1.22,-0.10000000000000009,-0.7794795745962096,0.6716418564130676
2022-07-05,102.67691802978516,1.0,27.540000915527344,1.86,2.82,-0.003811032877155912,0.017564429089544708,4.9,0.0477225075900562,0.9599999999999997,-0.06000000000000005,-0.7403164346260509,0.7037888208052107
2022-07-06,102.01138305664062,0.0,26.729999542236328,1.85,2.93,-0.006502934608030221,0.017493336649698387,4.0,0.03921131034738591,1.08,0.11000000000000032,-0.6696025842315178,0.6727899153591206
2022-07-07,104.59151458740234,0.0,26.07999992370605,1.89,3.01,0.02497802019671478,0.018813458125776457,4.0,0.03824402023222814,1.1199999999999999,0.07999999999999963,-0.6137899633459308,0.647914307268546
2022-07-08,104.2633056640625,0.0,24.63999938964844,1.91,3.09,-0.0031429410450514303,0.018731981159450028,4.0,0.03836440801990341,1.18,0.08000000000000007,-0.47821159831854476,0.592805215025645
2022-07-11,102.89574432373048,0.0,26.170000076293945,2.13,2.99,-0.013203200217176048,0.018663793908133577,4.0,0.03887429967380579,0.8600000000000003,-0.09999999999999964,-0.271698146188307,0.6513586300958893
2022-07-12,102.99603271484376,0.0,27.290000915527344,2.16,2.96,0.0009741855695960645,0.01835859651508243,4.0,0.0388364473326313,0.7999999999999998,-0.03000000000000025,-0.13403731720615253,0.6942212736169441
2022-07-13,102.02960968017578,0.0,26.81999969482422,2.33,2.91,-0.009427408016098588,0.015633137324264818,4.0,0.03920430561812876,0.5800000000000001,-0.04999999999999982,-0.05328574590028893,0.676234238186464
2022-07-14,98.4648208618164,0.0,26.399999618530277,2.33,2.96,-0.03556372636582415,0.016137465691291455,4.0,0.04062364573448543,0.6299999999999999,0.04999999999999982,-0.01756140838484602,0.6601607559903927
2022-07-15,102.97777557373048,0.0,24.229999542236328,2.29,2.93,0.04481385804457886,0.018869888830335857,4.0,0.03884333272606051,0.6400000000000001,-0.029999999999999805,0.010955206395812928,0.5771144434764551
2022-07-18,101.92020416259766,0.0,25.299999237060547,2.44,2.96,-0.010322998831814834,0.018794000842725762,4.0,0.03924638920089513,0.52,0.029999999999999805,0.025375150780614482,0.6180635337631012
2022-07-19,104.44564056396484,0.0,24.5,2.46,3.01,0.024476555083376678,0.019199697552942818,4.0,0.038297433750241694,0.5499999999999998,0.04999999999999982,0.032111893967461,0.5874474119584852
2022-07-20,104.4273910522461,0.0,23.8799991607666,2.44,3.04,-0.00017474263311046935,0.019174976598192707,4.0,0.03830412652939648,0.6000000000000001,0.03000000000000025,0.05458807374977103,0.5637198628139635
2022-07-21,105.1385498046875,0.0,23.11000061035156,2.4,2.91,0.006786994865589152,0.01847044999388904,4.0,0.03804503683406963,0.5100000000000002,-0.1299999999999999,-0.13999775753593924,0.5342518729499924
2022-07-22,104.62798309326172,0.0,23.030000686645508,2.41,2.77,-0.0048679616582836,0.01845918718838389,4.0,0.0382306901245964,0.3599999999999999,-0.14000000000000012,-0.23433632257935538,0.5311902607695309
2022-07-25,105.04736328125,0.0,23.36000061035156,2.55,2.81,0.004000286676458353,0.01829175930191729,4.0,0.038078061886146965,0.26000000000000023,0.040000000000000036,-0.2805213540773782,0.543819420138259
2022-07-26,103.4062957763672,0.0,24.690000534057617,2.48,2.81,-0.015745479514570296,0.017413197628765857,4.0,0.03868236426001223,0.33000000000000007,0.0,-0.3596153362644153,0.5947187682600535
2022-07-27,105.06559753417967,0.0,23.239999771118164,2.37,2.78,0.015919045703963717,0.017723995787861352,4.0,0.03807145339556776,0.4099999999999997,-0.03000000000000025,-0.45783239597355996,0.5392269653702706
2022-07-28,104.673583984375,0.0,22.32999992370605,2.35,2.68,-0.003738109431423437,0.01771095656114474,4.0,0.038214034981329144,0.33000000000000007,-0.09999999999999964,-0.583647439761248,0.5044010994445476
2022-07-29,105.1750259399414,0.0,21.32999992370605,2.34,2.67,0.004779092033503667,0.017708767674865965,4.0,0.03803184229575697,0.33000000000000007,-0.010000000000000231,-0.6918301200435911,0.4661309106914813
2022-08-01,104.12654113769533,0.0,22.84000015258789,2.48,2.6,-0.0100189748928678,0.01702092941718816,4.0,0.038414797575101065,0.1200000000000001,-0.06999999999999984,-0.6728884624925089,0.5239189044679625
2022-08-02,102.50370025634766,0.0,23.93000030517578,2.48,2.75,-0.01570800323088771,0.017180063068910272,4.0,0.03902298151185323,0.27,0.1499999999999999,-0.6560499436158667,0.5656334160483721
2022-08-03,103.57950592041016,0.0,21.950000762939453,2.44,2.73,0.010440592966704031,0.01731381807462177,4.0,0.03861767793209571,0.29000000000000004,-0.020000000000000018,-0.6315139222596783,0.4898584598360031
2022-08-04,102.43988037109376,0.0,21.440000534057617,2.41,2.68,-0.011063397419728647,0.01743314010402132,4.0,0.03904729276830267,0.27,-0.04999999999999982,-0.503548966473252,0.4703406548125883
2022-08-05,105.5396957397461,0.0,21.149999618530277,2.48,2.83,0.029811051547180903,0.017804554329867637,4.0,0.037900431415528575,0.3500000000000001,0.1499999999999999,-0.6065705506336687,0.45924226503679494
2022-08-08,104.25421142578124,0.0,21.290000915527344,2.57,2.77,-0.012254887850392653,0.018005867506273948,4.0,0.038367754599991456,0.20000000000000018,-0.06000000000000005,-0.617565474812956,0.4646001410985468
2022-08-09,105.19325256347656,0.0,21.770000457763672,2.58,2.8,0.008966901883593427,0.017842484273253578,4.0,0.03802525259484954,0.21999999999999975,0.029999999999999805,-0.6358075537267363,0.48296981418131646
2022-08-10,107.9375,0.0,19.739999771118164,2.56,2.78,0.025753196790740816,0.018638684821303556,4.0,0.03705848291835553,0.21999999999999975,-0.020000000000000018,-0.739406083196555,0.4052813047345388
2022-08-11,109.5330047607422,0.0,20.200000762939453,2.52,2.87,0.014673561273894555,0.018626896494993966,4.0,0.03651867315004621,0.3500000000000001,0.0900000000000003,-0.7678009709410569,0.42288562951813724
2022-08-12,111.34728240966795,0.0,19.530000686645508,2.53,2.84,0.016428070384325883,0.016529106737555,4.0,0.03592364279967997,0.31000000000000005,-0.03000000000000025,-0.7431593120192482,0.39724460013379914
2022-08-15,111.64816284179688,0.0,19.950000762939453,2.63,2.79,0.0026985359667439403,0.013913904408214347,4.0,0.03582683223966629,0.16000000000000014,-0.04999999999999982,-0.7556378719477489,0.41331808232987066
2022-08-16,112.7148666381836,0.0,19.690000534057617,2.61,2.82,0.009508802196349347,0.013572719753644888,4.0,0.0354877765400731,0.20999999999999996,0.029999999999999805,-0.7583379500927969,0.40336782449472236
2022-08-17,111.76667785644533,0.0,19.899999618530277,2.59,2.89,-0.0084478608068272,0.013078014894044828,4.0,0.03578884222663982,0.30000000000000027,0.07000000000000028,-0.791557077246005,0.41140452909546216
2022-08-18,110.90054321289062,0.0,19.559999465942383,2.61,2.88,-0.007779672354420231,0.013280616923015957,4.0,0.03606835353656822,0.27,-0.010000000000000231,-0.8140961507599764,0.39839265907985216
2022-08-19,108.15630340576172,0.0,20.600000381469727,2.64,2.98,-0.025056357948059986,0.014565987482843285,4.0,0.03698351250960849,0.33999999999999986,0.10000000000000009,-0.8186702937838014,0.43819369042044526
2022-08-22,106.36934661865234,0.0,23.799999237060547,2.74,3.03,-0.016659994908252887,0.015037249178601554,4.0,0.03760481874858656,0.2899999999999996,0.04999999999999982,-0.7807551606136537,0.5606582506335018
2022-08-23,105.32088470458984,0.0,24.11000061035156,2.71,3.05,-0.00990570496030497,0.015193996005225462,4.0,0.03797917204379201,0.33999999999999986,0.020000000000000018,-0.7640284050083587,0.5725220617030586
2022-08-24,105.576171875,0.0,22.81999969482422,2.73,3.11,0.0024209659370178784,0.014756146100015062,4.0,0.037887336971603,0.3799999999999999,0.06000000000000005,-0.7564719969024281,0.5231534831741991
2022-08-25,108.0833740234375,0.0,21.780000686645508,2.78,3.03,0.02347021031074656,0.015222781954521649,4.0,0.037008467177686494,0.25,-0.08000000000000007,-0.7478663946073353,0.4833525248281982
2022-08-26,104.5459213256836,0.0,25.559999465942383,2.78,3.04,-0.033276497594788006,0.016979589093102435,4.0,0.038260698736769634,0.26000000000000023,0.010000000000000231,-0.7119202704383908,0.6280137915982494
2022-08-29,104.2906494140625,0.0,26.209999084472656,2.89,3.12,-0.0024447062873594297,0.016949839637512124,4.0,0.03835434933499073,0.22999999999999998,0.08000000000000007,-0.7067336553427829,0.6528893996888241
2022-08-30,104.3088836669922,0.0,26.209999084472656,2.88,3.11,0.00017482544382366638,0.01680601326457324,4.0,0.03834764460494146,0.22999999999999998,-0.010000000000000231,-0.7012651203804274,0.6528893996888241
2022-08-31,103.68891143798828,0.0,25.8700008392334,2.87,3.15,-0.005961352279943757,0.016479517918391046,4.0,0.03857693117351533,0.2799999999999998,0.040000000000000036,-0.7067620292782814,0.6398776026678064
2022-09-01,104.4000473022461,0.0,25.559999465942383,2.88,3.26,0.006834948255241189,0.016389828302497578,4.0,0.03831415888557689,0.3799999999999999,0.10999999999999988,-0.7425345375709903,0.6280137915982494
2022-09-02,103.67068481445312,0.0,25.46999931335449,2.85,3.2,-0.0070107455070828485,0.016271837030033497,4.0,0.038583713488138785,0.3500000000000001,-0.05999999999999961,-0.8292382564430125,0.6245694687709061
2022-09-06,103.69803619384766,0.0,26.90999984741211,2.96,3.33,0.0002637946496477729,0.014830474970202226,4.0,0.03857353665331338,0.3700000000000001,0.1299999999999999,-0.8604618284805904,0.6796785610138073
2022-09-07,105.66734313964844,0.0,24.63999938964844,2.98,3.27,0.018812709463538493,0.015180119848282653,4.0,0.037854647246251455,0.29000000000000004,-0.06000000000000005,-0.9097997935405431,0.592805215025645
2022-09-08,108.1289520263672,0.0,23.61000061035156,2.97,3.29,0.023028627975777403,0.015860622116018123,4.0,0.03699286754415784,0.31999999999999984,0.020000000000000018,-0.9282105268121914,0.5533869673265256
2022-09-09,108.64862823486328,0.0,22.790000915527344,2.98,3.33,0.004794565963785502,0.014874428253042509,4.0,0.03681592731528364,0.3500000000000001,0.040000000000000036,-0.9476780968490337,0.5220054242281461
2022-09-12,109.93413543701172,0.0,23.8700008392334,3.09,3.37,0.011762336623626373,0.01474691253115594,4.0,0.036385422817936795,0.28000000000000025,0.040000000000000036,-0.9182300089487203,0.563337225161674
2022-09-13,106.11406707763672,0.0,27.270000457763672,3.19,3.42,-0.03536679767171515,0.016156487031478733,4.0,0.03769528499057021,0.22999999999999998,0.04999999999999982,-0.8800337052782063,0.6934558523231806
2022-09-14,105.86790466308594,0.0,26.15999984741211,3.14,3.41,-0.002322485475327185,0.016116036909787808,4.0,0.03778293348422831,0.27,-0.009999999999999787,-0.8579995921942776,0.6509759194490076
2022-09-15,107.46340942382812,0.0,26.270000457763672,3.12,3.45,0.014958277616067769,0.01636160390750318,4.0,0.037221971845544946,0.33000000000000007,0.040000000000000036,-0.790036132394973,0.6551856635701144
2022-09-16,106.74315643310548,0.0,26.299999237060547,3.1,3.45,-0.006724870474680526,0.016333381313339237,4.0,0.03747312833592987,0.3500000000000001,0.0,-0.7099020279949033,0.6563337225161674
2022-09-19,107.72779846191406,0.0,25.76000022888184,3.29,3.49,0.009182119297407835,0.016462023105977122,4.0,0.037130620481529236,0.20000000000000018,0.040000000000000036,-0.5611407704695112,0.6356678585466998
2022-09-20,105.60352325439452,0.0,27.15999984741211,3.26,3.57,-0.01991592612907626,0.016127211512575346,4.0,0.03787752412733584,0.31000000000000005,0.07999999999999963,-0.5130852202095506,0.6892461082020739
2022-09-21,102.55840301513672,0.0,27.989999771118164,3.21,3.51,-0.029259313041192336,0.016947080164991694,4.0,0.03900216737393654,0.2999999999999998,-0.06000000000000005,-0.5830667767038614,0.7210103619473351
2022-09-22,101.39139556884766,0.0,27.350000381469727,3.19,3.7,-0.011444190592281191,0.016987434245206337,4.0,0.039451079428962844,0.5100000000000002,0.1900000000000004,-0.6352700756016695,0.6965174645036423
2022-09-23,99.5041732788086,0.0,29.920000076293945,3.12,3.69,-0.01878864544800599,0.01734990371959458,4.0,0.04019931896516626,0.5699999999999998,-0.010000000000000231,-0.7704110641923776,0.7948718379198877
2022-09-26,97.36163330078124,0.0,32.2599983215332,3.3,3.88,-0.021767361355671987,0.016719307101280705,4.0,0.04108394512695489,0.5800000000000001,0.18999999999999995,-0.8537573375328048,0.8844240124470378
2022-09-27,96.50462341308594,0.0,32.599998474121094,3.26,3.97,-0.008841306216223175,0.015453536497051047,4.0,0.04144879134834906,0.7100000000000004,0.0900000000000003,-0.8986150170633408,0.8974358824626477
2022-09-28,98.45569610595705,0.0,30.18000030517578,3.29,3.72,0.020015743054098284,0.01630654758226488,4.0,0.040627410685261316,0.43000000000000016,-0.25,-0.9087635450522824,0.8048220957550359
2022-09-29,96.78726959228516,0.0,31.84000015258789,3.26,3.76,-0.017091188110162765,0.016585048510689378,4.0,0.04132774916422311,0.5,0.03999999999999959,-0.9235565006402926,0.8683506032455586
2022-09-30,95.27381896972656,0.0,31.6200008392334,3.22,3.83,-0.01576042248893716,0.016792427436706277,4.0,0.041984251741509465,0.6099999999999999,0.07000000000000028,-0.9348672691616544,0.8599311879979372
2022-10-03,98.21864318847656,0.0,30.100000381469727,3.34,3.67,0.030440995842492397,0.018280320172648027,4.0,0.04072546586012397,0.33000000000000007,-0.16000000000000014,-0.9401051083432332,0.8017604835745744
2022-10-04,102.81368255615234,0.0,29.06999969482422,3.32,3.62,0.04572239644829277,0.02109371518865192,4.0,0.038905327584345346,0.30000000000000027,-0.04999999999999982,-0.9455606822061123,0.762342162880863
2022-10-05,101.54426574707033,1.0,28.549999237060547,3.33,3.76,-0.012423623813763926,0.02125497323694501,5.0,0.049239609575336914,0.4299999999999997,0.13999999999999968,-0.9461785156854512,0.7424416472105664
2022-10-06,99.47455596923828,0.0,30.520000457763672,3.32,3.83,-0.02059292658493258,0.02115764365015301,4.0,0.04021128781149793,0.5100000000000002,0.07000000000000028,-0.9525142114014159,0.8178339657706459
2022-10-07,97.4876480102539,0.0,31.36000061035156,3.31,3.89,-0.020176209656768397,0.020606170163314588,4.0,0.041030839102603786,0.5800000000000001,0.06000000000000005,-0.9548595399010326,0.8499809301627889
2022-10-10,96.57698059082033,0.0,32.45000076293945,3.42,3.91,-0.009385266243846956,0.020503535774778044,4.0,0.041417737182603546,0.4900000000000002,0.020000000000000018,-0.9634905243303743,0.8916954417431985
2022-10-11,93.78977966308594,0.0,33.630001068115234,3.53,3.93,-0.029284525400129373,0.020720130848611046,4.0,0.04264857017863677,0.40000000000000036,0.020000000000000018,-0.961569741179036,0.9368542761509514
2022-10-12,95.30755615234376,0.0,33.56999969482422,3.56,3.91,0.016053204319372075,0.020304257200040032,4.0,0.04196939006185643,0.3500000000000001,-0.020000000000000018,-0.9626213018982192,0.934558012269661
2022-10-13,100.6059799194336,0.0,31.940000534057617,3.64,3.97,0.05410260285870934,0.024075426854081677,4.0,0.03975906803157472,0.33000000000000007,0.06000000000000005,-0.9382690006071742,0.8721776367197837
2022-10-14,102.28016662597656,0.0,32.02000045776367,3.65,4.0,0.01650408109947892,0.024133534459206806,4.0,0.03910826636240639,0.3500000000000001,0.029999999999999805,-0.882859238797829,0.8752392489002452
2022-10-17,106.57594299316406,0.0,31.3700008392334,3.82,4.02,0.04114203123935262,0.025896183250420472,4.0,0.03753192219238976,0.19999999999999973,0.019999999999999574,-0.749058295896941,0.8503636408096706
2022-10-18,109.31715393066406,0.0,30.5,3.89,4.01,0.02539551564714586,0.02642231065212875,4.0,0.03659078064305494,0.11999999999999966,-0.009999999999999787,-0.5824974699035481,0.8170685444768825
2022-10-19,107.1738510131836,0.0,30.76000022888184,3.91,4.14,-0.019801034658260566,0.026417840545556626,4.0,0.037322536814581336,0.22999999999999954,0.1299999999999999,-0.48335202563332685,0.827018802312031
2022-10-20,106.8243179321289,0.0,29.979999542236328,3.91,4.24,-0.0032666951648068574,0.02553810692607935,4.0,0.03744465752209539,0.33000000000000007,0.10000000000000053,-0.48727645642286893,0.7971680288065859
2022-10-21,112.4355010986328,0.0,29.690000534057617,3.9,4.21,0.05119413706295313,0.027480735777710028,4.0,0.03557595208733089,0.31000000000000005,-0.03000000000000025,-0.5685377219996787,0.7860697120253846
2022-10-24,112.573486328125,0.0,29.850000381469727,4.0,4.25,0.0012264865360932242,0.02695936404988655,4.0,0.035532345408055936,0.25,0.040000000000000036,-0.6123085953067943,0.7921929363863078
2022-10-25,112.86783599853516,0.0,28.459999084472656,3.97,4.1,0.002611321071367483,0.026224342937753994,4.0,0.03543968008788539,0.12999999999999945,-0.15000000000000036,-0.6627563502640658,0.7389973243832231
2022-10-26,114.16484832763672,0.0,27.280000686645508,3.94,4.04,0.011425900578710497,0.02598257979178933,4.0,0.0350370543875342,0.10000000000000009,-0.05999999999999961,-0.7090167124107524,0.6938385629700624
2022-10-27,114.61559295654295,0.0,27.38999938964844,3.95,3.96,0.003940417367829213,0.025847404189954577,4.0,0.03489926542121209,0.009999999999999787,-0.08000000000000007,-0.7696614722095181,0.6980482340965772
2022-10-28,115.97699737548828,0.0,25.75,3.99,4.02,0.01180801373748424,0.02524978142900473,4.0,0.03448959785576756,0.02999999999999936,0.05999999999999961,-0.7954011895406711,0.6352851478998178
2022-10-31,115.79300689697266,0.0,25.8799991607666,4.06,4.1,-0.0015876991308109694,0.024750202163228013,4.0,0.03454440045381167,0.040000000000000036,0.08000000000000007,-0.8176327212999936,0.6402602403200959
2022-11-01,117.88111877441406,0.0,25.809999465942383,4.06,4.07,0.017872474790571306,0.024362033154789603,4.0,0.03393249098402852,0.010000000000000675,-0.02999999999999936,-0.8581653260946419,0.637581338786516
2022-11-02,116.79568481445312,0.0,25.86000061035156,4.04,4.1,-0.009250523985307199,0.023104850347285717,4.0,0.034247840631737206,0.05999999999999961,0.02999999999999936,-0.8836785636007632,0.6394948920209246
2022-11-03,117.00725555419922,0.0,25.299999237060547,4.06,4.14,0.001809821528862481,0.022741062993380686,4.0,0.034185914207236066,0.08000000000000007,0.040000000000000036,-0.9195907491080426,0.6180635337631012
2022-11-04,120.20836639404295,0.0,24.549999237060547,4.02,4.17,0.026990677463884095,0.02224566194101182,4.0,0.03327555410650871,0.15000000000000036,0.03000000000000025,-0.9360637783015402,0.5893608921983016
2022-11-07,120.8431167602539,0.0,24.350000381469727,4.12,4.22,0.005266525018132825,0.021246723157810513,4.0,0.03310076822940424,0.09999999999999964,0.04999999999999982,-0.9490317822013403,0.5817068982444437
2022-11-08,120.91668701171876,0.0,25.540000915527344,4.1,4.14,0.000608622712196153,0.020894473627657725,4.0,0.03308062847944499,0.040000000000000036,-0.08000000000000007,-0.9516892439855151,0.6272484432990781
2022-11-09,119.34371948242188,0.0,26.09000015258789,4.11,4.12,-0.013094042638795883,0.019604078259148342,4.0,0.03351663595996067,0.009999999999999787,-0.019999999999999574,-0.9502271214618931,0.6482970179154277
2022-11-10,124.25580596923828,0.0,23.530000686645508,4.09,3.82,0.04033466329347217,0.02057947494923033,4.0,0.032191654698133544,-0.27,-0.30000000000000027,-0.9527458732557548,0.5503253551460641
2022-11-11,124.45821380615234,0.0,22.520000457763672,4.125,3.8499999999999996,0.0016276354809568305,0.018357917404226015,4.0,0.03213930103665258,-0.27500000000000036,0.029999999999999805,-0.9591859594520693,0.5116724557461161
2022-11-14,123.17955780029295,0.0,23.729999542236328,4.16,3.88,-0.010326917102265614,0.018820083018278567,4.0,0.03247292060006475,-0.28000000000000025,0.03000000000000025,-0.9582704894948797,0.557979349099922
2022-11-15,122.28728485107422,0.0,24.540000915527344,4.14,3.8,-0.007270039974076551,0.0175922444917024,4.0,0.03270986026774036,-0.33999999999999986,-0.08000000000000007,-0.9512061397477153,0.588978254546012
2022-11-16,122.4528579711914,0.0,24.11000061035156,4.14,3.67,0.0013530526170992233,0.017079213776582267,4.0,0.03266563203401141,-0.46999999999999975,-0.1299999999999999,-0.9484663685087292,0.5725220617030586
2022-11-17,121.91934204101562,0.0,23.93000030517578,4.13,3.77,-0.004366427750808286,0.016252431621519105,4.0,0.032808576006375885,-0.3599999999999999,0.10000000000000009,-0.9382528451650249,0.5656334160483721
2022-11-18,123.11517333984376,0.0,23.1200008392334,4.15,3.82,0.009760590590852292,0.01612360449766678,4.0,0.03248990267802742,-0.3300000000000005,0.04999999999999982,-0.9340613886536436,0.5346345835968743
2022-11-21,122.38848114013672,0.0,22.36000061035156,4.23,3.83,-0.005920028551870951,0.012708915548954442,4.0,0.03268281428723621,-0.40000000000000036,0.010000000000000231,-0.9214652145524603,0.5055492313851928
2022-11-22,124.21902465820312,0.0,21.290000915527344,4.21,3.76,0.014846078053624421,0.012904221021316132,4.0,0.03220118666207745,-0.4500000000000002,-0.07000000000000028,-0.9125560103513569,0.4646001410985468
2022-11-23,125.54364013671876,0.0,20.350000381469727,4.21,3.71,0.010607092929604683,0.01295774493291996,4.0,0.0318614307793206,-0.5,-0.04999999999999982,-0.8940287465290303,0.42862614323217874
2022-11-25,125.78279876708984,0.0,20.5,4.22,3.68,0.0019031718557069007,0.012890588150997192,4.0,0.031800850666447174,-0.5399999999999996,-0.029999999999999805,-0.8893436282873179,0.43436665694622023
2022-11-28,123.5843276977539,0.0,22.209999084472656,4.3,3.69,-0.017632861734366886,0.013776232350506696,4.0,0.032366563580639995,-0.6099999999999999,0.009999999999999787,-0.8714104772516861,0.4998086446765592
2022-11-29,125.6172332763672,0.0,21.88999938964844,4.27,3.75,0.016315713814271587,0.013944808220843916,4.0,0.03184276468818338,-0.5199999999999996,0.06000000000000005,-0.8773763084679292,0.4875621959547129
2022-11-30,127.10740661621094,0.0,20.57999992370605,4.27,3.68,0.011792998188867988,0.013991832888602194,4.0,0.03146944860638712,-0.5899999999999994,-0.06999999999999984,-0.8936829355800826,0.4374282691266817
2022-12-01,125.32286834716795,0.0,19.84000015258789,4.22,3.53,-0.014139096419596963,0.014197440401825565,4.0,0.03191755864475784,-0.69,-0.15000000000000036,-0.8775407933650795,0.40910833820876386
2022-12-02,124.3293914794922,0.0,19.059999465942383,4.22,3.51,-0.007958927450821465,0.014144802852520661,4.0,0.0321726017669747,-0.71,-0.020000000000000018,-0.8321194736796855,0.379257564703319
2022-12-05,120.8431167602539,0.0,20.75,4.27,3.6,-0.02844127791404974,0.01572204217702255,4.0,0.03310076822940424,-0.6699999999999995,0.0900000000000003,-0.7442100403404038,0.44393420413448675
2022-12-06,121.04549407958984,0.0,22.170000076293945,4.27,3.51,0.0016733104204792264,0.014603443114935328,4.0,0.033045426683705546,-0.7599999999999998,-0.0900000000000003,-0.6947326159727992,0.4982778750836245
2022-12-07,120.96266174316406,0.0,22.68000030517578,4.2,3.42,-0.0006845417203296865,0.014560546295404691,4.0,0.0330680554012036,-0.7800000000000002,-0.08999999999999986,-0.660656047775888,0.5177956801070394
2022-12-08,122.23208618164062,0.0,22.290000915527344,4.17,3.48,0.010439665975341204,0.01473648235751214,4.0,0.03272463168186361,-0.69,0.06000000000000005,-0.6226295113495016,0.5028703298516131
2022-12-09,121.56979370117188,0.0,22.82999992370605,4.19,3.57,-0.0054330517050829455,0.014475243025531926,4.0,0.03290291015737277,-0.6200000000000006,0.08999999999999986,-0.5157052485347913,0.5235361938210807
2022-12-12,123.45553588867188,0.0,25.0,4.29,3.61,0.015392526339189637,0.011863755287225237,4.0,0.032400329164721034,-0.6800000000000002,0.040000000000000036,-0.5044965317022857,0.6065825063350182
2022-12-13,123.33592987060548,0.0,22.549999237060547,4.26,3.51,-0.0009692881969217956,0.011856105838074149,4.0,0.032431749646647905,-0.75,-0.10000000000000009,-0.5158964204626865,0.512820514692169
2022-12-14,122.7196273803711,0.0,21.13999938964844,4.23,3.49,-0.005009468478992443,0.01168981468145175,4.0,0.032594623088301494,-0.7400000000000002,-0.019999999999999574,-0.5075176098159456,0.4588595543899132
2022-12-15,119.67488861083984,0.0,22.82999992370605,4.22,3.44,-0.02512349676014627,0.012825429758549854,4.0,0.03342388738716311,-0.7799999999999998,-0.050000000000000266,-0.50248960988913,0.5235361938210807
2022-12-16,118.92975616455078,0.0,22.6200008392334,4.2,3.48,-0.0062457700206812825,0.012862026519115744,4.0,0.03363329858732422,-0.7200000000000002,0.040000000000000036,-0.5001907190090621,0.5154994892203412
2022-12-19,119.63806915283205,0.0,22.420000076293945,4.28,3.57,0.005938060328382264,0.01293913171797655,4.0,0.03343417382380341,-0.7100000000000004,0.08999999999999986,-0.4947309182429744,0.507845422271891
2022-12-20,120.21761322021484,0.0,21.479999542236328,4.25,3.69,0.004832449158332063,0.012779836111108831,4.0,0.03327299463742299,-0.56,0.1200000000000001,-0.48238924520443227,0.471871424405523
2022-12-21,121.56979370117188,0.0,20.06999969482422,4.22,3.68,0.01118498763083811,0.013002706675983265,4.0,0.03290291015737277,-0.5399999999999996,-0.009999999999999787,-0.4298351950981423,0.417910464103267
2022-12-22,120.18997955322266,0.0,21.96999931335449,4.24,3.67,-0.011414877766961401,0.012731211266546513,4.0,0.033280644649986944,-0.5700000000000003,-0.010000000000000231,-0.4259738559230196,0.49062380813517426
2022-12-23,120.76029205322266,0.0,20.8700008392334,4.23,3.75,0.004733869451426811,0.01251296902588319,4.0,0.03312347073686341,-0.4800000000000004,0.08000000000000007,-0.35593923895495955,0.4485266589024753
2022-12-27,121.1834716796875,0.0,21.649999618530277,4.35,3.84,0.0034981687602069667,0.012541695900750447,4.0,0.03300780167919938,-0.5099999999999998,0.08999999999999986,-0.3064973302546016,0.47837735941332804
2022-12-28,121.84576416015624,0.0,22.13999938964844,4.35,3.88,0.005450324671321212,0.012085508412977558,4.0,0.032828387819393776,-0.46999999999999975,0.040000000000000036,-0.3243275121786353,0.4971297431429795
2022-12-29,122.54486083984376,0.0,21.440000534057617,4.34,3.83,0.005721157156238442,0.011550062995245594,4.0,0.03264110769384019,-0.5099999999999998,-0.04999999999999982,-0.36336761478932433,0.4703406548125883
2022-12-30,123.3543701171875,0.0,21.670000076293945,4.3,3.88,0.006584097059318514,0.011311008764650238,4.0,0.03242690142392177,-0.41999999999999993,0.04999999999999982,-0.30440471398793223,0.4791427807070914
2023-01-03,124.29261779785156,0.0,22.899999618530277,4.4,3.79,0.007577335607935805,0.011081088367715503,4.0,0.03218212047400567,-0.6100000000000003,-0.08999999999999986,-0.07036164870018412,0.5262150953546608
2023-01-04,125.45164489746094,0.0,22.01000022888184,4.41,3.69,0.00928177815236485,0.011131075765702741,4.0,0.03188479515967636,-0.7200000000000002,-0.10000000000000009,0.15472768721854097,0.4921546507227014
2023-01-05,125.42385864257812,1.0,22.459999084472656,4.51,3.71,-0.0002215142937779192,0.008964060000310605,5.0,0.03986482359985878,-0.7999999999999998,0.020000000000000018,0.14452019126463256,0.5093761918648257
2023-01-06,127.82389068603516,0.0,21.1299991607666,4.51,3.55,0.018954592138818286,0.009716245208031592,5.0,0.03911631834365885,-0.96,-0.16000000000000014,-0.012123585576984315,0.4584768437430314
2023-01-09,127.29571533203124,0.0,21.96999931335449,4.55,3.53,-0.0041406155870554575,0.009803443596694942,4.0,0.031422895810488335,-1.02,-0.020000000000000018,-0.005149945465804851,0.49062380813517426
2023-01-10,128.43548583984375,0.0,20.57999992370605,4.57,3.61,0.008913875581015418,0.009746602733256924,4.0,0.031144040713077636,-0.9600000000000004,0.08000000000000007,-0.14659610918994725,0.4374282691266817
2023-01-11,129.38995361328125,0.0,21.09000015258789,4.57,3.54,0.007404018282634634,0.009635496026820256,4.0,0.030914301213486328,-1.0300000000000002,-0.06999999999999984,-0.19585737291198865,0.45694607415009664
2023-01-12,129.26022338867188,0.0,18.82999992370605,4.5,3.43,-0.0010031327795077395,0.009234386991345924,4.0,0.03094532792174141,-1.0699999999999998,-0.10999999999999988,-0.4531711954115504,0.37045543880881576
2023-01-13,132.5220489501953,0.0,18.350000381469727,4.51,3.49,0.02492143070825583,0.010441268113143005,4.0,0.030183656468391065,-1.0199999999999996,0.06000000000000005,-0.6192376311161023,0.3520857657260463
2023-01-17,130.47415161132812,0.0,19.36000061035156,4.56,3.53,-0.015573903553360547,0.011101389038670062,4.0,0.03065741336962799,-1.0299999999999998,0.03999999999999959,-0.6705596111151202,0.3907386651259941
2023-01-18,126.5543975830078,0.0,20.34000015258789,4.54,3.37,-0.030502899045738135,0.011819617335194741,4.0,0.03160696172076024,-1.17,-0.1599999999999997,-0.6515189833194364,0.428243432585297
2023-01-19,124.86783599853516,0.0,20.520000457763672,4.55,3.39,-0.013416370212394172,0.012187654402671338,4.0,0.03203386979531642,-1.1599999999999997,0.020000000000000018,-0.6167527425606045,0.4351320782399837
2023-01-20,125.17363739013672,0.0,19.850000381469727,4.57,3.48,0.0024460065758160504,0.012159613826061098,4.0,0.03195561048955495,-1.0900000000000003,0.08999999999999986,-0.5715528840283756,0.4094910488556456
2023-01-23,127.2030258178711,0.0,19.809999465942383,4.58,3.52,0.016082565981691967,0.012525836439162844,4.0,0.03144579285187121,-1.06,0.040000000000000036,-0.5806618447539662,0.4079602062681187
2023-01-24,128.29649353027344,0.0,19.200000762939453,4.57,3.46,0.008559502509183244,0.012449673272395283,4.0,0.031177781168712466,-1.1100000000000003,-0.06000000000000005,-0.6635618613487715,0.384615440765071
2023-01-25,128.91737365722656,0.0,19.07999992370605,4.56,3.46,0.004827743851074746,0.012035410600752862,4.0,0.0310276255753972,-1.0999999999999996,0.0,-0.6646852045138391,0.38002298599708234
2023-01-26,129.7142791748047,0.0,18.729999542236328,4.55,3.49,0.006162494271779599,0.012047726527702373,4.0,0.03083700595991862,-1.0599999999999996,0.03000000000000025,-0.7311629283693313,0.36662840533459085
2023-01-27,130.02938842773438,0.0,18.51000022888184,4.57,3.52,0.002426310604027856,0.012049587014375529,4.0,0.03076227650046247,-1.0500000000000003,0.029999999999999805,-0.7542667874207309,0.3582089900869696
2023-01-30,128.92665100097656,0.0,19.940000534057617,4.59,3.55,-0.008516843978002859,0.012310790713119376,4.0,0.031025392879938392,-1.04,0.029999999999999805,-0.7352669819296394,0.41293537168298894
2023-01-31,129.6957550048828,0.0,19.399999618530277,4.58,3.52,0.005947715691444175,0.012313678906801727,4.0,0.030841410344150486,-1.06,-0.029999999999999805,-0.7487365078823391,0.39226943471892906
2023-02-01,129.35287475585938,0.0,17.8700008392334,4.54,3.39,-0.0026472284341127156,0.012332872556051035,4.0,0.030923162763484,-1.15,-0.1299999999999999,-0.7320629397272235,0.3337160926432766
2023-02-02,128.75057983398438,0.0,18.729999542236328,4.53,3.4,-0.004667089916202438,0.012358383299278401,4.0,0.0310678212490984,-1.1300000000000003,0.009999999999999787,-0.6696624188830411,0.36662840533459085
2023-02-03,130.74288940429688,0.0,18.32999992370605,4.57,3.53,0.015355675226451045,0.012613677274428041,4.0,0.030594398045088178,-1.0400000000000005,0.1299999999999999,-0.6496904035504207,0.35132034443228266
2023-02-06,131.5120086669922,0.0,19.43000030517578,4.59,3.63,0.005865449784796248,0.012630791685432553,4.0,0.030415473389419443,-0.96,0.10000000000000009,-0.5556310181516295,0.3934175666595741
2023-02-07,133.11514282226562,0.0,18.65999984741211,4.59,3.67,0.012116321084796985,0.012261544229566483,4.0,0.030049173333651237,-0.9199999999999999,0.040000000000000036,-0.5653355423457634,0.363949503801011
2023-02-08,132.17921447753906,0.0,19.6299991607666,4.59,3.63,-0.007055801993911562,0.012349909988266168,4.0,0.030261944102260584,-0.96,-0.040000000000000036,-0.511196002871602,0.401071560613432
2023-02-09,130.1220245361328,0.0,20.709999084472656,4.64,3.67,-0.015686026723933044,0.012799182302671309,4.0,0.030740376306466578,-0.9699999999999998,0.040000000000000036,-0.4467939497967613,0.44240336154695986
2023-02-10,130.69654846191406,0.0,20.530000686645508,4.66,3.74,0.004405551709113575,0.012736302688879863,4.0,0.030605245869714987,-0.9199999999999999,0.07000000000000028,-0.42551966755392123,0.4355147888868654
2023-02-13,132.11431884765625,0.0,20.34000015258789,4.68,3.72,0.010789387470068976,0.012926264678173439,4.0,0.030276809015777333,-0.9599999999999995,-0.020000000000000018,-0.33563684373567715,0.428243432585297
2023-02-14,132.6981658935547,0.0,18.90999984741211,4.67,3.77,0.004409520136402201,0.01175321684051029,4.0,0.03014359673372309,-0.8999999999999999,0.04999999999999982,-0.3020026995111357,0.3735170509892775
2023-02-15,133.254150390625,0.0,18.229999542236328,4.66,3.81,0.004181090165278007,0.011217429913683678,4.0,0.03001782674891766,-0.8500000000000001,0.040000000000000036,-0.37478273183768257,0.34749331095805774
2023-02-16,131.4193572998047,0.0,20.170000076293945,4.7,3.86,-0.013864798929053426,0.009305456542392317,4.0,0.030436916464861945,-0.8400000000000003,0.04999999999999982,-0.27695575479240075,0.421737497577492
2023-02-17,131.80857849121094,0.0,20.020000457763672,4.7,3.82,0.002957296108416416,0.008628407267179708,4.0,0.030347038453697624,-0.8800000000000003,-0.040000000000000036,-0.10385803194065103,0.4159969838634505
2023-02-21,129.38995361328125,0.0,22.8700008392334,4.72,3.95,-0.018519966312380415,0.00978027816823958,4.0,0.030914301213486328,-0.7699999999999996,0.13000000000000034,-0.1206410322803257,0.5250670364086077
2023-02-22,128.39845275878906,0.0,22.290000915527344,4.71,3.93,-0.007692399806614054,0.009385354025086366,4.0,0.03115302337415584,-0.7799999999999998,-0.020000000000000018,-0.23443506639952777,0.5028703298516131
2023-02-23,129.42701721191406,0.0,21.13999938964844,4.71,3.88,0.007978807601033424,0.009361076178552558,4.0,0.030905448384479887,-0.8300000000000001,-0.050000000000000266,-0.3045447803903394,0.4588595543899132
2023-02-24,130.5946044921875,0.0,21.670000076293945,4.72,3.95,0.008980754140014919,0.009501711551853148,4.0,0.030629136751505612,-0.7699999999999996,0.07000000000000028,-0.33082497893225715,0.4791427807070914
2023-02-27,131.73443603515625,0.0,20.950000762939453,4.74,3.92,0.008690145123676479,0.009591081234417024,4.0,0.030364118300339568,-0.8200000000000003,-0.03000000000000025,-0.33188199079015673,0.45158827108293687
2023-02-28,132.837158203125,0.0,20.700000762939453,4.72,3.92,0.008335955767642032,0.009728867146310856,4.0,0.030112056401293143,-0.7999999999999998,0.0,-0.3193787250781649,0.44202072389467034
2023-03-01,132.09580993652344,0.0,20.57999992370605,4.73,4.01,-0.0055965115008781,0.009605866824963042,4.0,0.030281051321174663,-0.7200000000000006,0.08999999999999986,-0.31835139131236734,0.4374282691266817
2023-03-02,130.724365234375,0.0,19.59000015258789,4.74,4.08,-0.010436467819599626,0.0098592789707121,4.0,0.03059873339471507,-0.6600000000000001,0.07000000000000028,-0.34518658299996186,0.39954079102049733
2023-03-03,133.12440490722656,0.0,18.489999771118164,4.74,3.97,0.018193041943289003,0.010563440926525176,4.0,0.03004708267268929,-0.77,-0.10999999999999988,-0.544828735661225,0.35744356879320605
2023-03-06,132.3459930419922,0.0,18.61000061035156,4.76,3.98,-0.0058644135250664215,0.010600811936185596,4.0,0.030223808882002465,-0.7799999999999998,0.009999999999999787,-0.726542002691037,0.3620360235611944
2023-03-07,128.45401000976562,0.0,19.59000015258789,4.87,3.97,-0.029848711230632822,0.012091241571685948,4.0,0.031139549475301728,-0.8999999999999999,-0.009999999999999787,-0.6761637520079508,0.39954079102049733
2023-03-08,127.69416809082033,0.0,19.11000061035156,4.89,3.98,-0.005932848348679377,0.012038030298132017,4.0,0.0313248448210655,-0.9099999999999997,0.009999999999999787,-0.5014370436206951,0.3811711179377275
2023-03-09,120.78125,0.0,22.61000061035156,4.87,3.93,-0.05565703494706626,0.016492885560092943,4.0,0.03311772315653299,-0.94,-0.04999999999999982,-0.5719353224548992,0.5151167785734593
2023-03-10,123.84851837158205,0.0,24.799999237060547,4.83,3.7,0.025078134554263457,0.017702872335916255,4.0,0.03229752000745638,-1.13,-0.22999999999999998,-0.6792700249674057,0.5989284393865681
2023-03-13,121.62452697753906,0.0,26.520000457763672,4.7,3.55,-0.018120541465209975,0.01779713496850609,4.0,0.03288810324202698,-1.1500000000000004,-0.15000000000000036,-0.7763747927793326,0.664753210758381
2023-03-14,124.7473602294922,0.0,23.729999542236328,4.71,3.64,0.02535192261186019,0.018804123967079023,4.0,0.03206480676337661,-1.0699999999999998,0.0900000000000003,-0.7946800952425932,0.557979349099922
2023-03-15,118.85379028320312,0.0,26.13999938964844,4.59,3.51,-0.048396489306528755,0.021057421471149917,4.0,0.03365479544631145,-1.08,-0.13000000000000034,-0.8423382990718513,0.6502104981552445
2023-03-16,121.1611785888672,0.0,22.989999771118164,4.57,3.56,0.019227629036540704,0.021630273374358324,4.0,0.03301387496050271,-1.0100000000000002,0.050000000000000266,-0.8237434635942439,0.529659418182004
2023-03-17,116.58348846435548,0.0,25.51000022888184,4.36,3.39,-0.038514058131189535,0.022766838591193612,4.0,0.03431017593218588,-0.9700000000000002,-0.16999999999999993,-0.8330617518848128,0.6261003113584332
2023-03-20,117.81595611572266,0.0,24.149999618530277,4.65,3.47,0.010516057420785851,0.022985824277769525,4.0,0.03395125865694346,-1.1800000000000002,0.08000000000000007,-0.8267854291081558,0.5740528312959936
2023-03-21,120.97586059570312,0.0,21.3799991607666,4.62,3.59,0.026467313542744127,0.023955245391600367,4.0,0.033064447570807974,-1.0300000000000002,0.11999999999999966,-0.7825864755324295,0.4680443909312979
2023-03-22,117.8530044555664,0.0,22.26000022888184,4.63,3.48,-0.026152903532540444,0.024241435381390435,4.0,0.033940585719289845,-1.15,-0.10999999999999988,-0.7658928710819436,0.501722197910968
2023-03-23,117.5379409790039,0.0,22.61000061035156,4.57,3.38,-0.0026769395409526947,0.024232570143271886,4.0,0.03403156433303974,-1.1900000000000004,-0.10000000000000009,-0.7523624817589322,0.5151167785734593
2023-03-24,115.74947357177734,0.0,21.739999771118164,4.57,3.38,-0.015333038431572873,0.02418025928905654,4.0,0.03455739258735861,-1.1900000000000004,0.0,-0.6985238333584785,0.4818216822406713
2023-03-27,119.0669403076172,0.0,20.600000381469727,4.75,3.53,0.02825771356786748,0.025098703019662983,4.0,0.0335945476524864,-1.2200000000000002,0.1499999999999999,-0.6639363024907795,0.43819369042044526
2023-03-28,119.42833709716795,0.0,19.96999931335449,4.64,3.55,0.0030306433745471446,0.02498122164642968,4.0,0.033492888683073305,-1.0899999999999999,0.020000000000000018,-0.6168220265688502,0.4140834306290418
2023-03-29,119.66926574707033,0.0,19.1200008392334,4.64,3.57,0.002015316996747002,0.02485444018954844,4.0,0.03342545786529927,-1.0699999999999998,0.020000000000000018,-0.5610842417497874,0.3815538285846094
2023-03-30,119.30786895751952,0.0,19.020000457763672,4.8,3.55,-0.0030245325812967576,0.024857540807663676,4.0,0.03352670729056632,-1.25,-0.020000000000000018,-0.5064976907008221,0.3777267951103843
2023-03-31,120.75345611572266,0.0,18.700000762939453,4.68,3.48,0.01204362786159575,0.025087850089135614,4.0,0.03312534587967939,-1.1999999999999997,-0.06999999999999984,-0.4445942710109809,0.3654803463885379
2023-04-03,120.61447143554688,0.0,18.549999237060547,4.77,3.43,-0.0011516417856079237,0.024591006263083148,4.0,0.033163516387314206,-1.3399999999999994,-0.04999999999999982,-0.33616801952127384,0.3597397596799042
2023-04-04,119.00206756591795,0.0,19.0,4.74,3.35,-0.013458404949741775,0.024664722224087915,4.0,0.03361286137137331,-1.3900000000000001,-0.08000000000000007,-0.1839076701359364,0.37696137381662087
2023-04-05,119.17951965332033,1.0,19.07999992370605,4.72,3.3,0.0014900574163332508,0.024029858529632426,5.0,0.04195351696788535,-1.42,-0.050000000000000266,-0.072399243222126,0.38002298599708234
2023-04-06,119.04875946044922,0.0,18.399999618530277,4.77,3.3,-0.001097772325680087,0.02402923618573678,4.0,0.033599678132966125,-1.4699999999999998,0.0,0.113752800487245,0.3539992459658628
2023-04-10,119.4410171508789,0.0,18.96999931335449,4.94,3.41,0.0032895166385654476,0.020843828397274347,4.0,0.03348933302323746,-1.5300000000000002,0.11000000000000032,0.10815793628223218,0.37581324187597553
2023-04-11,120.02938079833984,0.0,19.100000381469727,4.89,3.43,0.004913883606468242,0.020054608793695812,4.0,0.03332517399819266,-1.4599999999999995,0.020000000000000018,-0.02874202197313773,0.3807884072908459
2023-04-12,120.0107192993164,0.0,19.09000015258789,4.87,3.41,-0.00015548651290714997,0.01968964171337038,4.0,0.03333035601614617,-1.46,-0.020000000000000018,-0.17819172542825001,0.3804056966439642
2023-04-13,120.46834564208984,0.0,17.799999237060547,4.95,3.45,0.003805960367408126,0.018809424945029993,4.0,0.03320374309682941,-1.5,0.040000000000000036,-0.5152727768633093,0.3310371181151045
2023-04-14,129.56488037109375,0.0,17.06999969482422,4.98,3.52,0.07279473574992376,0.022063776130852444,4.0,0.030872563526037185,-1.4600000000000004,0.06999999999999984,-0.563319372431195,0.30309989784406827
2023-04-17,130.5922088623047,0.0,16.950000762939453,5.06,3.6,0.007897796167817514,0.021812693923923022,4.0,0.03062969862327366,-1.4599999999999995,0.08000000000000007,-0.6510610680610726,0.298507516070672
2023-04-18,132.05845642089844,0.0,16.829999923706055,5.04,3.58,0.011165117657946462,0.019602325004592934,4.0,0.03028961649567634,-1.46,-0.020000000000000018,-0.6866619583067608,0.29391506130268347
2023-04-19,131.890380859375,0.0,16.459999084472656,5.01,3.6,-0.0012735466916421437,0.01963336884054561,4.0,0.030328216310671705,-1.4099999999999997,0.020000000000000018,-0.7635708995279038,0.2797550593464284
2023-04-20,131.5074462890625,0.0,17.170000076293945,4.97,3.54,-0.0029076537513609843,0.019094414100888097,4.0,0.030416528591147015,-1.4299999999999997,-0.06000000000000005,-0.798389499798495,0.30692693131829335
2023-04-21,131.25531005859375,0.0,16.770000457763672,4.98,3.57,-0.0019191175443464851,0.017875994227427812,4.0,0.030474957532875113,-1.4100000000000006,0.029999999999999805,-0.8293033604654712,0.2916188704159853
2023-04-24,131.43272399902344,0.0,16.889999389648438,5.04,3.52,0.0013507578907518108,0.01780954011410758,4.0,0.030433821032498122,-1.52,-0.04999999999999982,-0.8843471986522782,0.2962112521893816
2023-04-25,128.57492065429688,0.0,18.76000022888184,4.97,3.4,-0.021983341588699277,0.018248865233344652,4.0,0.031110266136231312,-1.5699999999999998,-0.1200000000000001,-0.8643381449073538,0.3677765372752362
2023-04-26,126.29608154296876,0.0,18.84000015258789,5.0,3.43,-0.017882770665813296,0.018086059266451675,4.0,0.03167160810637747,-1.5699999999999998,0.03000000000000025,-0.8631839589114239,0.37083814945569765
2023-04-27,127.99586486816406,0.0,17.030000686645508,5.03,3.53,0.013368953801436165,0.018232566861925037,4.0,0.031251009586286294,-1.5000000000000004,0.09999999999999964,-0.8682803397894509,0.3015691282511336
2023-04-28,129.1072540283203,0.0,15.779999732971191,4.95,3.44,0.008645527813875571,0.018266598664756495,4.0,0.030981992685884096,-1.5100000000000002,-0.08999999999999986,-0.8339387966956054,0.2537313558125047
2023-05-01,131.87168884277344,0.0,16.079999923706055,5.1,3.59,0.02118591011968469,0.018587794407900926,4.0,0.03033251515243031,-1.5099999999999998,0.1499999999999999,-0.8361893552101446,0.2652124197378838
2023-05-02,129.74232482910156,0.0,17.780000686645508,5.08,3.44,-0.016279028850445368,0.019055117532200044,4.0,0.030830340101187927,-1.6400000000000001,-0.1499999999999999,-0.8185622123979145,0.33027176981593326
2023-05-03,126.99656677246094,0.0,18.34000015258789,5.09,3.38,-0.021390313957946612,0.01979527380849339,4.0,0.03149691445727646,-1.71,-0.06000000000000005,-0.8031991629913102,0.35170305507916455
2023-05-04,125.25941467285156,0.0,20.09000015258789,5.1,3.37,-0.013773148616687962,0.01980804017243103,4.0,0.03193372738046932,-1.7299999999999995,-0.009999999999999787,-0.7329843692180705,0.41867588539703043
2023-05-05,127.70635986328124,0.0,17.190000534057617,5.1,3.44,0.019346660767605633,0.020145604859186417,4.0,0.031321854324892554,-1.6599999999999997,0.06999999999999984,-0.7101512642536141,0.3076923526120568
2023-05-08,128.01454162597656,0.0,16.979999542236328,5.15,3.52,0.002410298963440806,0.020121927070786493,4.0,0.03124645020162557,-1.6300000000000003,0.08000000000000007,-0.717327391993569,0.29965557501672496
2023-05-09,127.39813995361328,0.0,17.709999084472656,5.13,3.53,-0.004826720938484728,0.02020309968407511,4.0,0.031397632661327966,-1.6,0.009999999999999787,-0.6928858794706688,0.3275927952877612
2023-05-10,127.46350860595705,0.0,16.940000534057617,5.08,3.43,0.0005129736399859018,0.020205854579339228,4.0,0.031381530633725695,-1.65,-0.09999999999999964,-0.6374252159478616,0.2981248054237903
2023-05-11,127.06194305419922,0.0,16.93000030517578,5.04,3.39,-0.0031554084852752576,0.020238829272270054,4.0,0.03148070857293415,-1.65,-0.040000000000000036,-0.5462593765566786,0.2977420947769085
2023-05-12,125.2407684326172,0.0,17.030000686645508,5.08,3.46,-0.014436676016247641,0.0205784879313254,4.0,0.03193848177442399,-1.62,0.06999999999999984,-0.5751173164096566,0.3015691282511336
2023-05-15,126.29608154296876,0.0,17.1200008392334,5.06,3.5,0.008390971759058877,0.012809375158682397,4.0,0.03167160810637747,-1.5599999999999996,0.040000000000000036,-0.5440142255974358,0.30501345107847694
2023-05-16,125.44625091552734,0.0,17.989999771118164,5.07,3.54,-0.006751616602467905,0.01268649070618798,4.0,0.03188616615329149,-1.5300000000000002,0.040000000000000036,-0.55233823155955,0.3383084744166729
2023-05-17,129.3033905029297,0.0,16.8700008392334,5.1,3.57,0.030284120144699448,0.014260443438555408,4.0,0.03093499702089691,-1.5299999999999998,0.029999999999999805,-0.5522897442842087,0.29544590389021036
2023-05-18,130.28399658203125,0.0,16.049999237060547,5.14,3.65,0.007555149381857179,0.014381722631199342,4.0,0.030702159167196437,-1.4899999999999998,0.08000000000000007,-0.5511911656636276,0.2640642877972386
2023-05-19,129.98512268066406,0.0,16.809999465942383,5.12,3.7,-0.0022966538142083974,0.014377403106199862,4.0,0.03077275243126743,-1.42,0.050000000000000266,-0.5813194610817519,0.29314964000892
2023-05-22,128.91111755371094,0.0,17.209999084472656,5.24,3.72,-0.008296847315937288,0.014474701829111257,4.0,0.03102913135737417,-1.52,0.020000000000000018,-0.5777007124584215,0.30845770091122804
2023-05-23,127.56623840332033,0.0,18.530000686645508,5.18,3.7,-0.010487409087725417,0.014614222045837373,4.0,0.03135625891353309,-1.4799999999999995,-0.020000000000000018,-0.581182099275712,0.35897441138073294
2023-05-24,126.39883422851562,0.0,20.030000686645508,5.21,3.73,-0.009193487790530969,0.013966646393438597,4.0,0.03164586148609904,-1.48,0.029999999999999805,-0.6324641650422342,0.41637969451033224
2023-05-25,126.70702362060548,0.0,19.13999938964844,5.21,3.83,0.002435262044257892,0.013417998008372853,4.0,0.0315688892825473,-1.38,0.10000000000000009,-0.6224481188257344,0.38231917688378075
2023-05-26,127.89311981201172,0.0,17.950000762939453,5.16,3.8,0.00931739280423248,0.013246528040732066,4.0,0.03127611560246199,-1.3600000000000003,-0.03000000000000025,-0.6209916567092058,0.3367777048237382
2023-05-30,128.37876892089844,0.0,17.459999084472656,5.28,3.69,0.0037901128574689144,0.013129234443274011,4.0,0.03115779995105445,-1.5900000000000003,-0.10999999999999988,-0.6099786298894653,0.3180252480994946
2023-05-31,126.74439239501952,0.0,17.940000534057617,5.26,3.64,-0.012812626467319543,0.0124287807723726,4.0,0.03155958164628972,-1.6199999999999997,-0.04999999999999982,-0.5480231270593344,0.3363949941768565
2023-06-01,128.49082946777344,0.0,15.649999618530272,5.24,3.61,0.013685135745856121,0.012414071711481066,4.0,0.031130626337837076,-1.6300000000000003,-0.03000000000000025,-0.5952952155929889,0.2487562268949305
2023-06-02,131.18994140625,0.0,14.600000381469728,5.23,3.69,0.020788671681038245,0.0122699346992881,4.0,0.030490142438690325,-1.5400000000000005,0.08000000000000007,-0.692472658707422,0.20857255790204796
2023-06-05,129.9010772705078,0.0,14.729999542236328,5.2,3.69,-0.009872990742423452,0.012054068099731242,4.0,0.030792662263072264,-1.5100000000000002,0.0,-0.6765260534157099,0.21354765032232595
2023-06-06,130.13455200195312,0.0,13.960000038146973,5.18,3.7,0.0017957138784163564,0.011360225560712743,4.0,0.030737417069218988,-1.4799999999999995,0.010000000000000231,-0.7072043062305566,0.18407962396105892
2023-06-07,131.39540100097656,0.0,13.9399995803833,5.16,3.79,0.00964217484934247,0.011516929176869924,4.0,0.03044246579049042,-1.37,0.08999999999999986,-0.7568106675890406,0.18331420266729545
2023-06-08,131.43272399902344,0.0,13.649999618530272,5.12,3.73,0.00028401068795629383,0.011436006551813474,4.0,0.030433821032498122,-1.3900000000000001,-0.06000000000000005,-0.7887758610612914,0.17221584938879803
2023-06-09,131.69422912597656,0.0,13.829999923706056,5.11,3.75,0.0019876733260851946,0.011434269085050096,4.0,0.030373388618066665,-1.3600000000000003,0.020000000000000018,-0.814809656646383,0.17910449504348483
2023-06-12,131.6849365234375,0.0,15.010000228881836,5.14,3.73,-7.056444666002744e-05,0.011390461426557306,4.0,0.0303755319750492,-1.4099999999999997,-0.020000000000000018,-0.8217001633046604,0.22426332945123767
2023-06-13,132.63754272460938,0.0,14.609999656677246,5.11,3.84,0.007207940302458546,0.010822224741104426,4.0,0.030157374132790276,-1.2700000000000005,0.10999999999999988,-0.8603446458735343,0.20895523205163352
2023-06-14,132.14256286621094,0.0,13.880000114440918,5.1,3.83,-0.00373880381903946,0.010828812847864884,4.0,0.030270337681053153,-1.2699999999999996,-0.009999999999999787,-0.887620871068876,0.18101801178059732
2023-06-15,133.6368408203125,0.0,14.5,5.07,3.72,0.011244616236050919,0.010800785787697437,4.0,0.029931865909479126,-1.35,-0.10999999999999988,-0.8829115790448487,0.20474552442782284
2023-06-16,133.7956085205078,0.0,13.539999961853027,5.09,3.77,0.0011873482013058617,0.008810151819044093,4.0,0.029896347452890364,-1.3199999999999998,0.04999999999999982,-0.8876957656231619,0.1680061417649874
2023-06-20,133.1138153076172,0.0,13.880000114440918,5.14,3.74,-0.005108809468080252,0.008817449801137724,4.0,0.030049473007412984,-1.3999999999999995,-0.029999999999999805,-0.8923837738644393,0.18101801178059732
2023-06-21,132.917724609375,0.0,13.199999809265137,5.15,3.72,-0.0014741916226629962,0.008803782403569438,4.0,0.03009380435720964,-1.4300000000000002,-0.020000000000000018,-0.9029135052508045,0.15499427174937752
2023-06-22,130.3587188720703,0.0,12.90999984741211,5.15,3.8,-0.01944029853706631,0.009687578591484504,4.0,0.030684560531202106,-1.3500000000000005,0.07999999999999963,-0.8693913795933712,0.14389591847088015
2023-06-23,129.67694091796875,0.0,13.4399995803833,5.15,3.74,-0.0052437386232107395,0.009454122338367088,4.0,0.030845884948275625,-1.4100000000000001,-0.05999999999999961,-0.825696319486565,0.16417910829076235
2023-06-26,129.99447631835938,0.0,14.25,5.24,3.72,0.0024456720115236027,0.009177221201010888,4.0,0.030770538205053502,-1.52,-0.020000000000000018,-0.7785464489129317,0.19517797723955627
2023-06-27,130.00381469726562,0.0,13.739999771118164,5.19,3.77,7.18341560921336e-05,0.00917755443940415,4.0,0.030768327908797372,-1.4200000000000004,0.04999999999999982,-0.6973032616756007,0.17566017221614144
2023-06-28,129.43414306640625,0.0,13.43000030517578,5.18,3.71,-0.004391589814611199,0.00905982743741147,4.0,0.03090374691898565,-1.4699999999999998,-0.06000000000000005,-0.5937351749819478,0.16379643414117664
2023-06-29,133.954345703125,0.0,13.539999961853027,5.2,3.85,0.03432683415462458,0.011675484223375462,4.0,0.029860919994823914,-1.35,0.14000000000000012,-0.5426836060409123,0.1680061417649874
2023-06-30,135.83160400390625,0.0,13.59000015258789,5.17,3.81,0.01391687448198422,0.01143154829429005,4.0,0.029448227673767056,-1.3599999999999999,-0.040000000000000036,-0.2569891837612915,0.16991965850209995
2023-07-03,136.92430114746094,0.0,13.56999969482422,5.21,3.86,0.008012314077047682,0.011239212261452063,4.0,0.029213221951684024,-1.35,0.04999999999999982,-0.11365382462794547,0.16915423720833656
2023-07-05,136.01214599609375,1.0,14.18000030517578,5.21,3.95,-0.006684036206160217,0.01065198170481997,5.0,0.0367614227639905,-1.2599999999999998,0.0900000000000003,-0.030553267179696558,0.19249907570597632
2023-07-06,134.66746520996094,0.0,15.4399995803833,5.23,4.05,-0.009935671490669056,0.01065540053170092,4.0,0.029702794166085872,-1.1800000000000006,0.09999999999999964,0.1878165196893271,0.2407194857968948
2023-07-07,135.7300262451172,0.0,14.829999923706056,5.22,4.06,0.007859292620142828,0.010739493688512057,4.0,0.029470266164808155,-1.1600000000000001,0.009999999999999787,0.2771163486980879,0.21737468379655106
2023-07-10,136.49169921875,0.0,15.06999969482422,5.25,4.01,0.005595989519126207,0.010631371739048457,4.0,0.029305811436850484,-1.2400000000000002,-0.04999999999999982,0.3680379079442198,0.2265595203379359
2023-07-11,138.6262969970703,0.0,14.84000015258789,5.25,3.99,0.015518000590698374,0.011034012933416541,4.0,0.028854554198216337,-1.2599999999999998,-0.019999999999999574,0.4245393417215892,0.21775739444343273
2023-07-12,139.31275939941406,0.0,13.539999961853027,5.24,3.86,0.004939671358681018,0.011045456551917599,4.0,0.028712373635008365,-1.3800000000000003,-0.13000000000000034,0.2971981990186119,0.1680061417649874
2023-07-13,139.9898223876953,0.0,13.609999656677246,5.24,3.76,0.004848249594939427,0.011036405971242195,4.0,0.02857350578617198,-1.4800000000000004,-0.10000000000000009,0.2772475353119987,0.1706850432985673
2023-07-14,140.8361358642578,0.0,13.34000015258789,5.25,3.83,0.00602733482300529,0.01101641862982526,4.0,0.028401801678621195,-1.42,0.07000000000000028,0.1908877028933124,0.1603521113138334
2023-07-17,144.2307891845703,0.0,13.479999542236328,5.26,3.81,0.023817661730329096,0.011804590483066825,4.0,0.02773332949652831,-1.4499999999999997,-0.020000000000000018,0.08699776725001869,0.16570991438099314
2023-07-18,144.4940948486328,0.0,13.300000190734863,5.25,3.8,0.0018239213286991888,0.01170077343100068,4.0,0.027682792187391923,-1.4500000000000002,-0.010000000000000231,0.008573157423293419,0.15882130522360258
2023-07-19,145.04888916015625,0.0,13.760000228881836,5.26,3.75,0.003832211596431268,0.01168637878579727,4.0,0.027576908883344745,-1.5099999999999998,-0.04999999999999982,-0.013888525196822448,0.1764255935099049
2023-07-20,146.83555603027344,0.0,13.989999771118164,5.26,3.85,0.012242441929206385,0.011634900380244019,4.0,0.027241358347669622,-1.4099999999999997,0.10000000000000009,0.0074366724530708864,0.185227719404408
2023-07-21,145.70712280273438,0.0,13.600000381469728,5.27,3.84,-0.00771469536504555,0.011876902588271922,4.0,0.027452329872818922,-1.4299999999999997,-0.010000000000000231,-0.06083691473998452,0.17030236914898172
2023-07-24,148.5752410888672,0.0,13.90999984741211,5.28,3.86,0.01949290514732005,0.010978258445454699,4.0,0.026922386063014923,-1.4200000000000004,0.020000000000000018,-0.16060226657786086,0.18216610722394638
2023-07-25,147.46560668945312,0.0,13.859999656677246,5.28,3.91,-0.007496530322328243,0.011106228741244922,4.0,0.02712496893206817,-1.37,0.050000000000000266,-0.23415758071498827,0.18025259048683384
2023-07-26,148.34951782226562,0.0,13.1899995803833,5.28,3.86,0.005976122856734069,0.011074482332342601,4.0,0.026963350192970054,-1.4200000000000004,-0.050000000000000266,-0.2750139078257515,0.1546115611024958
2023-07-27,146.7133331298828,0.0,14.40999984741211,5.28,4.01,-0.011090528393778295,0.011641210325146934,4.0,0.027264052384788153,-1.2700000000000005,0.1499999999999999,-0.2652758023411763,0.20130120160047948
2023-07-28,147.55023193359375,0.0,13.329999923706056,5.28,3.96,0.005688105219452245,0.011407255011704582,4.0,0.027109411808991492,-1.3200000000000003,-0.04999999999999982,-0.4321972955627545,0.15996940066695173
2023-07-31,148.53758239746094,0.0,13.630000114440918,5.28,3.97,0.006669333054955345,0.009426778774065931,4.0,0.026929211687966553,-1.31,0.010000000000000231,-0.5201884388363975,0.17145046459233074
2023-08-01,147.80413818359375,0.0,13.93000030517578,5.27,4.05,-0.0049499996829989725,0.009425603326792808,4.0,0.027062841738784277,-1.2199999999999998,0.07999999999999963,-0.5709450331672457,0.18293152851770977
2023-08-02,146.13031005859375,0.0,16.09000015258789,5.27,4.08,-0.011389248373932202,0.009951175285212778,4.0,0.027372829075611508,-1.1899999999999995,0.03000000000000025,-0.4272942266271114,0.2655951303847655
2023-08-03,147.02365112304688,0.0,15.920000076293944,5.27,4.2,0.006094707546489215,0.009710866464565789,4.0,0.02720650704458648,-1.0699999999999994,0.1200000000000001,-0.31353733710044146,0.2590891953769605
2023-08-04,146.7133331298828,0.0,17.100000381469727,5.28,4.05,-0.002112897763965965,0.0093028261676354,4.0,0.027264052384788153,-1.2300000000000004,-0.15000000000000036,-0.06703055587702725,0.3042480297847135
2023-08-07,147.40916442871094,0.0,15.770000457763672,5.29,4.09,0.004731583627815043,0.009264245241370038,4.0,0.02713535495233374,-1.2000000000000002,0.040000000000000036,0.04402475327016057,0.2533486816629191
2023-08-08,146.5816650390625,0.0,15.989999771118164,5.3,4.02,-0.005629438009837137,0.009484584797875128,4.0,0.027288542526338756,-1.2800000000000002,-0.07000000000000028,0.1770073827737866,0.2617680969105404
2023-08-09,144.6163330078125,0.0,15.960000038146973,5.28,4.0,-0.013498457310835371,0.009740486966160875,4.0,0.027659393076879573,-1.2800000000000002,-0.019999999999999574,0.22487380499783968,0.2606200014671914
2023-08-10,144.4000701904297,0.0,15.850000381469728,5.28,4.09,-0.001496543831784579,0.009745097900032649,4.0,0.027700817560025712,-1.1900000000000004,0.08999999999999986,0.12080979671185611,0.25641029384338077
2023-08-11,145.2369842529297,0.0,14.84000015258789,5.28,4.16,0.005779069900803666,0.009762197503424785,4.0,0.027541194280335746,-1.12,0.07000000000000028,0.023823617058037583,0.21775739444343273
2023-08-14,145.5378875732422,0.0,14.81999969482422,5.29,4.19,0.0020696659641398292,0.009713620511682751,4.0,0.02748425215383859,-1.0999999999999996,0.03000000000000025,-0.1763528191211116,0.21699197314966934
2023-08-15,141.8328857421875,0.0,16.459999084472656,5.29,4.21,-0.025786944820779353,0.010056697217852534,4.0,0.0282022041578628,-1.08,0.019999999999999574,-0.4062676918551518,0.2797550593464284
2023-08-16,141.23109436035156,0.0,16.780000686645508,5.29,4.28,-0.00425198775405185,0.010064881088306764,4.0,0.028322374885759845,-1.0099999999999998,0.07000000000000028,-0.5879174362338492,0.292001581062867
2023-08-17,139.76416015625,0.0,17.889999389648438,5.29,4.3,-0.010441084019287176,0.010197098574292194,4.0,0.02861964036794684,-0.9900000000000002,0.019999999999999574,-0.7268084255100097,0.33448144094244786
2023-08-18,140.08384704589844,0.0,17.299999237060547,5.28,4.26,0.0022847189937622754,0.009734062839171,4.0,0.02855432717156462,-1.0200000000000005,-0.040000000000000036,-0.7587929032083077,0.3119020237385714
2023-08-21,140.56341552734375,0.0,17.1299991607666,5.3,4.34,0.003417592203291272,0.009724218223605197,4.0,0.028456906692210262,-0.96,0.08000000000000007,-0.8016045402098849,0.30539608873076646
2023-08-22,137.64834594726562,0.0,16.969999313354492,5.3,4.34,-0.020956527859044755,0.009311409169572555,4.0,0.029059557326845304,-0.96,0.0,-0.7765393617350955,0.29927286436984324
2023-08-23,138.5792694091797,0.0,15.979999542236328,5.3,4.19,0.006740289055801266,0.009532061338863054,4.0,0.02886434613960401,-1.1099999999999994,-0.14999999999999947,-0.7274278578319275,0.2613853862636587
2023-08-24,138.44764709472656,0.0,17.200000762939453,5.31,4.23,-0.0009502493549615736,0.009324990977505582,4.0,0.02889178750190807,-1.0799999999999992,0.040000000000000036,-0.7245148787043116,0.3080750632589385
2023-08-25,138.2783660888672,0.0,15.68000030517578,5.34,4.25,-0.0012234558293055683,0.00915938006036169,4.0,0.02892715695981919,-1.0899999999999999,0.019999999999999574,-0.6596892654261962,0.24990435883557566
2023-08-28,138.75794982910156,0.0,15.079999923706056,5.34,4.2,0.0034622480284999323,0.009068432794023891,4.0,0.028827177144996156,-1.1399999999999997,-0.04999999999999982,-0.5502598076296424,0.22694223098481764
2023-08-29,139.88636779785156,0.0,14.449999809265137,5.33,4.12,0.008099387398569146,0.009149097478947082,4.0,0.028594637654616648,-1.21,-0.08000000000000007,-0.36891893863538655,0.2028320076907103
2023-08-30,139.32217407226562,0.0,13.880000114440918,5.32,4.12,-0.004041384190551067,0.009140851747036412,4.0,0.02871043340111261,-1.2000000000000002,0.0,-0.12757919468926895,0.18101801178059732
2023-08-31,137.60130310058594,0.0,13.56999969482422,5.32,4.09,-0.012428654596654102,0.009192274405604382,4.0,0.029069492147730736,-1.2300000000000004,-0.03000000000000025,0.016152682897485105,0.16915423720833656
2023-09-01,138.06211853027344,0.0,13.09000015258789,5.3,4.18,0.003343322492358871,0.009077090893804485,4.0,0.02897246574644517,-1.12,0.08999999999999986,0.12362526307355959,0.15078456412556682
2023-09-05,136.53872680664062,0.0,14.010000228881836,5.32,4.27,-0.011095430899215409,0.00924357280967066,4.0,0.029295717731897424,-1.0500000000000007,0.08999999999999986,0.12931896495077377,0.18599314069817144
2023-09-06,136.3130645751953,0.0,14.449999809265137,5.31,4.3,-0.0016541015307572167,0.009065233840559666,4.0,0.02934421592285054,-1.0099999999999998,0.03000000000000025,0.18379501537471185,0.2028320076907103
2023-09-07,135.14700317382812,0.0,14.399999618530272,5.3,4.27,-0.008591087322449426,0.00911919467609019,4.0,0.029597400653088395,-1.0300000000000002,-0.03000000000000025,0.2249202328205562,0.2009184909535977
2023-09-08,135.25045776367188,0.0,13.84000015258789,5.31,4.26,0.0007652038930624601,0.008894423868327242,4.0,0.029574761269860896,-1.0499999999999998,-0.009999999999999787,0.277489645412245,0.1794872056903665
2023-09-11,135.84288024902344,0.0,13.800000190734863,5.32,4.29,0.004370623289743605,0.009041162823965835,4.0,0.02944578319207683,-1.0300000000000002,0.03000000000000025,0.317015713561523,0.17795639960013568
2023-09-12,137.61073303222656,0.0,14.229999542236328,5.32,4.27,0.01292999856007248,0.009507388281508464,4.0,0.02906750012779348,-1.0500000000000007,-0.020000000000000462,0.42076072883098686,0.19441255594579282
2023-09-13,137.67657470703125,0.0,13.479999542236328,5.31,4.25,0.00047834879567017793,0.009474858454823407,4.0,0.02905359904916139,-1.0599999999999996,-0.019999999999999574,0.6104304700196265,0.16570991438099314
2023-09-14,140.34716796875,0.0,12.81999969482422,5.31,4.29,0.019211851314901968,0.009058531791624164,4.0,0.028500753224252082,-1.0199999999999996,0.040000000000000036,0.4564514563660955,0.14045159564353688
2023-09-15,139.93341064453125,0.0,13.789999961853027,5.32,4.33,-0.0029524530513338294,0.009036040116033744,4.0,0.028585024702650057,-0.9900000000000002,0.040000000000000036,0.345645952704313,0.17757368895325396
2023-09-18,140.22491455078125,0.0,14.0,5.31,4.32,0.002080994817799514,0.008751732544600814,4.0,0.028525601265753913,-0.9899999999999993,-0.009999999999999787,0.23934701262245117,0.18561043005128972
2023-09-19,140.04623413085938,0.0,14.109999656677246,5.31,4.37,-0.0012750541393221268,0.008742924736572198,4.0,0.028561996149517273,-0.9399999999999995,0.04999999999999982,0.12456655361294341,0.18982013767510042
2023-09-20,139.453857421875,0.0,15.140000343322754,5.33,4.35,-0.004238836507462425,0.008752357316164982,4.0,0.028683322741652268,-0.9800000000000004,-0.020000000000000462,-0.0010932930456483327,0.22923845836881182
2023-09-21,138.36300659179688,0.0,17.540000915527344,5.33,4.49,-0.007853061332770105,0.007603563016479425,4.0,0.028909461412622614,-0.8399999999999999,0.14000000000000057,0.04661853989753442,0.3210869332745484
2023-09-22,137.03707885742188,0.0,17.200000762939453,5.32,4.44,-0.009629176238724507,0.007742371215924946,4.0,0.029189180281358293,-0.8799999999999999,-0.04999999999999982,-0.03998068711873614,0.3080750632589385
2023-09-25,137.71417236328125,0.0,16.899999618530273,5.35,4.55,0.004928784662965409,0.007832292888619044,4.0,0.029045667060672985,-0.7999999999999998,0.10999999999999943,-0.08410281821487654,0.2965939628362633
2023-09-26,136.2848358154297,0.0,18.940000534057617,5.34,4.56,-0.010433245893221896,0.008141110911621287,4.0,0.029350294007890892,-0.7800000000000002,0.009999999999999787,-0.2111424497342486,0.3746651829299227
2023-09-27,137.08413696289062,0.0,18.21999931335449,5.34,4.61,0.005847799164098633,0.008218246789495044,4.0,0.029179160248737027,-0.7299999999999995,0.05000000000000071,-0.24363845937430473,0.34711060031117585
2023-09-28,138.78616333007812,0.0,17.34000015258789,5.32,4.59,0.012339479542334495,0.00848969663670646,4.0,0.028821316938394743,-0.7300000000000004,-0.020000000000000462,-0.187756405523578,0.3134328663260983
2023-09-29,136.36949157714844,0.0,17.520000457763672,5.32,4.59,-0.01756630367736491,0.009259750905411325,4.0,0.029332073865928263,-0.7300000000000004,0.0,-0.20790547942320317,0.32032151198078496
2023-10-02,135.19406127929688,0.0,17.610000610351562,5.35,4.69,-0.008656814407407887,0.009061860085805245,4.0,0.029587098443151404,-0.6599999999999993,0.10000000000000053,-0.28093396966313744,0.3237658348081283
2023-10-03,134.19725036621094,0.0,19.780000686645508,5.35,4.81,-0.007400501941881972,0.009116962587413189,4.0,0.02980687002963472,-0.54,0.11999999999999922,-0.4023681881827099,0.4068121473220657
2023-10-04,134.79908752441406,0.0,18.57999992370605,5.34,4.73,0.004474694095332241,0.008915865869632474,4.0,0.029673791369511624,-0.6099999999999994,-0.07999999999999918,-0.47968109332625614,0.36088789162054924
2023-10-05,135.36746215820312,1.05,18.489999771118164,5.34,4.72,0.004207593227148485,0.008973135888841818,5.05,0.037305863015279814,-0.6200000000000001,-0.010000000000000675,-0.5345679111757641,0.35744356879320605
2023-10-06,137.4514923095703,0.0,17.450000762939453,5.36,4.78,0.015278049085143668,0.009377231887966691,4.05,0.029464940190525753,-0.5800000000000001,0.0600000000000005,-0.5996620328383794,0.3176426104472051
2023-10-09,137.13890075683594,0.0,17.700000762939453,5.35,4.720000000000001,-0.0022767853185005228,0.009401344541401145,4.05,0.029532101961216282,-0.629999999999999,-0.05999999999999961,-0.7075033106353374,0.3272101576354716
2023-10-10,137.97250366210938,0.0,17.030000686645508,5.34,4.66,0.006060130136858859,0.009441825500808451,4.05,0.02935367477217295,-0.6799999999999997,-0.0600000000000005,-0.8080869959556976,0.3015691282511336
2023-10-11,138.44613647460938,0.0,16.09000015258789,5.34,4.58,0.0034269271839813776,0.009047923823433788,4.05,0.029253254031706102,-0.7599999999999998,-0.08000000000000007,-0.8362712624846695,0.2655951303847655
2023-10-12,138.1240997314453,0.0,16.690000534057617,5.35,4.7,-0.0023287891938222785,0.009065693039236713,4.05,0.029321458079179626,-0.6499999999999995,0.1200000000000001,-0.8947996971877724,0.2885572582355237
2023-10-13,140.19863891601562,0.0,19.31999969482422,5.35,4.63,0.014907711924319928,0.008652538866583969,4.05,0.02888758429692107,-0.7199999999999998,-0.07000000000000028,-0.7046691681097724,0.3892078225384673
2023-10-16,140.05654907226562,0.0,17.209999084472656,5.34,4.71,-0.001014003394154497,0.008630342832568796,4.05,0.02891689126161678,-0.6299999999999999,0.08000000000000007,-0.6428829594785523,0.30845770091122804
2023-10-17,139.75340270996094,0.0,17.8799991607666,5.35,4.83,-0.002166802710058581,0.008629940485461729,4.05,0.028979616391918706,-0.5199999999999996,0.1200000000000001,-0.5422794955212699,0.33409873029556614
2023-10-18,138.21881103515625,0.0,19.21999931335449,5.34,4.91,-0.011041443637222342,0.008950224231287579,4.05,0.029301366215412412,-0.4299999999999997,0.08000000000000007,-0.41280393471699145,0.3853807890642421
2023-10-19,137.63148498535156,0.0,21.399999618530277,5.33,4.98,-0.004258302026734285,0.008950618161026595,4.05,0.029426406322877723,-0.34999999999999964,0.07000000000000028,-0.2418006429673396,0.4688098122250615
2023-10-20,135.41482543945312,0.0,21.709999084472656,5.31,4.93,-0.016236866496941987,0.009461465409174388,4.05,0.02990809896078064,-0.3799999999999999,-0.05000000000000071,-0.32865921356005406,0.48067355030002606
2023-10-23,133.567626953125,0.0,20.3700008392334,5.32,4.86,-0.013734929613752975,0.0096878513113438,4.05,0.030321718610912585,-0.45999999999999996,-0.0699999999999994,-0.4232947249841392,0.4293915645259422
2023-10-24,133.72865295410156,0.0,18.96999931335449,5.31,4.83,0.001204850441705229,0.009603366244751714,4.05,0.030285207474497207,-0.47999999999999954,-0.03000000000000025,-0.41806480155311687,0.37581324187597553
2023-10-25,132.99923706054688,0.0,20.190000534057617,5.32,4.95,-0.005469377138110469,0.009429380922101566,4.05,0.03045130250000057,-0.3700000000000001,0.1200000000000001,-0.4685271366545724,0.4225029188712555
2023-10-26,133.3402557373047,0.0,20.68000030517578,5.32,4.86,0.0025607833035280986,0.009334000472862005,4.05,0.030373423071716286,-0.45999999999999996,-0.08999999999999986,-0.5184710251812187,0.4412553026009069
2023-10-27,128.5375213623047,0.0,21.270000457763672,5.32,4.84,-0.03668331837155225,0.011602049920501999,4.05,0.03150830945762827,-0.4800000000000004,-0.020000000000000462,-0.5781275951686725,0.46383471980478336
2023-10-30,130.17633056640625,0.0,19.75,5.33,4.88,0.012669063612983983,0.011665012141551526,4.05,0.031111646659405506,-0.4500000000000002,0.040000000000000036,-0.5758215052340248,0.40566401538142055
2023-10-31,131.7298583984375,0.0,18.13999938964844,5.33,4.88,0.011863377939916766,0.011954142624443062,4.05,0.03074473812725239,-0.4500000000000002,0.0,-0.5364573408427792,0.34404898813071455
2023-11-01,131.61622619628906,0.0,16.8700008392334,5.31,4.77,-0.0008629876489379968,0.01187041402819579,4.05,0.030771281908356297,-0.54,-0.11000000000000032,-0.4223169499368792,0.29544590389021036
2023-11-02,133.96548461914062,0.0,15.65999984741211,5.28,4.67,0.017691878648664082,0.012504482273434316,4.05,0.030231667593440308,-0.6100000000000003,-0.09999999999999964,-0.3509624596266571,0.2491389375418123
2023-11-03,135.4622039794922,0.0,14.90999984741211,5.27,4.57,0.011110474685717783,0.012717683409206162,4.05,0.029897638463147514,-0.6999999999999993,-0.09999999999999964,-0.31876042981330893,0.22043629597701261
2023-11-06,136.4852752685547,0.0,14.890000343322754,5.29,4.67,0.007524071327053708,0.01236049332085995,4.05,0.029673530657655444,-0.6200000000000001,0.09999999999999964,-0.31093895030591856,0.21967091118054527
2023-11-07,136.41893005371094,0.0,14.8100004196167,5.28,4.58,-0.00048621615099287357,0.012352608758883348,4.05,0.029687961915589218,-0.7000000000000002,-0.08999999999999986,-0.30952190710503963,0.21660929900008366
2023-11-08,137.09152221679688,0.0,14.449999809265137,5.28,4.49,0.00491822899840425,0.01232592414816459,4.05,0.02954230819317419,-0.79,-0.08999999999999986,-0.3157374202067456,0.2028320076907103
2023-11-09,136.68417358398438,0.0,15.289999961853027,5.27,4.62,-0.002975785941995871,0.012308170866104503,4.05,0.029630350711463412,-0.6499999999999995,0.1299999999999999,-0.3007868462443132,0.23497897208285332
2023-11-10,138.7113800048828,0.0,14.170000076293944,5.26,4.61,0.014722409353758901,0.0127438267227634,4.05,0.02919731603749768,-0.6499999999999995,-0.009999999999999787,-0.3386522903806127,0.1921163650590946
2023-11-13,138.09564208984375,0.0,14.760000228881836,5.28,4.63,-0.0044488678499412645,0.01231997308270415,4.05,0.029327500409934062,-0.6500000000000004,0.019999999999999574,-0.4387494200433563,0.21469578226297112
2023-11-14,140.61546325683594,0.0,14.15999984741211,5.26,4.44,0.018082450093698875,0.0129840356375031,4.05,0.02880195325746375,-0.8199999999999994,-0.1899999999999995,-0.5096750905022119,0.19173365441221293
2023-11-15,141.84693908691406,0.0,14.18000030517578,5.26,4.53,0.008719628683130979,0.013102037458061577,4.05,0.028551902678128557,-0.7299999999999995,0.08999999999999986,-0.5886136412592513,0.19249907570597632
2023-11-16,143.46678161621094,0.0,14.31999969482422,5.25,4.45,0.011354938905507986,0.013009011459256951,4.05,0.028229531285048168,-0.7999999999999998,-0.08000000000000007,-0.6520171028991928,0.19785687877313624
2023-11-17,144.7646026611328,0.0,13.800000190734863,5.25,4.44,0.009005471899679237,0.013023442437722006,4.05,0.027976452292555947,-0.8099999999999996,-0.009999999999999787,-0.7486132470568139,0.17795639960013568
2023-11-20,145.20977783203125,0.0,13.40999984741211,5.27,4.42,0.0030704472573573377,0.012303107298003544,4.05,0.02789068381252372,-0.8499999999999996,-0.020000000000000462,-0.8121954461670019,0.16303101284741325
2023-11-21,144.90664672851562,0.0,13.350000381469728,5.26,4.41,-0.0020897211475537497,0.011745502272459235,4.05,0.027949028505143206,-0.8499999999999996,-0.009999999999999787,-0.8300364632397774,0.16073482196071517
2023-11-22,145.2476806640625,0.0,12.850000381469728,5.27,4.42,0.0023507082982548192,0.011735109843374515,4.05,0.027883405652218855,-0.8499999999999996,0.009999999999999787,-0.8407826822742548,0.14159972758418207
2023-11-24,145.4466094970703,0.0,12.460000038146973,5.28,4.47,0.0013686465183077254,0.011554605367595868,4.05,0.027845269229748375,-0.8100000000000005,0.04999999999999982,-0.8582309557034613,0.12667434083145956
2023-11-27,145.1150665283203,0.0,12.6899995803833,5.28,4.39,-0.0022820842526261455,0.011638246059691895,4.05,0.027908887043163168,-0.8900000000000006,-0.08000000000000007,-0.8938369135495359,0.13547646672596267
2023-11-28,145.4466094970703,0.0,12.6899995803833,5.27,4.34,0.002282084252626147,0.0070077916766220615,4.05,0.027845269229748375,-0.9299999999999997,-0.04999999999999982,-0.9000987763111354,0.13547646672596267
2023-11-29,146.18553161621094,0.0,12.979999542236328,5.25,4.27,0.005067505231683039,0.0068340265850189335,4.05,0.0277045201069056,-0.9800000000000004,-0.07000000000000028,-0.9167461033258553,0.14657482000446004
2023-11-30,147.85275268554688,0.0,12.920000076293944,5.25,4.37,0.011340284756423449,0.006810675257525925,4.05,0.027392117674085763,-0.8799999999999999,0.10000000000000053,-0.9327069817197163,0.14427862911776182
2023-12-01,148.57266235351562,0.0,12.630000114440918,5.23,4.22,0.004857283126601607,0.006656174219130599,4.05,0.027259389014402797,-1.0100000000000007,-0.15000000000000036,-0.9274042725885534,0.1331802758392645
2023-12-04,149.66204833984375,0.0,13.079999923706056,5.26,4.28,0.007305593832386147,0.0060876791508344885,4.05,0.027060968661898162,-0.9799999999999995,0.0600000000000005,-0.9005140131746787,0.15040185347868518
2023-12-05,149.64309692382812,0.0,12.850000381469728,5.25,4.18,-0.00012663608588655336,0.0060428999982269985,4.05,0.027064395774043258,-1.0700000000000003,-0.10000000000000053,-0.8915208747051123,0.14159972758418207
2023-12-06,148.07057189941406,0.0,12.970000267028809,5.25,4.12,-0.010564107823025427,0.006860220763524527,4.05,0.0273518224995525,-1.13,-0.05999999999999961,-0.8806366237110227,0.14619214585487442
2023-12-07,148.5252685546875,0.0,13.0600004196167,5.24,4.14,0.003066105113235482,0.006790629108151003,4.05,0.027268087372680133,-1.1000000000000005,0.019999999999999574,-0.8620832741957013,0.14963646868221775
2023-12-08,150.16412353515625,0.0,12.350000381469728,5.24,4.23,0.010973750459068315,0.0069559538229200584,4.05,0.026970490052184926,-1.0099999999999998,0.09000000000000075,-0.8672663600642488,0.12246463320764894
2023-12-11,150.71353149414062,0.0,12.630000114440918,5.26,4.23,0.0036520396941403855,0.0067550145499249365,4.05,0.026872172391219258,-1.0299999999999994,0.0,-0.8273242674547676,0.1331802758392645
2023-12-12,152.05868530273438,0.0,12.06999969482422,5.26,4.2,0.00888564131360652,0.006432346313354154,4.05,0.026634453612017196,-1.0599999999999996,-0.03000000000000025,-0.8362429131621705,0.11174895407873721
2023-12-13,152.57022094726562,0.0,12.1899995803833,5.24,4.04,0.0033584214421989033,0.0061146327088538845,4.05,0.026545153928824956,-1.2000000000000002,-0.16000000000000014,-0.7964599581284819,0.11634137234942957
2023-12-14,155.34579467773438,0.0,12.479999542236328,5.23,3.92,0.018028610193183414,0.006108770013422685,4.05,0.026070869883550726,-1.3100000000000005,-0.1200000000000001,-0.7247898763163003,0.12743972562792694
2023-12-15,156.52041625976562,0.0,12.279999732971191,5.24,3.91,0.007532891318575876,0.0060755523121606226,4.05,0.02587521868890578,-1.33,-0.009999999999999787,-0.6780642602706035,0.1197856951767729
2023-12-18,157.46768188476562,0.0,12.5600004196167,5.26,3.95,0.006033786022383262,0.0058917583734214764,4.05,0.02571956322417814,-1.3099999999999996,0.040000000000000036,-0.6202341037272228,0.13050137430568462
2023-12-19,159.57066345214844,0.0,12.529999732971191,5.23,3.93,0.013266612335573323,0.006125794974369301,4.05,0.025380605133690514,-1.3000000000000003,-0.020000000000000018,-0.5717684859432257,0.12935324236503945
2023-12-20,157.77084350585938,0.0,13.670000076293944,5.24,3.86,-0.01134323248104887,0.007048152778214183,4.05,0.025670142277268035,-1.3800000000000003,-0.07000000000000028,-0.20861249310136756,0.17298127068256147
2023-12-21,158.67076110839844,0.0,13.649999618530272,5.22,3.89,0.005687747852867236,0.006918019056017781,4.05,0.025524551415198535,-1.3299999999999996,0.03000000000000025,0.08534182652034866,0.17221584938879803
2023-12-22,158.5760040283203,0.0,13.029999732971191,5.24,3.9,-0.0005973714679495235,0.006989543615524079,4.05,0.025539803609105353,-1.3400000000000003,0.009999999999999787,0.14867997623312104,0.14848833674157258
2023-12-26,159.51382446289062,0.0,12.989999771118164,5.25,3.89,0.005896593150035807,0.006968268186075809,4.05,0.025389648913735335,-1.3599999999999999,-0.009999999999999787,0.14092279120349713,0.14695753065134176
2023-12-27,160.4705810546875,0.0,12.43000030517578,5.24,3.79,0.005980037942476133,0.006803648477994108,4.05,0.02523827092406291,-1.4500000000000002,-0.10000000000000009,0.06078351800549361,0.1255262453881104
2023-12-28,161.32315063476562,0.0,12.470000267028809,5.25,3.84,0.005298869996463177,0.006779861377660211,4.05,0.02510489030287518,-1.4100000000000001,0.04999999999999982,-0.006352049417037079,0.1270570514783413
2023-12-29,161.1337127685547,0.0,12.449999809265137,5.2,3.88,-0.0011749657675479395,0.006909299294554431,4.05,0.02513440502557798,-1.3200000000000003,0.040000000000000036,-0.009630126247746533,0.12629163018457784
2024-01-02,163.0093231201172,0.0,13.199999809265137,5.22,3.95,0.011572861838138012,0.006920759834673599,4.05,0.024845204694308582,-1.2699999999999996,0.07000000000000028,0.10662769206091308,0.15499427174937752
2024-01-03,162.2988739013672,0.0,14.039999961853027,5.24,3.91,-0.004367860107813587,0.007194137836339711,4.05,0.02495396241911869,-1.33,-0.040000000000000036,0.2352005686738277,0.18714123614152053
2024-01-04,163.37588500976562,1.05,14.130000114440918,5.24,3.99,0.0066140528557577455,0.0071808197379382155,5.1,0.031216357295907854,-1.25,0.08000000000000007,0.38739834220104374,0.19058555896886387
2024-01-05,164.19561767578125,0.0,13.350000381469728,5.24,4.05,0.005004918745571675,0.0071141224051664235,5.1,0.03106051228523285,-1.1900000000000004,0.05999999999999961,0.4359842602700442,0.16073482196071517
2024-01-08,163.95733642578125,0.0,13.079999923706056,5.25,4.01,-0.001452257484814245,0.006396224393532162,4.1,0.025006505285940353,-1.2400000000000002,-0.040000000000000036,0.4936180691002236,0.15040185347868518
2024-01-09,162.6610565185547,0.0,12.760000228881836,5.24,4.02,-0.007937622260859494,0.006974522926467187,4.1,0.025205787345493568,-1.2200000000000006,0.009999999999999787,0.5648834395862109,0.13815540475683866
2024-01-10,163.00421142578125,0.0,12.6899995803833,5.23,4.04,0.0021074094661277048,0.006818806895809616,4.1,0.025152724362994778,-1.1900000000000004,0.020000000000000462,0.5121968330748741,0.13547646672596267
2024-01-11,162.31793212890625,0.0,12.4399995803833,5.23,3.98,-0.004219081476557265,0.007046065096342916,4.1,0.025259069939012946,-1.2500000000000004,-0.06000000000000005,0.49164482288033323,0.12590891953769612
2024-01-12,161.12652587890625,0.0,12.699999809265137,5.22,3.96,-0.007367024593780909,0.0073160634475702485,4.1,0.025445841258200604,-1.2599999999999998,-0.020000000000000018,0.40098720204674737,0.1358591773728444
2024-01-16,160.11622619628906,0.0,13.84000015258789,5.22,4.07,-0.006289966120755309,0.007574869336035983,4.1,0.02560639916015597,-1.1499999999999995,0.11000000000000032,0.26844002515345067,0.1794872056903665
2024-01-17,159.2583770751953,0.0,14.789999961853027,5.24,4.1,-0.005372068883185858,0.006829761630829281,4.1,0.02574432865194995,-1.1400000000000006,0.02999999999999936,0.07670810216937658,0.2158438777063202
2024-01-18,159.5729217529297,0.0,14.130000114440918,5.22,4.14,0.0019731110523867833,0.00667742714055696,4.1,0.025693582313095206,-1.08,0.040000000000000036,-0.09220228735178074,0.19058555896886387
2024-01-19,162.32745361328125,0.0,13.300000190734863,5.22,4.15,0.01711460629804573,0.007490106795550732,4.1,0.025257588342188764,-1.0699999999999994,0.010000000000000675,-0.18509005042144847,0.15882130522360258
2024-01-22,162.13685607910156,0.0,13.1899995803833,5.22,4.11,-0.0011748445077564107,0.006997446389600452,4.1,0.025287279518974616,-1.1099999999999994,-0.040000000000000036,-0.24122836519882643,0.1546115611024958
2024-01-23,161.06935119628906,0.0,12.550000190734863,5.21,4.14,-0.006605744200270965,0.006655768416963801,4.1,0.025454873751887697,-1.0700000000000003,0.02999999999999936,-0.18492404578028152,0.1301186636588029
2024-01-24,162.508544921875,0.0,13.140000343322754,5.21,4.18,0.00889555951280775,0.006804242133569773,4.1,0.02522944256236526,-1.0300000000000002,0.040000000000000036,-0.13998251780076693,0.15269808086267936
2024-01-25,164.83419799804688,0.0,13.449999809265137,5.21,4.14,0.014209523549869147,0.007359910070584133,4.1,0.02487347922819135,-1.0700000000000003,-0.040000000000000036,-0.12592142645942947,0.16456181893764407
2024-01-26,164.20513916015625,0.0,13.260000228881836,5.21,4.15,-0.0038236133693178727,0.007397797409010977,4.1,0.024968767853246636,-1.0599999999999996,0.010000000000000675,-0.1480326707028241,0.15729049913337176
2024-01-29,164.63404846191406,0.0,13.600000381469728,5.22,4.08,0.0026086279319962593,0.0073292494343721445,4.1,0.024903718509652523,-1.1399999999999997,-0.07000000000000028,-0.17551435784753827,0.17030236914898172
2024-01-30,168.00811767578125,0.0,13.3100004196167,5.21,4.06,0.020287175100149556,0.008398178992506208,4.1,0.02440358273587767,-1.1500000000000004,-0.020000000000000462,-0.17887356748870029,0.1592040158704843
2024-01-31,166.18763732910156,0.0,14.350000381469728,5.22,3.99,-0.010894802381343641,0.00883456710866681,4.1,0.024670908533832546,-1.2299999999999995,-0.0699999999999994,-0.09444269389135304,0.1990050107137814
2024-02-01,165.58717346191406,0.0,13.880000114440918,5.22,3.87,-0.003619711342025726,0.0085844524035148,4.1,0.024760371919404868,-1.3499999999999996,-0.1200000000000001,-0.04520873692194925,0.18101801178059732
2024-02-02,166.54029846191406,0.0,13.850000381469728,5.23,4.03,0.005739528928335194,0.008566656355415396,4.1,0.024618666099830634,-1.2000000000000002,0.16000000000000014,0.02452942100882044,0.1798699163372483
2024-02-05,166.32107543945312,0.0,13.670000076293944,5.22,4.17,-0.0013172033245427615,0.008491856198713892,4.1,0.024651115255039026,-1.0499999999999998,0.13999999999999968,0.04926930858836843,0.17298127068256147
2024-02-06,166.89295959472656,0.0,13.0600004196167,5.23,4.09,0.003432536788099613,0.008460269859257108,4.1,0.024566644452565334,-1.1400000000000006,-0.08000000000000007,0.010699155805106707,0.14963646868221775
2024-02-07,167.2074737548828,0.0,12.829999923706056,5.23,4.09,0.001882752739404682,0.008447644790765615,4.1,0.024520435049514473,-1.1400000000000006,0.0,-0.04686581135983881,0.1408343062904186
2024-02-08,166.60702514648438,0.0,12.789999961853027,5.23,4.15,-0.003597502552822122,0.008270972250986103,4.1,0.024608806239684033,-1.08,0.0600000000000005,-0.11492005640399386,0.13930350020018772
2024-02-09,166.80715942382812,0.0,12.93000030517578,5.24,4.17,0.0012005146190069208,0.008268043250231857,4.1,0.0245792807344834,-1.0700000000000003,0.019999999999999574,-0.17089260563480335,0.14466133976464354
2024-02-12,167.55062866210938,0.0,13.93000030517578,5.23,4.17,0.004447155054158125,0.00820541374165562,4.1,0.024470215556566224,-1.0600000000000005,0.0,-0.17606252402450898,0.18293152851770977
2024-02-13,166.09231567382812,0.0,15.850000381469728,5.25,4.31,-0.008741813965894097,0.008284886396009026,4.1,0.024685067357670985,-0.9400000000000004,0.13999999999999968,-0.10818566384348434,0.25641029384338077
2024-02-14,167.7793731689453,0.0,14.380000114440918,5.23,4.27,0.010106109084535946,0.008292034424088036,4.1,0.024436853723797787,-0.9600000000000009,-0.040000000000000036,-0.028499110802830005,0.20015310615713042
2024-02-15,171.43936157226562,0.0,14.010000228881836,5.23,4.24,0.02157976586334526,0.009103278960672286,4.1,0.023915161386504322,-0.9900000000000002,-0.02999999999999936,0.20659133126952622,0.18599314069817144
2024-02-16,170.6387481689453,0.0,14.239999771118164,5.24,4.3,-0.0046808892025296716,0.009273642184051106,4.1,0.024027368015737485,-0.9400000000000004,0.05999999999999961,0.38317582857289056,0.19479526659267454
2024-02-20,171.30593872070312,0.0,15.420000076293944,5.24,4.27,0.0039023352256383104,0.008713155612820928,4.1,0.023933787880434383,-0.9700000000000006,-0.03000000000000025,0.49657108120989535,0.23995410100042738
2024-02-21,172.42111206054688,0.0,15.34000015258789,5.24,4.32,0.006488737211988303,0.008709235793735667,4.1,0.023778990583010834,-0.9199999999999999,0.05000000000000071,0.5730429564517271,0.23689248881996583
2024-02-22,174.48941040039062,0.0,14.539999961853027,5.25,4.33,0.011924243936506892,0.008633324693863787,4.1,0.02349712793797612,-0.9199999999999999,0.009999999999999787,0.5116782113722985,0.20627633051805364
2024-02-23,175.36630249023438,0.0,13.75,5.26,4.26,0.005012888992933729,0.008560254391876363,4.1,0.02337963418159151,-1.0,-0.07000000000000028,0.3856148503740035,0.17604288286302316
2024-02-26,174.76580810546875,0.0,13.739999771118164,5.26,4.28,-0.00343010512523198,0.008332227735179892,4.1,0.02345996647997477,-0.9799999999999995,0.020000000000000462,0.31252867857844013,0.17566017221614144
2024-02-27,174.85159301757812,0.0,13.43000030517578,5.25,4.31,0.0004907359505298183,0.008213449233915576,4.1,0.023448456655398155,-0.9400000000000004,0.02999999999999936,0.19872084374950952,0.16379643414117664
2024-02-28,175.7379913330078,0.0,13.84000015258789,5.24,4.27,0.005056626002158508,0.008225107453304984,4.1,0.02333018585737028,-0.9700000000000006,-0.040000000000000036,0.1529564034865444,0.1794872056903665
2024-02-29,177.3392333984375,0.0,13.399999618530272,5.25,4.25,0.009070270927027647,0.0073738803996703005,4.1,0.02311953154093269,-1.0,-0.019999999999999574,0.05819520128274171,0.16264830220053147
2024-03-01,176.6053466796875,0.0,13.109999656677246,5.23,4.19,-0.004146907802905289,0.006888675821067284,4.1,0.02321560517324681,-1.04,-0.05999999999999961,0.005722097587919573,0.1515499489220342
2024-03-04,177.93019104003906,0.0,13.489999771118164,5.24,4.22,0.007473724838067895,0.0067887214855763735,4.1,0.02304274488795097,-1.0200000000000005,0.02999999999999936,-0.03529087470241055,0.1660926250278749
2024-03-05,179.71255493164062,0.0,14.460000038146973,5.23,4.13,0.009967369213609826,0.0069222173028354525,4.1,0.02281421017891357,-1.1000000000000005,-0.08999999999999986,0.02362785084439137,0.20321471833759203
2024-03-06,180.6466064453125,0.0,14.5,5.24,4.11,0.005184014758558862,0.006834971124866126,4.1,0.022696247002244135,-1.13,-0.019999999999999574,0.06265150174699391,0.20474552442782284
2024-03-07,179.06442260742188,0.0,14.4399995803833,5.24,4.09,-0.008797028245193543,0.007379201111714835,4.1,0.0228967873142996,-1.1500000000000004,-0.020000000000000462,0.03107192386052532,0.20244929704382858
2024-03-08,179.39801025390625,0.0,14.739999771118164,5.24,4.09,0.0018612145218150826,0.0073794170322858755,4.1,0.02285421111525804,-1.1500000000000004,0.0,-0.013562040269445644,0.21393036096920767
2024-03-11,179.46475219726562,0.0,15.220000267028809,5.24,4.1,0.0003719636090019546,0.007242093599101086,4.1,0.022845711761233907,-1.1400000000000006,0.009999999999999787,-0.07428111104079749,0.23230007054927343
2024-03-12,180.9420928955078,0.0,13.84000015258789,5.25,4.16,0.008198229266762362,0.0072898966907156085,4.1,0.02265918302585185,-1.0899999999999999,0.0600000000000005,-0.276582445282987,0.1794872056903665
2024-03-13,182.4099273681641,0.0,13.75,5.25,4.19,0.008079451196115665,0.007347061440721851,4.1,0.022476846842468347,-1.0599999999999996,0.03000000000000025,-0.37335361764198405,0.17604288286302316
2024-03-14,179.15972900390625,0.0,14.399999618530272,5.25,4.29,-0.01797875377438353,0.008357898252732842,4.1,0.02288460706429516,-0.96,0.09999999999999964,-0.15710995594740773,0.2009184909535977
2024-03-15,181.38052368164065,0.0,14.40999984741211,5.25,4.31,0.012319416477111109,0.008457323791347561,4.1,0.022604411525442087,-0.9400000000000004,0.019999999999999574,-0.114635202780043,0.20130120160047948
2024-03-18,183.62991333007807,0.0,14.329999923706056,5.25,4.34,0.012325226327252983,0.007685618326035488,4.1,0.022327516936906548,-0.9100000000000001,0.03000000000000025,-0.11886309356672381,0.19823958942001796
2024-03-19,184.7069396972656,0.0,13.81999969482422,5.24,4.3,0.005848067755640405,0.007481652729645569,4.1,0.022197325161252165,-0.9400000000000004,-0.040000000000000036,-0.16855249804861705,0.1787217843966031
2024-03-20,187.12786865234372,0.0,13.039999961853027,5.24,4.27,0.013021713456392362,0.0077494327998159016,4.1,0.021910151756268873,-0.9700000000000006,-0.03000000000000025,-0.168122095904523,0.1488710473884543
2024-03-21,189.7299346923828,0.0,12.920000076293944,5.25,4.27,0.013809491900804136,0.008017255594302157,4.1,0.021609663265037767,-0.9800000000000004,0.0,-0.20346844943041106,0.14427862911776182
2024-03-22,187.4042816162109,0.0,13.0600004196167,5.24,4.22,-0.012333447647437863,0.008626809216178232,4.1,0.021877835258836156,-1.0200000000000005,-0.04999999999999982,-0.24756081268807248,0.14963646868221775
2024-03-25,185.6886749267578,0.0,13.1899995803833,5.23,4.25,-0.009196736370982915,0.009041304685292142,4.1,0.022079967998140892,-0.9800000000000004,0.03000000000000025,-0.3172474901739644,0.1546115611024958
2024-03-26,186.55601501464844,0.0,13.239999771118164,5.22,4.24,0.004660061948154876,0.008937756206924774,4.1,0.02197731335372953,-0.9799999999999995,-0.009999999999999787,-0.3886870864442823,0.1565250778396083
2024-03-27,190.1683807373047,0.0,12.779999732971191,5.22,4.2,0.019178351518944408,0.00957187615169738,4.1,0.021559840726959066,-1.0199999999999996,-0.040000000000000036,-0.550294994427897,0.138920789553306
2024-03-28,190.9118194580078,0.0,13.010000228881836,5.23,4.2,0.00390174909888175,0.009568811054803613,4.1,0.021475883534292223,-1.0300000000000002,0.0,-0.6141248780931337,0.1477229519451052
2024-04-01,189.6155548095703,0.0,13.649999618530272,5.23,4.33,-0.006813016619418849,0.009768967337721075,4.1,0.021622698644726712,-0.9000000000000004,0.1299999999999999,-0.6584716067442002,0.17221584938879803
2024-04-02,189.539306640625,0.0,14.609999656677246,5.22,4.36,-0.000402200671680839,0.009661988172539267,4.1,0.021631397057781703,-0.8599999999999994,0.03000000000000025,-0.6761149108494046,0.20895523205163352
2024-04-03,189.0055694580078,0.0,14.329999923706056,5.22,4.36,-0.0028199432617414095,0.009704174635312614,4.1,0.02169248245835906,-0.8599999999999994,0.0,-0.6959714367429974,0.19823958942001796
2024-04-04,187.5675201416016,1.15,16.350000381469727,5.21,4.31,-0.007637594648031133,0.009820619499696306,5.25,0.027989920621846378,-0.9000000000000004,-0.05000000000000071,-0.4488644145914396,0.2755453882199138
2024-04-05,189.2931671142578,0.0,16.030000686645508,5.23,4.39,0.009158074014486105,0.00992205639735482,5.25,0.02773475704398293,-0.8400000000000007,0.08000000000000007,-0.27796335645007075,0.2632989394980674
2024-04-08,190.2806396484375,0.0,15.1899995803833,5.23,4.42,0.005203071151481752,0.009609774567893381,4.25,0.022335430487580344,-0.8100000000000005,0.03000000000000025,-0.18678894616241815,0.23115193860862826
2024-04-09,189.00555419921875,0.0,14.979999542236328,5.23,4.36,-0.006723631249894703,0.009835807014249498,4.25,0.02248611168071995,-0.8700000000000001,-0.05999999999999961,-0.10866550409177551,0.2231151975105925
2024-04-10,187.39495849609372,0.0,15.800000190734863,5.25,4.55,-0.008557934851614825,0.01012060532944903,4.25,0.022679372135235923,-0.7000000000000002,0.1899999999999995,0.010380178021145655,0.25449677710626817
2024-04-11,187.3566131591797,0.0,14.90999984741211,5.25,4.56,-0.00020464403593288034,0.010031463527760227,4.25,0.022684013808411268,-0.6900000000000004,0.009999999999999787,-0.0110773547461684,0.22043629597701261
2024-04-12,175.23878479003906,0.0,17.309999465942383,5.25,4.5,-0.06686429466278085,0.017887640349430505,4.25,0.024252621958615515,-0.75,-0.05999999999999961,-0.37964875690849,0.3122847343854531
2024-04-15,175.33465576171875,0.0,19.229999542236328,5.25,4.63,0.0005469380334044332,0.017508336566303486,4.25,0.02423936090407469,-0.6200000000000001,0.1299999999999999,-0.6329796579790844,0.38576349971112395
2024-04-16,173.33099365234375,0.0,18.399999618530277,5.25,4.67,-0.011493441751666817,0.017371271800342678,4.25,0.024519561738187336,-0.5800000000000001,0.040000000000000036,-0.7428001911825179,0.3539992459658628
2024-04-17,172.64071655273438,0.0,18.209999084472656,5.25,4.59,-0.003990372595171858,0.0170528897545409,4.25,0.02461759939870156,-0.6600000000000001,-0.08000000000000007,-0.7930243566958665,0.3467278896642943
2024-04-18,173.7624053955078,0.0,18.0,5.25,4.64,0.006476227794410459,0.017069615681844535,4.25,0.024458685354443607,-0.6100000000000003,0.04999999999999982,-0.8258630347471606,0.3386911850635546
2024-04-19,178.1244354248047,0.0,18.709999084472656,5.25,4.62,0.024793501616990146,0.017796726421483354,4.25,0.023859724747277246,-0.6299999999999999,-0.019999999999999574,-0.8403431490176235,0.3658629840408274
2024-04-22,181.58531188964844,0.0,16.940000534057617,5.22,4.62,0.0192431997582274,0.018080624650269366,4.25,0.023404976733926452,-0.5999999999999996,0.0,-0.8374905708412658,0.2981248054237903
2024-04-23,184.2025146484375,0.0,15.6899995803833,5.25,4.61,0.014310194225618779,0.01825976260691834,4.25,0.02307243203553112,-0.6399999999999997,-0.009999999999999787,-0.8453092148344699,0.25028703298516136
2024-04-24,185.10369873046875,0.0,15.970000267028809,5.26,4.65,0.004880426259431535,0.018195169601212827,4.25,0.02296010306195159,-0.6099999999999994,0.040000000000000036,-0.8666872378871441,0.2610027121140731
2024-04-25,185.3817138671875,0.0,15.369999885559082,5.26,4.7,0.0015008158456442761,0.018166446497761345,4.25,0.02292567002074873,-0.5599999999999996,0.04999999999999982,-0.8871037534921068,0.23804058426331492
2024-04-26,185.49676513671875,0.0,15.029999732971191,5.25,4.67,0.0006204257175062073,0.017614498378184646,4.25,0.022911450756931396,-0.5800000000000001,-0.03000000000000025,-0.8921155755782618,0.22502871424770501
2024-04-29,185.2954559326172,0.0,14.670000076293944,5.25,4.63,-0.0010858330484938175,0.017576073609702213,4.25,0.022936342278925152,-0.6200000000000001,-0.040000000000000036,-0.884406233860954,0.2112514594356277
2024-04-30,183.81906127929688,0.0,15.649999618530272,5.25,4.69,-0.007999699052620608,0.017596169327087068,4.25,0.023120561983191172,-0.5599999999999996,0.0600000000000005,-0.8816367390130193,0.2487562268949305
2024-05-01,183.93408203125,0.0,15.390000343322754,5.26,4.63,0.0006255324137721775,0.017600740837123017,4.25,0.02310610384473463,-0.6299999999999999,-0.0600000000000005,-0.8698961661722423,0.23880600555707837
2024-05-02,183.74237060546875,0.0,14.68000030517578,5.25,4.58,-0.0010428268755319535,0.017597993164834846,4.25,0.023130212078985263,-0.6699999999999999,-0.04999999999999982,-0.8424879716906271,0.21163417008250943
2024-05-03,182.63986206054688,0.0,13.489999771118164,5.25,4.5,-0.0060183697484824245,0.017572571767976386,4.25,0.02326983798635965,-0.75,-0.08000000000000007,-0.7929742263113942,0.1660926250278749
2024-05-06,184.0683135986328,0.0,13.489999771118164,5.25,4.49,0.007790711295277023,0.017534500944196334,4.25,0.023089253749927152,-0.7599999999999998,-0.009999999999999787,-0.7923283198635727,0.1660926250278749
2024-05-07,183.82864379882807,0.0,13.229999542236328,5.25,4.47,-0.0013029182704058784,0.017470605868673026,4.25,0.023119356767114952,-0.7800000000000002,-0.020000000000000462,-0.7812774275361118,0.1561423671927266
2024-05-08,187.5675201416016,0.0,13.0,5.25,4.48,0.020134848016346407,0.018053440096873256,4.25,0.022658507170066115,-0.7699999999999996,0.010000000000000675,-0.8042391459624535,0.14734024129822348
2024-05-09,189.34109497070312,0.0,12.6899995803833,5.25,4.45,0.009411235767135557,0.01807147169754182,4.25,0.022446262923839146,-0.7999999999999998,-0.03000000000000025,-0.8489281232712471,0.13547646672596267
2024-05-10,190.5586395263672,0.0,12.550000190734863,5.26,4.5,0.00640984245988405,0.018116310534327777,4.25,0.022302846045518375,-0.7599999999999998,0.04999999999999982,-0.872442551274091,0.1301186636588029
2024-05-13,190.5202789306641,0.0,13.600000381469728,5.25,4.48,-0.00020132625540131977,0.009418108771011192,4.25,0.022307336646020234,-0.7699999999999996,-0.019999999999999574,-0.8717602214786107,0.17030236914898172
2024-05-14,193.1854553222656,0.0,13.420000076293944,5.24,4.45,0.01389199595261879,0.009622784687267495,4.25,0.02199958580168621,-0.79,-0.03000000000000025,-0.8505134970812259,0.16341372349429492
2024-05-15,193.7606506347656,0.0,12.449999809265137,5.25,4.36,0.0029730018072884373,0.008902680440585934,4.25,0.021934278121367133,-0.8899999999999997,-0.08999999999999986,-0.8387040885304201,0.12629163018457784
2024-05-16,194.10580444335935,0.0,12.420000076293944,5.25,4.38,0.0017797563835799867,0.008687875875018281,4.25,0.02189527516803426,-0.8700000000000001,0.019999999999999574,-0.8199302911212379,0.1251435347412287
2024-05-17,196.3299560546875,0.0,11.989999771118164,5.25,4.42,0.01139329895238744,0.008779005127764833,4.25,0.02164723145364616,-0.8300000000000001,0.040000000000000036,-0.7950613283685755,0.10868734189827553
2024-05-20,187.5004119873047,0.0,12.149999618530272,5.25,4.44,-0.046015650403041265,0.013470048431508109,4.25,0.0226666168620886,-0.8099999999999996,0.020000000000000462,-0.7184214247170438,0.1148105662591987
2024-05-21,191.2776641845703,0.0,11.859999656677246,5.25,4.41,0.01994506890334946,0.013514615478882492,4.25,0.022219008257540362,-0.8399999999999999,-0.03000000000000025,-0.6990684394175812,0.1037122129807014
2024-05-22,190.11764526367188,0.0,12.289999961853027,5.25,4.43,-0.006083045434576152,0.013353483674422769,4.25,0.022354579418999883,-0.8200000000000003,0.019999999999999574,-0.6903897526279711,0.12016840582365462
2024-05-23,188.78504943847656,0.0,12.770000457763672,5.26,4.47,-0.007034002862733757,0.013455620564143431,4.25,0.022512375914518795,-0.79,0.040000000000000036,-0.6927311014223545,0.13853811540372038
2024-05-24,192.41851806640625,0.0,11.93000030517578,5.26,4.46,0.019063718066766953,0.014026082177759197,4.25,0.02208727123931631,-0.7999999999999998,-0.009999999999999787,-0.708140251859696,0.10639115101157731
2024-05-28,191.25848388671875,0.0,12.920000076293944,5.26,4.54,-0.006046949431728665,0.014128588764532124,4.25,0.022221236483905463,-0.7199999999999998,0.08000000000000007,-0.7023261304094174,0.14427862911776182
2024-05-29,189.92588806152344,0.0,14.279999732971191,5.26,4.61,-0.006991898682651077,0.014240070971966286,4.25,0.022377149547002675,-0.6499999999999995,0.07000000000000028,-0.6550960862044951,0.19632607268290536
2024-05-30,191.09548950195312,0.0,14.470000267028809,5.26,4.55,0.006139314920047924,0.014118307758312468,4.25,0.02224019002791043,-0.71,-0.0600000000000005,-0.5459573282990972,0.20359742898447375
2024-05-31,194.2591857910156,0.0,12.920000076293944,5.25,4.51,0.01642002847697655,0.014466309940250829,4.25,0.02187798730183168,-0.7400000000000002,-0.040000000000000036,-0.45585785426591346,0.14427862911776182
2024-06-03,193.482666015625,0.0,13.109999656677246,5.26,4.41,-0.004005349486536366,0.014517970685787853,4.25,0.02196579201393051,-0.8499999999999996,-0.09999999999999964,-0.3233134885943455,0.1515499489220342
2024-06-04,190.93251037597656,0.0,13.15999984741211,5.25,4.33,-0.013267910355241087,0.014812843396051911,4.25,0.022259174153375305,-0.9199999999999999,-0.08000000000000007,-0.2688974545627634,0.1534634656591467
2024-06-05,189.1110076904297,0.0,12.630000114440918,5.25,4.29,-0.009585831868268696,0.014964467037897566,4.25,0.02247357280733838,-0.96,-0.040000000000000036,-0.19145193207371314,0.1331802758392645
2024-06-06,188.77549743652344,0.0,12.579999923706056,5.25,4.28,-0.0017757201567912178,0.014968913484359324,4.25,0.022513515036182492,-0.9699999999999998,-0.009999999999999787,-0.1248804994060317,0.13126675910215205
2024-06-07,191.6898651123047,0.0,12.220000267028809,5.26,4.43,0.015320315411307175,0.014699897108104935,4.25,0.0221712295405397,-0.8300000000000001,0.14999999999999947,-0.11563180111290934,0.11748950429007474
2024-06-10,191.3639373779297,0.0,12.739999771118164,5.25,4.47,-0.0017017338604165151,0.014582853291651559,4.25,0.0222089911936049,-0.7800000000000002,0.040000000000000036,-0.1244468180879062,0.1373899834630752
2024-06-11,186.330810546875,0.0,12.850000381469728,5.25,4.39,-0.02665340102227388,0.01565873033968873,4.25,0.022808895574094188,-0.8600000000000003,-0.08000000000000007,-0.12529419639572748,0.14159972758418207
2024-06-12,183.61773681640625,0.0,12.039999961853027,5.25,4.31,-0.014667566016705977,0.015934454787748128,4.25,0.02314591211985934,-0.9400000000000004,-0.08000000000000007,0.03797763522350981,0.11060085863538807
2024-06-13,185.6597442626953,0.0,11.9399995803833,5.25,4.24,0.011059587246971996,0.01580684550487732,4.25,0.02289133822131389,-1.0099999999999998,-0.0699999999999994,0.08228722648622723,0.106773825161163
2024-06-14,185.7747802734375,0.0,12.65999984741211,5.25,4.2,0.0006194147653015366,0.01577894453476713,4.25,0.022877163378928644,-1.0499999999999998,-0.040000000000000036,0.09619919112205702,0.1343283712826136
2024-06-17,186.9252166748047,0.0,12.75,5.25,4.28,0.006173544752528718,0.015860548290459908,4.25,0.02273636524596764,-0.9699999999999998,0.08000000000000007,0.11629640921038278,0.13777269410995693
2024-06-18,188.8617706298828,0.0,12.300000190734863,5.24,4.22,0.010306749108758069,0.015817086882726736,4.25,0.022503230727031743,-1.0200000000000005,-0.0600000000000005,0.26577404700967794,0.12055111647053635
2024-06-20,190.46275329589844,0.0,13.279999732971191,5.24,4.25,0.008441279545880243,0.012282787319873574,4.25,0.022314074150746422,-0.9900000000000002,0.03000000000000025,0.25113230953000837,0.15805588392983913
2024-06-21,188.190673828125,0.0,13.199999809265137,5.23,4.25,-0.012000983349801158,0.011752978851954164,4.25,0.022583478307121294,-0.9800000000000004,0.0,0.2900546205113656,0.15499427174937752
2024-06-24,190.6641082763672,0.0,13.329999923706056,5.24,4.25,0.013057613146881954,0.012058942371862854,4.25,0.022290508887176787,-0.9900000000000002,0.0,0.31578916560666065,0.15996940066695173
2024-06-25,189.8875732421875,0.0,12.84000015258789,5.23,4.23,-0.00408110724343586,0.01198815594183915,4.25,0.02238166472631382,-1.0,-0.019999999999999574,0.31423169071955037,0.14121701693730027
2024-06-26,189.27398681640625,0.0,12.550000190734863,5.24,4.32,-0.003236546243284782,0.011202798393078018,4.25,0.02245422137233499,-0.9199999999999999,0.08999999999999986,0.4263589661849545,0.1301186636588029
2024-06-27,190.94212341308597,0.0,12.239999771118164,5.23,4.29,0.008774732343505882,0.011320958588683367,4.25,0.022258053508735266,-0.9400000000000004,-0.03000000000000025,0.3857883078667253,0.1182548890865421
2024-06-28,193.90444946289065,0.0,12.4399995803833,5.22,4.36,0.015395145841995554,0.011685610502519735,4.25,0.02191801174120743,-0.8599999999999994,0.07000000000000028,0.34167082380573127,0.12590891953769612
2024-07-01,196.96267700195312,0.0,12.220000267028809,5.24,4.48,0.015648744756392306,0.012073069136093873,4.25,0.021577692102335996,-0.7599999999999998,0.1200000000000001,0.1754518715449111,0.11748950429007474
2024-07-02,200.2030487060547,0.0,12.029999732971191,5.24,4.43,0.01631784112124612,0.012066748491400464,4.25,0.021228447955555375,-0.8100000000000005,-0.05000000000000071,-0.0843720377044131,0.11021814798850633
2024-07-03,200.06884765625,0.0,12.09000015258789,5.24,4.36,-0.0006705494742588586,0.012013395731780804,4.25,0.02124268745378178,-0.8799999999999999,-0.0699999999999994,-0.2506451197990981,0.1125143753725006
2024-07-05,197.41783142089844,1.15,12.479999542236328,5.23,4.28,-0.01333909126027928,0.012017807893890165,4.3999999999999995,0.022287753686338084,-0.9500000000000002,-0.08000000000000007,-0.2683457476339071,0.12743972562792694
2024-07-08,197.78414916992188,0.0,12.369999885559082,5.23,4.28,0.001853826002517826,0.01174197441588556,4.3999999999999995,0.022246474343198437,-0.9500000000000002,0.0,-0.2793600172719383,0.12323001800411623
2024-07-09,200.15560913085935,0.0,12.510000228881836,5.23,4.3,0.011918829346597761,0.01189321042695693,4.3999999999999995,0.021982896303062542,-0.9300000000000006,0.019999999999999574,-0.26175910025436133,0.1285878575685721
2024-07-10,200.31948852539065,0.0,12.850000381469728,5.23,4.28,0.0008184249389681159,0.011545040457044202,4.3999999999999995,0.021964912312774282,-0.9500000000000002,-0.019999999999999574,-0.1909917765557934,0.14159972758418207
2024-07-11,199.9820709228516,0.0,12.920000076293944,5.21,4.2,-0.0016858174767809158,0.011544779130751337,4.3999999999999995,0.022001972375300667,-1.0099999999999998,-0.08000000000000007,-0.11916775865825854,0.14427862911776182
2024-07-12,197.56243896484372,0.0,12.460000038146973,5.21,4.18,-0.012173036109117939,0.010081376924726246,4.3999999999999995,0.022271439971354983,-1.0300000000000002,-0.020000000000000462,-0.09146906447558709,0.12667434083145956
2024-07-15,202.48849487304688,0.0,13.119999885559082,5.2,4.23,0.024628388456002816,0.010323566446143658,4.3999999999999995,0.021729629640235334,-0.9699999999999998,0.05000000000000071,-0.10092626079939235,0.1519326595689159
2024-07-16,205.92996215820312,0.0,13.1899995803833,5.2,4.17,0.016853051965962117,0.01057746708638463,4.3999999999999995,0.021366487682932485,-1.0300000000000002,-0.0600000000000005,-0.09116185051767882,0.1546115611024958
2024-07-17,209.0629730224609,0.0,14.479999542236328,5.2,4.16,0.015099391451985768,0.010752633544008326,4.3999999999999995,0.021046290198538795,-1.04,-0.009999999999999787,0.2770066437690519,0.20398010313405937
2024-07-18,202.4209747314453,0.0,15.93000030517578,5.21,4.2,-0.03228595076858298,0.013562442562375002,4.3999999999999995,0.0217368778400437,-1.0099999999999998,0.040000000000000036,0.3487990655809359,0.25947190602384224
2024-07-19,202.2281951904297,0.0,16.520000457763672,5.2,4.25,-0.0009528231857625099,0.013514512371339488,4.3999999999999995,0.021757599111522044,-0.9500000000000002,0.04999999999999982,0.3616379950671922,0.28205132322771875
2024-07-22,202.710205078125,0.0,14.90999984741211,5.19,4.26,0.002380658959616472,0.013462863710271878,4.3999999999999995,0.02170586329535915,-0.9300000000000006,0.009999999999999787,0.41994500105179583,0.22043629597701261
2024-07-23,202.75840759277344,0.0,14.720000267028809,5.18,4.25,0.00023776200361347652,0.013040769670801427,4.3999999999999995,0.02170070307928785,-0.9299999999999997,-0.009999999999999787,0.4820225526510657,0.2131649761727403
2024-07-24,201.0810089111328,0.0,18.040000915527344,5.18,4.28,-0.008307303644464454,0.013095261635949233,4.3999999999999995,0.02188172828367182,-0.8999999999999995,0.03000000000000025,0.4563050264438398,0.34022202765108156
2024-07-25,201.1581573486328,0.0,18.459999084472656,5.17,4.27,0.00038359486055706854,0.013018527544220924,4.3999999999999995,0.021873336174849906,-0.9000000000000004,-0.010000000000000675,0.427808686975058,0.3562954368525608
2024-07-26,204.59963989257807,0.0,16.389999389648438,5.16,4.2,0.016963642326434828,0.013297694881218916,4.3999999999999995,0.021505414194815557,-0.96,-0.0699999999999994,0.46012081266974986,0.2770761578128485
2024-07-29,203.2596893310547,0.0,16.600000381469727,5.15,4.17,-0.006570674182995608,0.013426330971689004,4.3999999999999995,0.021647184517898172,-0.9800000000000004,-0.03000000000000025,0.454210962295474,0.28511293540818033
2024-07-30,207.4434356689453,0.0,17.690000534057617,5.14,4.15,0.020374284045879657,0.013697815969360183,4.3999999999999995,0.021210601269745014,-0.9899999999999993,-0.019999999999999574,0.5051331817239079,0.3268274469885899
2024-07-31,205.13946533203125,0.0,16.360000610351562,5.15,4.09,-0.011168636803649344,0.013730608633914806,4.3999999999999995,0.0214488225991928,-1.0600000000000005,-0.0600000000000005,0.4897932315886217,0.27592809886679553
2024-08-01,200.4737243652344,0.0,18.59000015258789,5.12,3.99,-0.023006878908095,0.014339345574544164,4.3999999999999995,0.02194801345628632,-1.13,-0.09999999999999964,0.3906451972559655,0.3612706022674311
2024-08-02,191.97120666503903,0.0,23.38999938964844,5.05,3.8,-0.04333779211568261,0.017188442738887394,4.3999999999999995,0.022920103886607014,-1.25,-0.1900000000000004,-0.1550983716517793,0.5449674790843122
2024-08-06,193.1280059814453,0.0,27.709999084472656,5.09,3.9,0.006007816987736407,0.017066513170663676,4.3999999999999995,0.02278281690757335,-1.19,0.10000000000000009,-0.470824061409888,0.7102946828184235
2024-08-07,193.1858367919922,0.0,27.850000381469727,5.09,3.96,0.00029939807780985804,0.017056674649479953,4.3999999999999995,0.02277599679699907,-1.13,0.06000000000000005,-0.6431087852740146,0.7156525588801753
2024-08-08,196.71409606933597,0.0,23.790000915527344,5.09,3.99,0.018098775048796648,0.017343783831332237,4.3999999999999995,0.02236748706838542,-1.0999999999999996,0.03000000000000025,-0.6940897745554521,0.5602756129812123
2024-08-09,198.39146423339844,0.0,20.3700008392334,5.09,3.94,0.008490785298159411,0.01746057035581421,4.3999999999999995,0.02217837353538357,-1.15,-0.050000000000000266,-0.727693329785682,0.4293915645259422
2024-08-12,198.76744079589844,0.0,20.709999084472656,5.07,3.9,0.0018933312085043738,0.017465479869333934,4.3999999999999995,0.022136422254981275,-1.1700000000000004,-0.040000000000000036,-0.7684820648431585,0.44240336154695986
2024-08-13,200.45445251464844,0.0,18.1200008392334,5.06,3.85,0.008451549320108345,0.017343321981998092,4.3999999999999995,0.02195012355576619,-1.2099999999999995,-0.04999999999999982,-0.8682026584170951,0.34328363983154314
2024-08-14,202.6716461181641,0.0,16.190000534057617,5.07,3.83,0.011000111221498363,0.016643736073887125,4.3999999999999995,0.021709992908601816,-1.2400000000000002,-0.020000000000000018,-0.8876167734188037,0.2694221638589906
2024-08-15,203.93446350097656,0.0,15.229999542236328,5.09,3.92,0.006211522223643857,0.016264010043018428,4.3999999999999995,0.021575558757771854,-1.17,0.08999999999999986,-0.8830158729995612,0.23268274469885905
2024-08-16,206.26736450195312,0.0,14.800000190734863,5.08,3.89,0.011374528313638228,0.01610533092737555,4.3999999999999995,0.02133153739867722,-1.19,-0.029999999999999805,-0.8916298935540105,0.2162265883532019
2024-08-19,207.6940460205078,0.0,14.649999618530272,5.06,3.86,0.0068928510287246106,0.01443935649993873,4.3999999999999995,0.021185007872423754,-1.1999999999999997,-0.03000000000000025,-0.8954703177266181,0.21048603814186426
2024-08-20,206.79757690429688,0.0,15.880000114440918,5.04,3.82,-0.004325638755810804,0.014483477760722986,4.3999999999999995,0.021276845047542604,-1.2200000000000002,-0.040000000000000036,-0.8949164869693642,0.25755838928672975
2024-08-21,206.8746795654297,0.0,16.270000457763672,5.02,3.79,0.0003727717332733139,0.014480978428923978,4.3999999999999995,0.021268915119254026,-1.2299999999999995,-0.029999999999999805,-0.9000369048313919,0.2724837760394522
2024-08-22,208.8315887451172,0.0,17.549999237060547,5.04,3.86,0.009414934457527372,0.014595846777330121,4.3999999999999995,0.021069609374902955,-1.1800000000000002,0.06999999999999984,-0.8862217868945123,0.321469570926838
2024-08-23,210.4511260986328,0.0,15.859999656677246,5.01,3.81,0.007725314451255167,0.014481263744624237,4.3999999999999995,0.020907467123449066,-1.1999999999999997,-0.04999999999999982,-0.8796870159431724,0.2567929679929663
2024-08-26,211.2801818847656,0.0,16.149999618530273,4.98,3.82,0.003931682748751993,0.014480091593945624,4.3999999999999995,0.0208254269792318,-1.1600000000000006,0.009999999999999787,-0.8682675205274827,0.26789132127146364
2024-08-27,212.25379943847656,0.0,15.43000030517578,4.98,3.83,0.004597596942221852,0.014102075139780295,4.3999999999999995,0.02072989982577614,-1.1500000000000004,0.010000000000000231,-0.8634609023719881,0.2403368116473091
2024-09-03,212.36947631835935,0.0,20.71999931335449,4.97,3.84,0.0005448447569823114,0.01397711240152828,4.3999999999999995,0.020718608324880157,-1.13,0.009999999999999787,-0.7829194735801707,0.4427860721938415
2024-09-04,211.4344024658203,0.0,21.31999969482422,4.96,3.77,-0.004412774005651093,0.013389915598232464,4.3999999999999995,0.020810236880496717,-1.19,-0.06999999999999984,-0.7113102868124276,0.46574820004459977
2024-09-05,209.7956085205078,0.0,19.899999618530277,4.94,3.73,-0.007781032551751945,0.013256900649429635,4.3999999999999995,0.020972793620558046,-1.2100000000000004,-0.040000000000000036,-0.6882553208823393,0.41140452909546216
2024-09-06,204.8117218017578,0.0,22.3799991607666,4.93,3.72,-0.02404263711340912,0.013352533582351523,4.3999999999999995,0.021483145404435716,-1.2099999999999995,-0.009999999999999787,-0.6820205739409602,0.5063145796843641
2024-09-09,209.005126953125,0.0,19.450000762939453,4.89,3.7,0.02026765565251256,0.009423599380542625,4.3999999999999995,0.021052115152116902,-1.1899999999999995,-0.020000000000000018,-0.6507806778112636,0.39418298795333756
2024-09-10,198.1601104736328,0.0,19.07999992370605,4.85,3.65,-0.05328343986204371,0.015639318253680732,4.3999999999999995,0.0222042669913906,-1.1999999999999997,-0.050000000000000266,-0.5367948545986386,0.38002298599708234
2024-09-11,199.76998901367188,0.0,17.690000534057617,4.89,3.65,0.008091307117667925,0.01570854216248445,4.3999999999999995,0.022025330339778274,-1.2399999999999998,0.0,-0.3233409470458741,0.3268274469885899
2024-09-12,199.1626739501953,0.0,17.06999969482422,4.85,3.68,-0.003044701971134503,0.015269362437986633,4.3999999999999995,0.02209249309988833,-1.1699999999999995,0.03000000000000025,-0.13720052660749638,0.30309989784406827
2024-09-13,196.9647674560547,0.0,16.559999465942383,4.78,3.66,-0.011097080482114802,0.015360545361274854,4.3999999999999995,0.02233902061180406,-1.12,-0.020000000000000018,-0.013045365692974977,0.28358209282065344
2024-09-16,200.3773193359375,0.0,17.139999389648438,4.75,3.63,0.017177318496828815,0.01582685132478743,4.3999999999999995,0.021958573029032747,-1.12,-0.03000000000000025,0.09413151960953468,0.3057787993776482
2024-09-17,201.71728515625,0.0,17.610000610351562,4.75,3.65,0.006664952802766885,0.01578606653560081,4.3999999999999995,0.021812706811871696,-1.1,0.020000000000000018,0.10849746646025475,0.3237658348081283
2024-09-18,200.05918884277344,0.0,18.229999542236328,4.65,3.7,-0.008253871663047838,0.01569233032920307,4.3999999999999995,0.021993491153550364,-0.9500000000000002,0.050000000000000266,0.07062475722000003,0.34749331095805774
2024-09-19,202.90298461914065,0.0,16.329999923706055,4.61,3.73,0.014114689548079727,0.015956843380205726,4.3999999999999995,0.0216852404032352,-0.8800000000000003,0.029999999999999805,0.06943133952367962,0.27477996692615037
2024-09-20,203.4910430908203,0.0,16.149999618530273,4.56,3.73,0.0028940330911361493,0.015754193704689827,4.3999999999999995,0.0216225733239582,-0.8299999999999996,0.0,0.09619278335493528,0.26789132127146364
2024-09-23,203.8284454345703,0.0,15.890000343322754,4.53,3.75,0.001656696673867791,0.015670134500470834,4.3999999999999995,0.021586780935403914,-0.7800000000000002,0.020000000000000018,0.14922996040726283,0.2579410999336115
2024-09-24,203.9730224609375,0.0,15.390000343322754,4.5,3.74,0.000709055968683013,0.015653522461390672,4.3999999999999995,0.02157148012474363,-0.7599999999999998,-0.009999999999999787,0.17592524906667834,0.23880600555707837
2024-09-25,202.62342834472656,0.0,15.40999984741211,4.51,3.79,-0.006638518707724432,0.01570519368080269,4.3999999999999995,0.021715159179491364,-0.7199999999999998,0.04999999999999982,0.21106674228362948,0.23957139035354572
2024-09-26,202.2281951904297,0.0,15.369999885559082,4.5,3.79,-0.0019524845987008957,0.015523531838164243,4.3999999999999995,0.021757599111522044,-0.71,0.0,0.2353690729754439,0.23804058426331492
2024-09-27,202.9222869873047,0.0,16.959999084472656,4.5,3.75,0.003426344069430895,0.015423398929477139,4.3999999999999995,0.021683177660398012,-0.75,-0.040000000000000036,0.30379931653484854,0.2988901537229615
2024-09-30,203.26931762695312,0.0,16.729999542236328,4.52,3.81,0.001708704562776907,0.015390156211646341,4.3999999999999995,0.021646159151648414,-0.7099999999999995,0.06000000000000005,0.38502257465994977,0.2900880278284584
2024-10-01,199.58680725097656,0.0,19.26000022888184,4.5,3.74,-0.018282521830662417,0.01571797442284665,4.3999999999999995,0.022045545297325612,-0.7599999999999998,-0.06999999999999984,0.5051973064012631,0.3869116316517693
2024-10-02,199.8278350830078,0.0,18.899999618530277,4.48,3.79,0.001206905484886422,0.0157259549561033,4.3999999999999995,0.022018954457332002,-0.6900000000000004,0.04999999999999982,0.3866030021215105,0.37313434034239595
2024-10-03,197.84197998046875,0.0,20.489999771118164,4.48,3.85,-0.009987540089124135,0.015799672788301425,4.3999999999999995,0.022239971518857492,-0.6300000000000003,0.06000000000000005,0.0922224482982569,0.4339839462993385
2024-10-04,204.8641357421875,1.25,19.209999084472656,4.53,3.98,0.034878375792064764,0.01779304503057661,5.6499999999999995,0.027579253828548478,-0.5500000000000003,0.1299999999999999,-0.013675716113496385,0.3849980784173605
2024-10-07,204.5828399658203,0.0,22.63999938964844,4.55,4.03,-0.0013740280784191217,0.017003782478306195,5.6499999999999995,0.027617174543788453,-0.5199999999999996,0.050000000000000266,-0.016687198201236184,0.5162648375195126
2024-10-08,204.40826416015625,0.0,21.420000076293945,4.53,4.04,-0.000853690041202771,0.01635394552039198,5.6499999999999995,0.027640761117041526,-0.4900000000000002,0.009999999999999787,-0.04345965893956711,0.46957523351882485
2024-10-09,206.9979248046875,0.0,20.86000061035156,4.54,4.06,0.012589479292844508,0.01140458701705895,5.6499999999999995,0.027294959624986802,-0.4800000000000004,0.019999999999999574,0.14922641394155173,0.4481439482555934
2024-10-10,206.43539428710935,0.0,20.93000030517578,4.54,4.09,-0.0027212652621002283,0.011363523330345036,5.6499999999999995,0.027369337605653063,-0.4500000000000002,0.03000000000000025,0.23866706537046153,0.4508228497891734
