Date,JPM_Close,Dividend,VIX_Close,Treasury_3M,Treasury_10Y
2018-01-02,85.90127563476562,0.0,9.770000457763672,1.42,2.46
2018-01-03,85.9887924194336,0.0,9.149999618530273,1.39,2.44
2018-01-04,87.22065734863281,0.56,9.220000267028809,1.39,2.46
2018-01-05,86.66070556640625,0.0,9.220000267028809,1.37,2.47
2018-01-08,86.78870391845703,0.0,9.520000457763672,1.43,2.49
2018-01-09,87.2286376953125,0.0,10.079999923706055,1.42,2.55
2018-01-10,88.18851470947266,0.0,9.819999694824219,1.4,2.55
2018-01-11,88.66045379638672,0.0,9.880000114440918,1.41,2.54
2018-01-12,90.124267578125,0.0,10.15999984741211,1.41,2.55
2018-01-16,89.8043212890625,0.0,11.65999984741211,1.43,2.54
2018-01-17,90.3802261352539,0.0,11.90999984741211,1.42,2.57
2018-01-18,90.59620666503906,0.0,12.220000267028809,1.43,2.62
2018-01-19,90.39624786376953,0.0,11.270000457763672,1.42,2.64
2018-01-22,91.45209503173828,0.0,11.029999732971191,1.43,2.66
2018-01-23,91.3561019897461,0.0,11.100000381469727,1.42,2.63
2018-01-24,92.52393341064453,0.0,11.470000267028809,1.41,2.65
2018-01-25,92.5479507446289,0.0,11.579999923706055,1.4,2.63
2018-01-26,93.04388427734375,0.0,11.079999923706055,1.39,2.66
2018-01-29,92.9478988647461,0.0,13.84000015258789,1.43,2.7
2018-01-30,92.07600402832031,0.0,14.789999961853027,1.42,2.73
2018-01-31,92.52393341064453,0.0,13.539999961853027,1.44,2.72
2018-02-01,93.48385620117188,0.0,13.470000267028809,1.46,2.78
2018-02-02,91.41210174560547,0.0,17.309999465942383,1.46,2.84
2018-02-05,87.02867889404297,0.0,37.31999969482422,1.49,2.77
2018-02-06,89.67633056640625,0.0,29.979999542236328,1.5,2.79
2018-02-07,90.28425598144531,0.0,27.729999542236328,1.53,2.84
2018-02-08,86.29277801513672,0.0,33.459999084472656,1.53,2.85
2018-02-09,88.02054595947266,0.0,29.059999465942383,1.53,2.83
2018-02-12,89.38035583496094,0.0,25.610000610351562,1.61,2.86
2018-02-13,89.93230438232422,0.0,24.969999313354492,1.57,2.83
2018-02-14,92.01203155517578,0.0,19.260000228881836,1.56,2.91
2018-02-15,92.39598083496094,0.0,19.1299991607666,1.56,2.9
2018-02-16,91.73207092285156,0.0,19.459999084472656,1.59,2.87
2018-02-20,91.75604248046875,0.0,20.600000381469727,1.64,2.88
2018-02-21,92.13999938964844,0.0,20.020000457763672,1.62,2.94
2018-02-22,91.97203826904297,0.0,18.719999313354492,1.61,2.92
2018-02-23,93.8357925415039,0.0,16.489999771118164,1.61,2.88
2018-02-26,95.00363159179688,0.0,15.800000190734863,1.65,2.86
2018-02-27,93.87577056884766,0.0,18.59000015258789,1.64,2.9
2018-02-28,92.38796997070312,0.0,19.850000381469727,1.63,2.87
2018-03-01,90.73218536376953,0.0,22.469999313354492,1.6,2.81
2018-03-02,90.64419555664062,0.0,19.59000015258789,1.62,2.86
2018-03-05,92.03601837158203,0.0,18.729999542236328,1.67,2.88
2018-03-06,92.11601257324219,0.0,18.360000610351562,1.65,2.88
2018-03-07,91.7720718383789,0.0,17.760000228881836,1.65,2.89
2018-03-08,91.78007507324219,0.0,16.540000915527344,1.64,2.86
2018-03-09,94.41970825195312,0.0,14.640000343322754,1.64,2.9
2018-03-12,94.11576080322266,0.0,15.779999732971191,1.68,2.87
2018-03-13,92.98790740966797,0.0,16.350000381469727,1.7,2.84
2018-03-14,91.94802856445312,0.0,17.229999542236328,1.73,2.81
2018-03-15,92.18000793457031,0.0,16.59000015258789,1.74,2.82
2018-03-16,92.33997344970703,0.0,15.800000190734863,1.75,2.85
2018-03-19,91.6120834350586,0.0,19.020000457763672,1.77,2.85
2018-03-20,91.7000503540039,0.0,18.200000762939453,1.78,2.89
2018-03-21,91.78007507324219,0.0,17.860000610351562,1.71,2.89
2018-03-22,87.94853973388672,0.0,23.34000015258789,1.69,2.83
2018-03-23,85.59685516357422,0.0,24.8700008392334,1.71,2.82
2018-03-26,88.23649597167969,0.0,21.030000686645508,1.76,2.85
2018-03-27,86.52474212646484,0.0,22.5,1.74,2.78
2018-03-28,86.3887710571289,0.0,22.8700008392334,1.7,2.77
2018-03-29,87.96453857421875,0.0,19.969999313354492,1.7,2.74
2018-04-02,86.26878356933594,0.0,23.6200008392334,1.74,2.73
2018-04-03,87.45263671875,0.0,21.100000381469727,1.72,2.79
2018-04-04,88.78047943115234,0.0,20.059999465942383,1.68,2.79
2018-04-05,89.94617462158203,0.56,18.940000534057617,1.69,2.83
2018-04-06,87.7031478881836,0.0,21.489999771118164,1.7,2.77
2018-04-09,88.75631713867188,0.0,21.770000457763672,1.73,2.78
2018-04-10,90.45264434814453,0.0,20.469999313354492,1.71,2.8
2018-04-11,88.93318939208984,0.0,20.239999771118164,1.7,2.79
2018-04-12,91.1440658569336,0.0,18.489999771118164,1.72,2.83
2018-04-13,88.67594909667969,0.0,17.40999984741211,1.73,2.82
2018-04-16,88.60356903076172,0.0,16.559999465942383,1.76,2.83
2018-04-17,88.60356903076172,0.0,15.25,1.77,2.82
2018-04-18,87.8880615234375,0.0,15.600000381469727,1.78,2.87
2018-04-19,89.81754302978516,0.0,15.960000038146973,1.79,2.92
2018-04-20,89.61656188964844,0.0,16.8799991607666,1.78,2.96
2018-04-23,89.18238830566406,0.0,16.34000015258789,1.84,2.98
2018-04-24,88.76437377929688,0.0,18.020000457763672,1.84,3.0
2018-04-25,88.42669677734375,0.0,17.84000015258789,1.82,3.03
2018-04-26,88.51513671875,0.0,16.239999771118164,1.79,3.0
2018-04-27,87.95238494873047,0.0,15.40999984741211,1.78,2.96
2018-04-30,87.45391082763672,0.0,15.930000305175781,1.84,2.95
2018-05-01,87.45391082763672,0.0,15.489999771118164,1.82,2.97
2018-05-02,86.76251220703125,0.0,15.970000267028809,1.81,2.97
2018-05-03,86.2158203125,0.0,15.899999618530273,1.8,2.94
2018-05-04,87.17253112792969,0.0,14.770000457763672,1.8,2.95
2018-05-07,87.92825317382812,0.0,14.75,1.83,2.95
2018-05-08,89.23068237304688,0.0,14.710000038146973,1.84,2.97
2018-05-09,91.17622375488281,0.0,13.420000076293945,1.85,3.0
2018-05-10,91.88372039794922,0.0,13.229999542236328,1.86,2.97
2018-05-11,91.53799438476562,0.0,12.649999618530273,1.88,2.97
2018-05-14,91.57014465332031,0.0,12.930000305175781,1.9,3.0
2018-05-15,90.8707046508789,0.0,14.630000114440918,1.89,3.08
2018-05-16,91.11994934082031,0.0,13.420000076293945,1.88,3.09
2018-05-17,90.81444549560547,0.0,13.430000305175781,1.88,3.11
2018-05-18,89.34322357177734,0.0,13.420000076293945,1.87,3.06
2018-05-21,90.16325378417969,0.0,13.079999923706055,1.9,3.06
2018-05-22,90.85466766357422,0.0,13.220000267028809,1.9,3.06
2018-05-23,90.43656158447266,0.0,12.579999923706055,1.88,3.01
2018-05-24,89.42361450195312,0.0,12.529999732971191,1.87,2.98
2018-05-25,88.96536254882812,0.0,13.220000267028809,1.86,2.93
2018-05-29,85.16265869140625,0.0,17.020000457763672,1.9,2.77
2018-05-30,87.10820770263672,0.0,14.9399995803833,1.9,2.84
2018-05-31,86.03093719482422,0.0,15.430000305175781,1.89,2.83
2018-06-01,87.14839935302734,0.0,13.460000038146973,1.88,2.89
2018-06-04,87.1886215209961,0.0,12.739999771118164,1.91,2.94
2018-06-05,86.69822692871094,0.0,12.399999618530273,1.91,2.92
2018-06-06,88.72416687011719,0.0,11.640000343322754,1.91,2.97
2018-06-07,89.07789611816406,0.0,12.130000114440918,1.9,2.93
2018-06-08,89.32714080810547,0.0,12.180000305175781,1.89,2.93
2018-06-11,89.10202026367188,0.0,12.350000381469727,1.91,2.96
2018-06-12,88.5875015258789,0.0,12.34000015258789,1.89,2.96
2018-06-13,88.41059875488281,0.0,12.9399995803833,1.9,2.98
2018-06-14,86.85096740722656,0.0,12.119999885559082,1.9,2.94
2018-06-15,86.7464599609375,0.0,11.979999542236328,1.9,2.93
2018-06-18,86.97154998779297,0.0,12.3100004196167,1.91,2.92
2018-06-19,86.4650650024414,0.0,13.350000381469727,1.91,2.89
2018-06-20,86.4570083618164,0.0,12.789999961853027,1.9,2.93
2018-06-21,86.43289947509766,0.0,14.640000343322754,1.9,2.9
2018-06-22,85.01795959472656,0.0,13.770000457763672,1.89,2.9
2018-06-25,84.24617004394531,0.0,17.329999923706055,1.9,2.87
2018-06-26,84.30242156982422,0.0,15.920000076293945,1.9,2.88
2018-06-27,83.0000228881836,0.0,17.90999984741211,1.89,2.83
2018-06-28,84.35873413085938,0.0,16.850000381469727,1.89,2.84
2018-06-29,83.77181243896484,0.0,16.09000015258789,1.89,2.85
2018-07-02,84.47928619384766,0.0,15.600000381469727,1.95,2.87
2018-07-03,83.2974853515625,0.0,16.139999389648438,1.94,2.83
2018-07-05,83.83906555175781,0.56,14.970000267028809,1.92,2.84
2018-07-06,84.11388397216797,0.0,13.369999885559082,1.93,2.82
2018-07-09,86.71668243408203,0.0,12.6899995803833,1.95,2.86
2018-07-10,86.18318939208984,0.0,12.640000343322754,1.95,2.87
2018-07-11,85.99728393554688,0.0,13.630000114440918,1.93,2.85
2018-07-12,86.36910247802734,0.0,12.579999923706055,1.94,2.85
2018-07-13,85.97303771972656,0.0,12.180000305175781,1.94,2.83
2018-07-16,89.38414001464844,0.0,12.829999923706055,1.98,2.85
2018-07-17,89.31946563720703,0.0,12.0600004196167,1.98,2.86
2018-07-18,90.15205383300781,0.0,12.100000381469727,1.96,2.88
2018-07-19,88.826416015625,0.0,12.869999885559082,1.96,2.84
2018-07-20,89.9499740600586,0.0,12.859999656677246,1.95,2.89
2018-07-23,91.62318420410156,0.0,12.619999885559082,1.96,2.96
2018-07-24,92.26986694335938,0.0,12.40999984741211,1.98,2.95
2018-07-25,93.10242462158203,0.0,12.289999961853027,1.97,2.94
2018-07-26,92.83567810058594,0.0,12.140000343322754,1.95,2.98
2018-07-27,93.78948974609375,0.0,13.029999732971191,1.96,2.96
2018-07-30,94.3553237915039,0.0,14.260000228881836,2.01,2.98
2018-07-31,92.9165267944336,0.0,12.829999923706055,1.99,2.96
2018-08-01,93.49040985107422,0.0,13.149999618530273,1.99,3.0
2018-08-02,93.8864974975586,0.0,12.1899995803833,1.98,2.98
2018-08-03,94.64631652832031,0.0,11.640000343322754,1.97,2.95
2018-08-06,94.67057037353516,0.0,11.270000457763672,2.02,2.94
2018-08-07,95.0181655883789,0.0,10.930000305175781,2.02,2.98
2018-08-08,95.21214294433594,0.0,10.850000381469727,2.02,2.96
2018-08-09,94.47657012939453,0.0,11.270000457763672,2.02,2.93
2018-08-10,93.5470199584961,0.0,13.15999984741211,2.01,2.87
2018-08-13,92.0596923828125,0.0,14.779999732971191,2.03,2.88
2018-08-14,92.67403411865234,0.0,13.3100004196167,2.04,2.89
2018-08-15,91.9061050415039,0.0,14.640000343322754,2.03,2.86
2018-08-16,92.7710189819336,0.0,13.449999809265137,2.03,2.87
2018-08-17,92.7710189819336,0.0,12.640000343322754,2.01,2.87
2018-08-20,92.64977264404297,0.0,12.489999771118164,2.03,2.82
2018-08-21,93.21559143066406,0.0,12.859999656677246,2.04,2.85
2018-08-22,92.93269348144531,0.0,12.25,2.05,2.82
2018-08-23,92.7386703491211,0.0,12.40999984741211,2.04,2.82
2018-08-24,92.69828033447266,0.0,11.989999771118164,2.05,2.82
2018-08-27,94.33914947509766,0.0,12.15999984741211,2.08,2.85
2018-08-28,93.87841796875,0.0,12.5,2.09,2.88
2018-08-29,93.57123565673828,0.0,12.25,2.09,2.89
2018-08-30,93.11051177978516,0.0,13.529999732971191,2.07,2.86
2018-08-31,92.61744689941406,0.0,12.859999656677246,2.07,2.86
2018-09-04,93.07817840576172,0.0,13.15999984741211,2.09,2.9
2018-09-05,92.62549591064453,0.0,13.90999984741211,2.1,2.9
2018-09-06,92.22944641113281,0.0,14.649999618530273,2.09,2.88
2018-09-07,92.40726470947266,0.0,14.880000114440918,2.1,2.94
2018-09-10,91.9141845703125,0.0,14.15999984741211,2.11,2.94
2018-09-11,92.49618530273438,0.0,13.220000267028809,2.11,2.98
2018-09-12,91.40496063232422,0.0,13.140000343322754,2.12,2.97
2018-09-13,91.7605972290039,0.0,12.369999885559082,2.11,2.97
2018-09-14,91.74445343017578,0.0,12.069999694824219,2.12,2.99
2018-09-17,92.01927947998047,0.0,13.680000305175781,2.13,2.99
2018-09-18,92.3910903930664,0.0,12.789999961853027,2.13,3.05
2018-09-19,95.0747299194336,0.0,11.75,2.12,3.08
2018-09-20,95.89114379882812,0.0,11.800000190734863,2.13,3.07
2018-09-21,95.26062774658203,0.0,11.680000305175781,2.14,3.07
2018-09-24,94.34723663330078,0.0,12.199999809265137,2.18,3.08
2018-09-25,94.08049011230469,0.0,12.420000076293945,2.17,3.1
2018-09-26,92.97309112548828,0.0,12.890000343322754,2.16,3.06
2018-09-27,92.56893157958984,0.0,12.40999984741211,2.14,3.06
2018-09-28,91.2109375,0.0,12.119999885559082,2.15,3.05
2018-10-01,91.74445343017578,0.0,12.0,2.19,3.09
2018-10-02,92.12435913085938,0.0,12.050000190734863,2.19,3.05
2018-10-03,92.9892578125,0.0,11.609999656677246,2.19,3.15
2018-10-04,93.8276596069336,0.8,14.220000267028809,2.18,3.19
2018-10-05,93.2985610961914,0.0,14.819999694824219,2.18,3.23
2018-10-08,93.86836242675781,0.0,15.6899995803833,,
2018-10-09,93.2171630859375,0.0,15.949999809265137,2.21,3.21
2018-10-10,90.7345199584961,0.0,22.959999084472656,2.23,3.22
2018-10-11,88.01583099365234,0.0,24.979999542236328,2.22,3.14
2018-10-12,87.05530548095703,0.0,21.309999465942383,2.23,3.15
2018-10-15,86.55880737304688,0.0,21.299999237060547,2.27,3.16
2018-10-16,88.41468048095703,0.0,17.6200008392334,2.26,3.16
2018-10-17,89.39960479736328,0.0,17.399999618530273,2.27,3.19
2018-10-18,87.98326110839844,0.0,20.059999465942383,2.27,3.17
2018-10-19,87.8367691040039,0.0,19.889999389648438,2.26,3.2
2018-10-22,86.57508850097656,0.0,19.639999389648438,2.3,3.2
2018-10-23,85.67156982421875,0.0,20.709999084472656,2.29,3.17
2018-10-24,84.07614135742188,0.0,25.229999542236328,2.29,3.1
2018-10-25,85.3541030883789,0.0,24.219999313354492,2.29,3.14
2018-10-26,84.18195343017578,0.0,24.15999984741211,2.28,3.08
2018-10-29,85.3459701538086,0.0,24.700000762939453,2.3,3.08
2018-10-30,86.85183715820312,0.0,23.350000381469727,2.29,3.12
2018-10-31,88.74028778076172,0.0,21.229999542236328,2.29,3.15
2018-11-01,88.70774841308594,0.0,19.34000015258789,2.27,3.14
2018-11-02,88.21932983398438,0.0,19.510000228881836,2.28,3.22
2018-11-05,88.7972640991211,0.0,19.959999084472656,2.32,3.2
2018-11-06,89.2123794555664,0.0,19.90999984741211,2.31,3.22
2018-11-07,90.74266052246094,0.0,16.360000610351562,2.32,3.22
2018-11-08,91.47525024414062,0.0,16.719999313354492,2.3,3.24
2018-11-09,90.58802032470703,0.0,17.360000610351562,2.31,3.19
2018-11-12,88.68331146240234,0.0,20.450000762939453,,
2018-11-13,89.2042236328125,0.0,20.020000457763672,2.34,3.14
2018-11-14,87.3646469116211,0.0,21.25,2.33,3.12
2018-11-15,89.59496307373047,0.0,19.979999542236328,2.32,3.11
2018-11-16,89.52981567382812,0.0,18.139999389648438,2.31,3.08
2018-11-19,90.21359252929688,0.0,20.100000381469727,2.34,3.06
2018-11-20,88.27629089355469,0.0,22.479999542236328,2.34,3.06
2018-11-21,87.6169662475586,0.0,20.799999237060547,2.36,3.06
2018-11-23,86.81112670898438,0.0,21.520000457763672,2.36,3.05
2018-11-26,88.93563842773438,0.0,18.899999618530273,2.37,3.07
2018-11-27,89.31006622314453,0.0,19.020000457763672,2.36,3.06
2018-11-28,90.30313873291016,0.0,18.489999771118164,2.35,3.06
2018-11-29,89.58683013916016,0.0,18.790000915527344,2.32,3.03
2018-11-30,90.50662231445312,0.0,18.06999969482422,2.32,3.01
2018-12-03,91.36131286621094,0.0,16.440000534057617,2.34,2.98
2018-12-04,87.28325653076172,0.0,20.739999771118164,2.38,2.91
2018-12-06,85.62271881103516,0.0,21.190000534057617,2.36,2.87
2018-12-07,84.07614135742188,0.0,23.229999542236328,2.35,2.85
2018-12-10,82.50517272949219,0.0,22.639999389648438,2.37,2.85
2018-12-11,81.69935607910156,0.0,21.760000228881836,2.37,2.89
2018-12-12,82.2284164428711,0.0,21.459999084472656,2.39,2.91
2018-12-13,82.30980682373047,0.0,20.649999618530273,2.38,2.91
2018-12-14,81.63420867919922,0.0,21.6299991607666,2.37,2.89
2018-12-17,80.59233093261719,0.0,24.520000457763672,2.36,2.86
2018-12-18,80.20975494384766,0.0,25.579999923706055,2.34,2.82
2018-12-19,79.19226837158203,0.0,25.579999923706055,2.35,2.77
2018-12-20,78.5085220336914,0.0,28.3799991607666,2.34,2.79
2018-12-21,76.65264129638672,0.0,30.110000610351562,2.34,2.79
2018-12-24,75.00025939941406,0.0,36.06999969482422,2.41,2.74
2018-12-26,78.10967254638672,0.0,30.40999984741211,2.39,2.81
2018-12-27,78.98878479003906,0.0,29.959999084472656,2.36,2.77
2018-12-28,78.81783294677734,0.0,28.34000015258789,2.35,2.72
2018-12-31,79.46087646484375,0.0,25.420000076293945,2.4,2.69
2019-01-02,80.8365249633789,0.0,23.219999313354492,2.37,2.66
2019-01-03,79.68770599365234,0.8,25.450000762939453,2.36,2.56
2019-01-04,82.62541198730469,0.0,21.3799991607666,2.37,2.67
2019-01-07,82.68284606933594,0.0,21.399999618530273,2.41,2.7
2019-01-08,82.52691650390625,0.0,20.469999313354492,2.41,2.73
2019-01-09,82.3874282836914,0.0,19.979999542236328,2.4,2.74
2019-01-10,82.37922668457031,0.0,19.5,2.38,2.74
2019-01-11,81.98533630371094,0.0,18.190000534057617,2.38,2.71
2019-01-14,82.8305435180664,0.0,19.06999969482422,2.4,2.71
2019-01-15,83.43778991699219,0.0,18.600000381469727,2.4,2.72
2019-01-16,84.11067962646484,0.0,19.040000915527344,2.38,2.73
2019-01-17,84.45531463623047,0.0,18.059999465942383,2.37,2.75
2019-01-18,85.82571411132812,0.0,17.799999237060547,2.36,2.79
2019-01-22,84.47175598144531,0.0,20.799999237060547,2.38,2.74
2019-01-23,84.25838470458984,0.0,19.520000457763672,2.36,2.76
2019-01-24,84.30760955810547,0.0,18.889999389648438,2.32,2.72
2019-01-25,84.84098052978516,0.0,17.420000076293945,2.34,2.76
2019-01-28,85.24308013916016,0.0,18.8700008392334,2.37,2.75
2019-01-29,85.48108673095703,0.0,19.1299991607666,2.37,2.72
2019-01-30,85.6780014038086,0.0,17.65999984741211,2.37,2.7
2019-01-31,84.93125915527344,0.0,16.56999969482422,2.36,2.63
2019-02-01,85.24308013916016,0.0,16.139999389648438,2.35,2.7
2019-02-04,85.54672241210938,0.0,15.729999542236328,2.37,2.73
2019-02-05,85.16923522949219,0.0,15.569999694824219,2.37,2.71
2019-02-06,85.12820434570312,0.0,15.380000114440918,2.37,2.7
2019-02-07,84.01219177246094,0.0,16.3700008392334,2.37,2.65
2019-02-08,83.1751937866211,0.0,15.720000267028809,2.38,2.63
2019-02-11,82.78133392333984,0.0,15.970000267028809,2.4,2.65
2019-02-12,84.1927261352539,0.0,15.430000305175781,2.38,2.68
2019-02-13,84.59481811523438,0.0,15.649999618530273,2.39,2.71
2019-02-14,84.04502868652344,0.0,16.219999313354492,2.38,2.66
2019-02-15,86.61347961425781,0.0,14.90999984741211,2.38,2.66
2019-02-19,86.30985260009766,0.0,14.880000114440918,2.41,2.65
2019-02-20,86.72835540771484,0.0,14.020000457763672,2.4,2.65
2019-02-21,86.54784393310547,0.0,14.460000038146973,2.4,2.69
2019-02-22,86.16215515136719,0.0,13.510000228881836,2.41,2.65
2019-02-25,87.06478118896484,0.0,14.850000381469727,2.42,2.67
2019-02-26,86.4001235961914,0.0,15.170000076293945,2.4,2.64
2019-02-27,86.29344177246094,0.0,14.699999809265137,2.4,2.69
2019-02-28,85.63697052001953,0.0,14.779999732971191,2.4,2.73
2019-03-01,85.69441986083984,0.0,13.569999694824219,2.39,2.76
2019-03-04,85.49746704101562,0.0,14.630000114440918,2.41,2.72
2019-03-05,85.43182373046875,0.0,14.739999771118164,2.41,2.72
2019-03-06,85.11180114746094,0.0,15.739999771118164,2.41,2.69
2019-03-07,84.49633026123047,0.0,16.59000015258789,2.4,2.64
2019-03-08,84.52919006347656,0.0,16.049999237060547,2.41,2.62
2019-03-11,85.62875366210938,0.0,14.329999923706055,2.41,2.64
2019-03-12,85.37438201904297,0.0,13.770000457763672,2.41,2.61
2019-03-13,85.66157531738281,0.0,13.40999984741211,2.4,2.61
2019-03-14,86.4411392211914,0.0,13.5,2.4,2.63
2019-03-15,87.43406677246094,0.0,12.880000114440918,2.4,2.59
2019-03-18,87.95927429199219,0.0,13.100000381469727,2.39,2.6
2019-03-19,87.63921356201172,0.0,13.5600004196167,2.41,2.61
2019-03-20,85.76827239990234,0.0,13.90999984741211,2.42,2.54
2019-03-21,84.41429901123047,0.0,13.630000114440918,2.43,2.54
2019-03-22,81.86225891113281,0.0,16.479999542236328,2.41,2.44
2019-03-25,81.18116760253906,0.0,16.329999923706055,2.41,2.43
2019-03-26,81.9935531616211,0.0,14.680000305175781,2.41,2.41
2019-03-27,81.71453094482422,0.0,15.149999618530273,2.39,2.39
2019-03-28,82.64178466796875,0.0,14.430000305175781,2.38,2.39
2019-03-29,83.06851196289062,0.0,13.710000038146973,2.35,2.41
2019-04-01,85.86673736572266,0.0,13.399999618530273,2.38,2.49
2019-04-02,86.27704620361328,0.0,13.359999656677246,2.37,2.48
2019-04-03,86.44934844970703,0.0,13.739999771118164,2.39,2.52
2019-04-04,87.28450012207031,0.8,13.579999923706055,2.39,2.51
2019-04-05,87.07777404785156,0.0,12.819999694824219,2.39,2.5
2019-04-08,87.35890197753906,0.0,13.180000305175781,2.38,2.52
2019-04-09,86.7139663696289,0.0,14.279999732971191,2.37,2.51
2019-04-10,87.10257720947266,0.0,13.300000190734863,2.38,2.48
2019-04-11,87.8385009765625,0.0,13.020000457763672,2.38,2.51
2019-04-12,91.95632934570312,0.0,12.010000228881836,2.39,2.56
2019-04-15,90.90620422363281,0.0,12.319999694824219,2.38,2.55
2019-04-16,91.86537170410156,0.0,12.180000305175781,2.38,2.6
2019-04-17,94.51136016845703,0.0,12.600000381469727,2.39,2.59
2019-04-18,93.81676483154297,0.0,12.09000015258789,2.37,2.57
2019-04-22,93.93255615234375,0.0,12.420000076293945,2.39,2.59
2019-04-23,94.04828643798828,0.0,12.279999732971191,2.4,2.57
2019-04-24,93.89120483398438,0.0,13.140000343322754,2.39,2.53
2019-04-25,93.9408187866211,0.0,13.25,2.38,2.54
2019-04-26,94.65190124511719,0.0,12.729999542236328,2.37,2.51
2019-04-29,96.01626586914062,0.0,13.109999656677246,2.39,2.54
2019-04-30,95.9583969116211,0.0,13.119999885559082,2.38,2.51
2019-05-01,95.22245788574219,0.0,14.800000190734863,2.38,2.52
2019-05-02,95.42919158935547,0.0,14.420000076293945,2.41,2.55
2019-05-03,96.01626586914062,0.0,12.869999885559082,2.38,2.54
2019-05-06,95.16456604003906,0.0,15.4399995803833,2.39,2.51
2019-05-07,93.61006927490234,0.0,19.31999969482422,2.38,2.45
2019-05-08,93.11394500732422,0.0,19.399999618530273,2.38,2.49
2019-05-09,93.03950500488281,0.0,19.100000381469727,2.38,2.45
2019-05-10,93.03126525878906,0.0,16.040000915527344,2.38,2.47
2019-05-13,90.50102996826172,0.0,20.549999237060547,2.36,2.4
2019-05-14,91.22039794921875,0.0,18.059999465942383,2.36,2.42
2019-05-15,90.87310791015625,0.0,16.440000534057617,2.37,2.37
2019-05-16,92.03900909423828,0.0,15.289999961853027,2.35,2.4
2019-05-17,91.59249114990234,0.0,15.960000038146973,2.34,2.39
2019-05-20,92.07207489013672,0.0,16.309999465942383,2.34,2.41
2019-05-21,92.38630676269531,0.0,14.949999809265137,2.34,2.43
2019-05-22,91.63382720947266,0.0,14.75,2.33,2.39
2019-05-23,89.83126831054688,0.0,16.920000076293945,2.32,2.31
2019-05-24,90.71602630615234,0.0,15.850000381469727,2.3,2.32
2019-05-28,89.7320327758789,0.0,17.5,2.32,2.26
2019-05-29,89.48397064208984,0.0,17.899999618530273,2.32,2.25
2019-05-30,88.52479553222656,0.0,17.299999237060547,2.33,2.22
2019-05-31,87.615234375,0.0,18.709999084472656,2.3,2.14
2019-06-03,88.02867126464844,0.0,18.860000610351562,2.3,2.07
2019-06-04,90.74083709716797,0.0,16.969999313354492,2.3,2.12
2019-06-05,91.06330871582031,0.0,16.09000015258789,2.3,2.12
2019-06-06,91.26175689697266,0.0,15.930000305175781,2.28,2.12
2019-06-07,90.2612533569336,0.0,16.299999237060547,2.23,2.09
2019-06-10,91.23694610595703,0.0,15.9399995803833,2.24,2.15
2019-06-11,91.51807403564453,0.0,15.989999771118164,2.22,2.15
2019-06-12,90.3521728515625,0.0,15.90999984741211,2.19,2.13
2019-06-13,90.57545471191406,0.0,15.819999694824219,2.14,2.1
2019-06-14,90.80697631835938,0.0,15.279999732971191,2.15,2.09
2019-06-17,90.31085205078125,0.0,15.350000381469727,2.18,2.09
2019-06-18,91.5428695678711,0.0,15.149999618530273,2.17,2.06
2019-06-19,90.88140106201172,0.0,14.329999923706055,2.13,2.03
2019-06-20,91.1129150390625,0.0,14.75,2.09,2.01
2019-06-21,90.49276733398438,0.0,15.399999618530273,2.07,2.07
2019-06-24,89.84779357910156,0.0,15.260000228881836,2.08,2.02
2019-06-25,89.10363006591797,0.0,16.280000686645508,2.07,2.0
2019-06-26,89.6989517211914,0.0,16.209999084472656,2.1,2.05
2019-06-27,89.99662780761719,0.0,15.819999694824219,2.09,2.01
2019-06-28,92.44418334960938,0.0,15.079999923706055,2.08,2.0
2019-07-01,93.9986801147461,0.0,14.0600004196167,2.16,2.03
2019-07-02,94.09791564941406,0.0,12.930000305175781,2.15,1.98
2019-07-03,93.94803619384766,0.8,12.569999694824219,2.16,1.96
2019-07-05,94.50596618652344,0.0,13.279999732971191,2.18,2.04
2019-07-08,93.98967742919922,0.0,13.960000038146973,2.21,2.05
2019-07-09,94.3893814086914,0.0,14.09000015258789,2.21,2.07
2019-07-10,94.11455535888672,0.0,13.029999732971191,2.15,2.07
2019-07-11,95.01393127441406,0.0,12.930000305175781,2.12,2.13
2019-07-12,96.01317596435547,0.0,12.390000343322754,2.1,2.12
2019-07-15,94.84737396240234,0.0,12.680000305175781,2.11,2.09
2019-07-16,95.86332702636719,0.0,12.859999656677246,2.1,2.13
2019-07-17,94.92229461669922,0.0,13.970000267028809,2.09,2.06
2019-07-18,95.48856353759766,0.0,13.529999732971191,2.01,2.04
2019-07-19,94.5475845336914,0.0,14.449999809265137,2.02,2.05
2019-07-22,95.15547943115234,0.0,13.529999732971191,2.04,2.05
2019-07-23,96.89586639404297,0.0,12.609999656677246,2.02,2.08
2019-07-24,97.28726196289062,0.0,12.069999694824219,2.05,2.05
2019-07-25,96.35460662841797,0.0,12.739999771118164,2.06,2.08
2019-07-26,96.779296875,0.0,12.15999984741211,2.08,2.08
2019-07-29,96.47119903564453,0.0,12.829999923706055,2.07,2.06
2019-07-30,96.25467681884766,0.0,13.9399995803833,2.04,2.06
2019-07-31,96.59609985351562,0.0,16.1200008392334,2.04,2.02
2019-08-01,94.04795837402344,0.0,17.8700008392334,2.03,1.9
2019-08-02,94.03963470458984,0.0,17.610000610351562,2.02,1.86
2019-08-05,91.24165344238281,0.0,24.59000015258789,2.0,1.75
2019-08-06,91.95781707763672,0.0,20.170000076293945,2.01,1.73
2019-08-07,89.95928192138672,0.0,19.489999771118164,1.98,1.71
2019-08-08,91.483154296875,0.0,16.90999984741211,1.98,1.72
2019-08-09,91.38324737548828,0.0,17.969999313354492,1.96,1.74
2019-08-12,89.66783142089844,0.0,21.09000015258789,1.96,1.65
2019-08-13,91.0501480102539,0.0,17.520000457763672,1.96,1.68
2019-08-14,87.26957702636719,0.0,22.100000381469727,1.92,1.59
2019-08-15,87.60266876220703,0.0,21.18000030517578,1.87,1.52
2019-08-16,89.70113372802734,0.0,18.469999313354492,1.83,1.55
2019-08-19,90.50888061523438,0.0,16.8799991607666,1.9,1.6
2019-08-20,89.35972595214844,0.0,17.5,1.9,1.55
2019-08-21,89.60953521728516,0.0,15.800000190734863,1.93,1.59
2019-08-22,90.53384399414062,0.0,16.68000030517578,1.96,1.62
2019-08-23,88.28549194335938,0.0,19.8700008392334,1.93,1.52
2019-08-26,88.9933090209961,0.0,19.31999969482422,1.96,1.54
2019-08-27,88.0523452758789,0.0,20.309999465942383,1.94,1.49
2019-08-28,88.93502044677734,0.0,19.350000381469727,1.95,1.47
2019-08-29,90.95022583007812,0.0,17.8799991607666,1.95,1.5
2019-08-30,91.483154296875,0.0,18.979999542236328,1.95,1.5
2019-09-03,90.400634765625,0.0,19.65999984741211,1.94,1.47
2019-09-04,91.4914779663086,0.0,17.329999923706055,1.93,1.47
2019-09-05,93.57331848144531,0.0,16.270000457763672,1.93,1.57
2019-09-06,93.77316284179688,0.0,15.0,1.92,1.55
2019-09-09,96.09647369384766,0.0,15.270000457763672,1.92,1.63
2019-09-10,97.3205795288086,0.0,15.199999809265137,1.91,1.72
2019-09-11,97.58704376220703,0.0,14.609999656677246,1.92,1.75
2019-09-12,98.1866226196289,0.0,14.220000267028809,1.91,1.79
2019-09-13,100.1185073852539,0.0,13.739999771118164,1.92,1.9
2019-09-16,99.22749328613281,0.0,14.670000076293945,1.95,1.84
2019-09-17,98.73619842529297,0.0,14.4399995803833,1.95,1.81
2019-09-18,99.72712707519531,0.0,13.949999809265137,1.91,1.8
2019-09-19,99.41068267822266,0.0,14.050000190734863,1.89,1.79
2019-09-20,99.0110092163086,0.0,15.319999694824219,1.87,1.74
2019-09-23,98.99435424804688,0.0,14.90999984741211,1.9,1.72
2019-09-24,97.70362854003906,0.0,17.049999237060547,1.88,1.64
2019-09-25,98.26154327392578,0.0,15.960000038146973,1.85,1.73
2019-09-26,97.45379638671875,0.0,16.06999969482422,1.79,1.7
2019-09-27,98.02838897705078,0.0,17.219999313354492,1.76,1.69
2019-09-30,98.0033950805664,0.0,16.239999771118164,1.84,1.68
2019-10-01,96.22137451171875,0.0,18.559999465942383,1.78,1.65
2019-10-02,94.30609893798828,0.0,20.559999465942383,1.75,1.6
2019-10-03,94.17179107666016,0.9,19.1200008392334,1.67,1.54
2019-10-04,96.21153259277344,0.0,17.040000915527344,1.68,1.52
2019-10-07,96.0016860961914,0.0,17.860000610351562,1.71,1.56
2019-10-08,93.86121368408203,0.0,20.280000686645508,1.68,1.54
2019-10-09,94.54115295410156,0.0,18.639999389648438,1.66,1.59
2019-10-10,95.86737823486328,0.0,17.56999969482422,1.65,1.67
2019-10-11,97.48741149902344,0.0,15.579999923706055,1.65,1.76
2019-10-14,97.74763488769531,0.0,14.569999694824219,,
2019-10-15,100.69390106201172,0.0,13.539999961853027,1.64,1.77
2019-10-16,100.45886993408203,0.0,13.680000305175781,1.63,1.75
2019-10-17,101.0212631225586,0.0,13.789999961853027,1.63,1.76
2019-10-18,101.19754028320312,0.0,14.25,1.63,1.76
2019-10-21,103.70734405517578,0.0,14.0,1.64,1.8
2019-10-22,104.7481689453125,0.0,14.460000038146973,1.62,1.78
2019-10-23,105.02518463134766,0.0,14.010000228881836,1.62,1.77
2019-10-24,104.94963836669922,0.0,13.710000038146973,1.64,1.77
2019-10-25,105.78902435302734,0.0,12.649999618530273,1.63,1.8
2019-10-28,106.19194030761719,0.0,13.109999656677246,1.62,1.85
2019-10-29,106.1247787475586,0.0,13.199999809265137,1.6,1.84
2019-10-30,105.53720092773438,0.0,12.329999923706055,1.59,1.78
2019-10-31,104.85729217529297,0.0,13.220000267028809,1.51,1.69
2019-11-01,107.27478790283203,0.0,12.300000190734863,1.49,1.73
2019-11-04,108.1309585571289,0.0,12.829999923706055,1.5,1.79
2019-11-05,108.3659896850586,0.0,13.100000381469727,1.53,1.86
2019-11-06,108.53387451171875,0.0,12.619999885559082,1.53,1.81
2019-11-07,109.12140655517578,0.0,12.729999542236328,1.53,1.92
2019-11-08,109.4404296875,0.0,12.069999694824219,1.52,1.94
2019-11-11,109.05427551269531,0.0,12.6899995803833,,
2019-11-12,108.41635131835938,0.0,12.680000305175781,1.56,1.92
2019-11-13,107.8455581665039,0.0,13.0,1.54,1.88
2019-11-14,107.9462890625,0.0,13.050000190734863,1.54,1.82
2019-11-15,108.7269058227539,0.0,12.050000190734863,1.54,1.84
2019-11-18,109.64185333251953,0.0,12.460000038146973,1.54,1.81
2019-11-19,109.60828399658203,0.0,12.859999656677246,1.54,1.79
2019-11-20,108.81088256835938,0.0,12.779999732971191,1.54,1.73
2019-11-21,109.06265258789062,0.0,13.130000114440918,1.55,1.77
2019-11-22,109.78455352783203,0.0,12.34000015258789,1.55,1.77
2019-11-25,110.37212371826172,0.0,11.869999885559082,1.58,1.76
2019-11-26,110.5232162475586,0.0,11.539999961853027,1.57,1.74
2019-11-27,110.85059356689453,0.0,11.75,1.59,1.77
2019-11-29,110.59876251220703,0.0,12.619999885559082,1.56,1.78
2019-12-02,110.35535430908203,0.0,14.90999984741211,1.57,1.83
2019-12-03,108.93673706054688,0.0,15.960000038146973,1.54,1.72
2019-12-04,111.08561706542969,0.0,14.800000190734863,1.52,1.77
2019-12-05,111.68999481201172,0.0,14.520000457763672,1.51,1.8
2019-12-06,113.35199737548828,0.0,13.619999885559082,1.5,1.84
2019-12-09,112.82317352294922,0.0,15.859999656677246,1.51,1.83
2019-12-10,112.89872741699219,0.0,15.680000305175781,1.53,1.85
2019-12-11,112.63008880615234,0.0,14.989999771118164,1.54,1.79
2019-12-12,115.85336303710938,0.0,13.9399995803833,1.53,1.9
2019-12-13,114.83770751953125,0.0,12.630000114440918,1.54,1.82
2019-12-16,115.28260803222656,0.0,12.140000343322754,1.54,1.89
2019-12-17,115.9876708984375,0.0,12.289999961853027,1.53,1.89
2019-12-18,115.87016296386719,0.0,12.579999923706055,1.53,1.92
2019-12-19,115.291015625,0.0,12.5,1.54,1.92
2019-12-20,115.19866943359375,0.0,12.510000228881836,1.55,1.92
2019-12-23,115.16510009765625,0.0,12.609999656677246,1.56,1.93
2019-12-24,115.48404693603516,0.0,12.670000076293945,1.55,1.9
2019-12-26,116.70955657958984,0.0,12.649999618530273,1.55,1.9
2019-12-27,116.79351806640625,0.0,13.430000305175781,1.54,1.88
2019-12-30,116.36540985107422,0.0,14.819999694824219,1.54,1.9
2019-12-31,117.01177215576172,0.0,13.779999732971191,1.52,1.92
2020-01-02,118.43030548095703,0.0,12.470000267028809,1.51,1.88
2020-01-03,116.86750030517578,0.9,14.020000457763672,1.49,1.8
2020-01-06,116.77456665039062,0.0,13.850000381469727,1.53,1.81
2020-01-07,114.78929138183594,0.0,13.789999961853027,1.51,1.83
2020-01-08,115.68477630615234,0.0,13.449999809265137,1.51,1.87
2020-01-09,116.10716247558594,0.0,12.539999961853027,1.51,1.85
2020-01-10,114.94984436035156,0.0,12.5600004196167,1.51,1.83
2020-01-13,115.90441131591797,0.0,12.319999694824219,1.54,1.85
2020-01-14,117.25609588623047,0.0,12.390000343322754,1.54,1.82
2020-01-15,115.49894714355469,0.0,12.420000076293945,1.54,1.79
2020-01-16,115.94664764404297,0.0,12.319999694824219,1.52,1.81
2020-01-17,116.74919891357422,0.0,12.100000381469727,1.53,1.84
2020-01-21,115.60029602050781,0.0,12.850000381469727,1.53,1.78
2020-01-22,115.46513366699219,0.0,12.90999984741211,1.52,1.77
2020-01-23,115.34684753417969,0.0,12.979999542236328,1.52,1.74
2020-01-24,112.4830551147461,0.0,14.5600004196167,1.51,1.7
2020-01-27,111.5368881225586,0.0,18.229999542236328,1.52,1.61
2020-01-28,113.5643539428711,0.0,16.280000686645508,1.54,1.65
2020-01-29,113.39541625976562,0.0,16.389999389648438,1.53,1.6
2020-01-30,114.79776000976562,0.0,15.489999771118164,1.54,1.57
2020-01-31,111.81566619873047,0.0,18.84000015258789,1.52,1.51
2020-02-03,112.66889190673828,0.0,17.969999313354492,1.54,1.54
2020-02-04,114.29085540771484,0.0,16.049999237060547,1.54,1.61
2020-02-05,116.23384857177734,0.0,15.149999618530273,1.54,1.66
2020-02-06,116.25078582763672,0.0,14.960000038146973,1.54,1.65
2020-02-07,115.87907409667969,0.0,15.470000267028809,1.53,1.59
2020-02-10,116.360595703125,0.0,15.039999961853027,1.55,1.56
2020-02-11,116.58023071289062,0.0,15.180000305175781,1.54,1.59
2020-02-12,116.58023071289062,0.0,13.739999771118164,1.55,1.62
2020-02-13,116.47888946533203,0.0,14.149999618530273,1.56,1.61
2020-02-14,116.12405395507812,0.0,13.680000305175781,1.55,1.59
2020-02-18,114.5865478515625,0.0,14.829999923706055,1.55,1.55
2020-02-19,116.1494140625,0.0,14.380000114440918,1.55,1.56
2020-02-20,116.1494140625,0.0,15.5600004196167,1.55,1.52
2020-02-21,114.73017120361328,0.0,17.079999923706055,1.53,1.46
2020-02-24,111.64671325683594,0.0,25.030000686645508,1.5,1.38
2020-02-25,106.66248321533203,0.0,27.850000381469727,1.5,1.33
2020-02-26,106.98350524902344,0.0,27.559999465942383,1.5,1.33
2020-02-27,102.531494140625,0.0,39.15999984741211,1.42,1.3
2020-02-28,98.0879135131836,0.0,40.11000061035156,1.25,1.13
2020-03-02,102.65821838378906,0.0,33.41999816894531,1.1,1.1
2020-03-03,98.80597686767578,0.0,36.81999969482422,0.93,1.02
2020-03-04,101.24742889404297,0.0,31.989999771118164,0.71,1.02
2020-03-05,96.28006744384766,0.0,39.619998931884766,0.61,0.92
2020-03-06,91.30430603027344,0.0,41.939998626708984,0.45,0.74
2020-03-09,78.93666076660156,0.0,54.459999084472656,0.32,0.54
2020-03-10,85.06980895996094,0.0,47.29999923706055,0.43,0.76
2020-03-11,81.06549835205078,0.0,53.900001525878906,0.41,0.82
2020-03-12,74.38328552246094,0.0,75.47000122070312,0.33,0.88
2020-03-13,87.78155517578125,0.0,57.83000183105469,0.27,0.94
2020-03-16,74.64513397216797,0.0,82.69000244140625,0.24,0.73
2020-03-17,79.20699310302734,0.0,75.91000366210938,0.19,1.02
2020-03-18,70.86896514892578,0.0,76.44999694824219,0.02,1.18
2020-03-19,72.06010437011719,0.0,72.0,0.04,1.12
2020-03-20,70.53952026367188,0.0,66.04000091552734,0.05,0.92
2020-03-23,66.7633056640625,0.0,61.59000015258789,0.02,0.76
2020-03-24,74.70429992675781,0.0,61.66999816894531,0.01,0.84
2020-03-25,77.49205780029297,0.0,63.95000076293945,-0.04,0.88
2020-03-26,82.89024353027344,0.0,61.0,-0.05,0.83
2020-03-27,76.9852066040039,0.0,65.54000091552734,0.03,0.72
2020-03-30,78.98734283447266,0.0,57.08000183105469,0.12,0.7
2020-03-31,76.05594635009766,0.0,53.540000915527344,0.11,0.7
2020-04-01,71.26602935791016,0.0,57.060001373291016,0.09,0.62
2020-04-02,73.92707061767578,0.0,50.90999984741211,0.09,0.63
2020-04-03,71.74195861816406,0.9,46.79999923706055,0.1,0.62
2020-04-06,76.35974884033203,0.0,45.2400016784668,0.15,0.67
2020-04-07,77.36693572998047,0.0,46.70000076293945,0.14,0.75
2020-04-08,80.490966796875,0.0,43.349998474121094,0.22,0.77
2020-04-09,87.71211242675781,0.0,41.66999816894531,0.25,0.73
2020-04-13,83.81133270263672,0.0,41.16999816894531,0.26,0.76
2020-04-14,81.51524353027344,0.0,37.7599983215332,0.2,0.76
2020-04-15,77.49496459960938,0.0,40.84000015258789,0.14,0.63
2020-04-16,74.54163360595703,0.0,40.11000061035156,0.14,0.61
2020-04-17,81.24211883544922,0.0,38.150001525878906,0.12,0.65
2020-04-20,78.28025817871094,0.0,43.83000183105469,0.12,0.63
2020-04-21,76.00977325439453,0.0,45.40999984741211,0.11,0.58
2020-04-22,76.25728607177734,0.0,41.97999954223633,0.12,0.63
2020-04-23,76.29998779296875,0.0,41.380001068115234,0.11,0.61
2020-04-24,77.42668151855469,0.0,35.93000030517578,0.12,0.6
2020-04-27,80.76409912109375,0.0,33.290000915527344,0.12,0.67
2020-04-28,81.33601379394531,0.0,33.56999969482422,0.11,0.62
2020-04-29,83.52967071533203,0.0,31.229999542236328,0.1,0.63
2020-04-30,81.73717498779297,0.0,34.150001525878906,0.09,0.64
2020-05-01,79.59473419189453,0.0,37.189998626708984,0.12,0.64
2020-05-04,78.64728546142578,0.0,35.970001220703125,0.13,0.64
2020-05-05,78.52778625488281,0.0,33.61000061035156,0.13,0.66
2020-05-06,77.05110931396484,0.0,34.119998931884766,0.12,0.72
2020-05-07,77.85346984863281,0.0,31.440000534057617,0.11,0.63
2020-05-08,79.12527465820312,0.0,27.979999542236328,0.12,0.69
2020-05-11,76.79505920410156,0.0,27.56999969482422,0.12,0.73
2020-05-12,74.28557586669922,0.0,33.040000915527344,0.13,0.69
2020-05-13,71.72488403320312,0.0,35.279998779296875,0.13,0.64
2020-05-14,74.70384216308594,0.0,32.61000061035156,0.12,0.63
2020-05-15,73.32105255126953,0.0,31.889999389648438,0.12,0.64
2020-05-18,77.20475769042969,0.0,29.299999237060547,0.13,0.73
2020-05-19,75.68541717529297,0.0,30.530000686645508,0.13,0.7
2020-05-20,77.95590209960938,0.0,27.989999771118164,0.12,0.68
2020-05-21,76.96577453613281,0.0,29.530000686645508,0.12,0.68
2020-05-22,76.3682861328125,0.0,28.15999984741211,0.12,0.66
2020-05-26,81.78839874267578,0.0,28.010000228881836,0.14,0.69
2020-05-27,86.52567291259766,0.0,27.6200008392334,0.15,0.68
2020-05-28,85.2367935180664,0.0,28.59000015258789,0.15,0.7
2020-05-29,83.06021881103516,0.0,27.510000228881836,0.14,0.65
2020-06-01,84.16130065917969,0.0,28.229999542236328,0.14,0.66
2020-06-02,84.44297790527344,0.0,26.84000015258789,0.15,0.68
2020-06-03,89.00099182128906,0.0,25.65999984741211,0.16,0.77
2020-06-04,90.85323333740234,0.0,25.809999465942383,0.15,0.82
2020-06-05,94.94182586669922,0.0,24.520000457763672,0.15,0.91
2020-06-08,96.83672332763672,0.0,25.809999465942383,0.17,0.88
2020-06-09,94.35285949707031,0.0,27.56999969482422,0.19,0.84
2020-06-10,90.52886962890625,0.0,27.56999969482422,0.17,0.75
2020-06-11,82.97484588623047,0.0,40.790000915527344,0.17,0.66
2020-06-12,85.2453384399414,0.0,36.09000015258789,0.16,0.71
2020-06-15,86.42324829101562,0.0,34.400001525878906,0.18,0.71
2020-06-16,87.11463165283203,0.0,33.66999816894531,0.17,0.75
2020-06-17,84.91246032714844,0.0,33.470001220703125,0.17,0.74
2020-06-18,84.45150756835938,0.0,32.939998626708984,0.16,0.71
2020-06-19,83.48699951171875,0.0,35.119998931884766,0.15,0.7
2020-06-22,82.58221435546875,0.0,31.770000457763672,0.16,0.71
2020-06-23,83.58941650390625,0.0,31.3700008392334,0.16,0.72
2020-06-24,80.79827117919922,0.0,33.84000015258789,0.15,0.69
2020-06-25,83.61499786376953,0.0,32.220001220703125,0.16,0.68
2020-06-26,79.0313949584961,0.0,34.72999954223633,0.14,0.64
2020-06-29,79.38135528564453,0.0,31.780000686645508,0.14,0.64
2020-06-30,80.28614044189453,0.0,30.43000030517578,0.16,0.66
2020-07-01,79.60327911376953,0.0,28.6200008392334,0.14,0.69
2020-07-02,79.86184692382812,0.9,27.68000030517578,0.14,0.68
2020-07-06,81.87865447998047,0.0,27.940000534057617,0.15,0.69
2020-07-07,79.56880187988281,0.0,29.43000030517578,0.15,0.65
2020-07-08,80.4134521484375,0.0,28.079999923706055,0.15,0.67
2020-07-09,78.67245483398438,0.0,29.260000228881836,0.13,0.62
2020-07-10,82.9732437133789,0.0,27.290000915527344,0.13,0.65
2020-07-13,84.16263580322266,0.0,32.189998626708984,0.14,0.64
2020-07-14,84.64529418945312,0.0,29.520000457763672,0.15,0.63
2020-07-15,85.9553451538086,0.0,27.760000228881836,0.16,0.64
2020-07-16,86.19666290283203,0.0,28.0,0.11,0.62
2020-07-17,84.60220336914062,0.0,25.68000030517578,0.11,0.64
2020-07-20,83.86100769042969,0.0,24.459999084472656,0.13,0.62
2020-07-21,85.67955017089844,0.0,24.84000015258789,0.13,0.61
2020-07-22,85.0589828491211,0.0,24.31999969482422,0.13,0.6
2020-07-23,85.30892944335938,0.0,26.079999923706055,0.12,0.59
2020-07-24,84.70561218261719,0.0,25.84000015258789,0.11,0.59
2020-07-27,83.51622009277344,0.0,24.739999771118164,0.11,0.62
2020-07-28,83.87821197509766,0.0,25.440000534057617,0.11,0.59
2020-07-29,85.91223907470703,0.0,24.100000381469727,0.11,0.58
2020-07-30,83.61964416503906,0.0,24.760000228881836,0.09,0.55
2020-07-31,83.29215240478516,0.0,24.459999084472656,0.09,0.55
2020-08-03,82.82670593261719,0.0,24.280000686645508,0.1,0.56
2020-08-04,82.35267639160156,0.0,23.760000228881836,0.09,0.52
2020-08-05,83.78340148925781,0.0,22.989999771118164,0.1,0.55
2020-08-06,83.80924224853516,0.0,22.649999618530273,0.1,0.55
2020-08-07,85.65367889404297,0.0,22.209999084472656,0.1,0.57
2020-08-10,86.73966979980469,0.0,22.1299991607666,0.11,0.59
2020-08-11,89.48043060302734,0.0,24.030000686645508,0.11,0.64
2020-08-12,88.72196197509766,0.0,22.280000686645508,0.11,0.69
2020-08-13,88.23070526123047,0.0,22.1299991607666,0.1,0.71
2020-08-14,88.26519012451172,0.0,22.049999237060547,0.1,0.71
2020-08-17,85.9381103515625,0.0,21.350000381469727,0.1,0.69
2020-08-18,84.7400894165039,0.0,21.510000228881836,0.09,0.67
2020-08-19,84.93832397460938,0.0,22.540000915527344,0.11,0.68
2020-08-20,83.92131042480469,0.0,22.719999313354492,0.11,0.65
2020-08-21,83.87821197509766,0.0,22.540000915527344,0.1,0.64
2020-08-24,86.23974609375,0.0,22.3700008392334,0.12,0.65
2020-08-25,86.61898803710938,0.0,22.030000686645508,0.11,0.69
2020-08-26,85.40373229980469,0.0,23.270000457763672,0.11,0.69
2020-08-27,88.21347045898438,0.0,24.469999313354492,0.11,0.74
2020-08-28,88.57545471191406,0.0,22.959999084472656,0.1,0.74
2020-08-31,86.35181427001953,0.0,26.40999984741211,0.11,0.72
2020-09-01,86.3087158203125,0.0,26.1200008392334,0.12,0.68
2020-09-02,87.61014556884766,0.0,26.56999969482422,0.12,0.66
2020-09-03,87.3343505859375,0.0,33.599998474121094,0.11,0.63
2020-09-04,89.22186279296875,0.0,30.75,0.11,0.72
2020-09-08,86.11909484863281,0.0,31.459999084472656,0.13,0.69
2020-09-09,86.93787384033203,0.0,28.809999465942383,0.12,0.71
2020-09-10,86.0415267944336,0.0,29.709999084472656,0.12,0.68
2020-09-11,87.11026000976562,0.0,26.8700008392334,0.11,0.67
2020-09-14,88.31690979003906,0.0,25.850000381469727,0.11,0.68
2020-09-15,85.56748962402344,0.0,25.59000015258789,0.11,0.68
2020-09-16,85.92948150634766,0.0,26.040000915527344,0.12,0.69
2020-09-17,84.94692993164062,0.0,26.459999084472656,0.09,0.69
2020-09-18,84.76593017578125,0.0,25.829999923706055,0.1,0.7
2020-09-21,82.14581298828125,0.0,27.780000686645508,0.1,0.68
2020-09-22,81.24947357177734,0.0,26.860000610351562,0.1,0.68
2020-09-23,79.93079376220703,0.0,28.579999923706055,0.11,0.68
2020-09-24,79.86184692382812,0.0,28.510000228881836,0.1,0.67
2020-09-25,80.55997467041016,0.0,26.3799991607666,0.1,0.66
2020-09-28,82.87843322753906,0.0,26.190000534057617,0.11,0.67
2020-09-29,82.1802978515625,0.0,26.270000457763672,0.09,0.66
2020-09-30,82.9732437133789,0.0,26.3700008392334,0.1,0.69
2020-10-01,83.57654571533203,0.0,26.700000762939453,0.09,0.68
2020-10-02,84.3694839477539,0.0,27.6299991607666,0.09,0.7
2020-10-05,86.15272521972656,0.9,27.959999084472656,0.1,0.78
2020-10-06,85.26547241210938,0.0,29.479999542236328,0.1,0.76
2020-10-07,86.7529525756836,0.0,28.059999465942383,0.1,0.81
2020-10-08,88.53619384765625,0.0,26.360000610351562,0.09,0.78
2020-10-09,88.03166198730469,0.0,25.0,0.1,0.79
2020-10-12,89.1103286743164,0.0,25.06999969482422,,
2020-10-13,87.66632843017578,0.0,26.06999969482422,0.11,0.74
2020-10-14,87.1791763305664,0.0,26.399999618530273,0.12,0.73
2020-10-15,88.48400115966797,0.0,26.969999313354492,0.11,0.74
2020-10-16,88.30133056640625,0.0,27.40999984741211,0.11,0.76
2020-10-19,86.81385040283203,0.0,29.18000030517578,0.11,0.78
2020-10-20,87.3096694946289,0.0,29.350000381469727,0.1,0.81
2020-10-21,86.43980407714844,0.0,28.649999618530273,0.1,0.83
2020-10-22,89.4930648803711,0.0,28.110000610351562,0.09,0.87
2020-10-23,90.30204772949219,0.0,27.549999237060547,0.1,0.85
2020-10-26,88.06644439697266,0.0,32.459999084472656,0.11,0.81
2020-10-27,86.40499114990234,0.0,33.349998474121094,0.1,0.79
2020-10-28,83.9780502319336,0.0,40.279998779296875,0.1,0.79
2020-10-29,84.52606201171875,0.0,37.59000015258789,0.09,0.85
2020-10-30,85.2828598022461,0.0,38.02000045776367,0.09,0.88
2020-11-02,87.20528411865234,0.0,37.130001068115234,0.09,0.87
2020-11-03,89.95409393310547,0.0,35.54999923706055,0.1,0.9
2020-11-04,87.20528411865234,0.0,29.56999969482422,0.1,0.78
2020-11-05,90.77178955078125,0.0,27.579999923706055,0.1,0.79
2020-11-06,89.5626449584961,0.0,24.860000610351562,0.1,0.83
2020-11-09,101.68875122070312,0.0,25.75,0.11,0.96
2020-11-10,101.35820770263672,0.0,24.799999237060547,0.1,0.98
2020-11-11,99.84461975097656,0.0,23.450000762939453,,
2020-11-12,98.61811065673828,0.0,25.350000381469727,0.1,0.88
2020-11-13,99.2356948852539,0.0,23.100000381469727,0.09,0.89
2020-11-16,102.03669738769531,0.0,22.450000762939453,0.09,0.91
2020-11-17,101.00154876708984,0.0,22.709999084472656,0.09,0.87
2020-11-18,100.25347137451172,0.0,23.84000015258789,0.09,0.88
2020-11-19,100.52312469482422,0.0,23.110000610351562,0.07,0.86
2020-11-20,99.66194152832031,0.0,23.700000762939453,0.07,0.83
2020-11-23,102.53254699707031,0.0,22.65999984741211,0.08,0.86
2020-11-24,107.27338409423828,0.0,21.639999389648438,0.09,0.88
2020-11-25,106.15123748779297,0.0,21.25,0.09,0.88
2020-11-27,105.4466323852539,0.0,20.84000015258789,0.09,0.84
2020-11-30,102.54122161865234,0.0,20.56999969482422,0.08,0.84
2020-12-01,104.15921783447266,0.0,20.770000457763672,0.09,0.92
2020-12-02,106.15994262695312,0.0,21.170000076293945,0.09,0.95
2020-12-03,105.46403503417969,0.0,21.280000686645508,0.08,0.92
2020-12-04,106.42090606689453,0.0,20.790000915527344,0.09,0.97
2020-12-07,106.02073669433594,0.0,21.299999237060547,0.08,0.94
2020-12-08,106.12512969970703,0.0,20.68000030517578,0.09,0.92
2020-12-09,105.29875946044922,0.0,22.270000457763672,0.08,0.95
2020-12-10,104.62025451660156,0.0,22.520000457763672,0.08,0.92
2020-12-11,104.00263977050781,0.0,23.309999465942383,0.08,0.9
2020-12-14,102.90657806396484,0.0,24.719999313354492,0.09,0.9
2020-12-15,104.66374969482422,0.0,22.889999389648438,0.08,0.92
2020-12-16,104.96817779541016,0.0,22.5,0.09,0.92
2020-12-17,104.09831237792969,0.0,21.93000030517578,0.08,0.94
2020-12-18,103.58509063720703,0.0,21.56999969482422,0.08,0.95
2020-12-21,107.47344207763672,0.0,25.15999984741211,0.09,0.95
2020-12-22,105.83808135986328,0.0,24.229999542236328,0.09,0.93
2020-12-23,108.7956771850586,0.0,23.309999465942383,0.09,0.96
2020-12-24,108.3172378540039,0.0,21.530000686645508,0.09,0.94
2020-12-28,109.03053283691406,0.0,21.700000762939453,0.11,0.94
2020-12-29,108.74347686767578,0.0,23.079999923706055,0.1,0.94
2020-12-30,109.04794311523438,0.0,22.770000457763672,0.08,0.93
2020-12-31,110.5354232788086,0.0,22.75,0.09,0.93
2021-01-04,109.49156951904297,0.0,26.969999313354492,0.09,0.93
2021-01-05,110.08734130859375,0.9,25.34000015258789,0.09,0.96
2021-01-06,115.256591796875,0.0,25.06999969482422,0.09,1.04
2021-01-07,119.04151153564453,0.0,22.3700008392334,0.09,1.08
2021-01-08,119.17292785644531,0.0,21.559999465942383,0.08,1.13
2021-01-11,120.95150756835938,0.0,24.079999923706055,0.08,1.15
2021-01-12,122.85274505615234,0.0,23.329999923706055,0.09,1.15
2021-01-13,122.9666519165039,0.0,22.209999084472656,0.09,1.1
2021-01-14,123.68506622314453,0.0,23.25,0.09,1.15
2021-01-15,121.46841430664062,0.0,24.34000015258789,0.09,1.11
2021-01-19,120.9427261352539,0.0,23.239999771118164,0.09,1.1
2021-01-20,119.12913513183594,0.0,21.579999923706055,0.08,1.1
2021-01-21,118.13031768798828,0.0,21.31999969482422,0.09,1.12
2021-01-22,117.2191390991211,0.0,21.90999984741211,0.08,1.1
2021-01-25,115.75597381591797,0.0,23.190000534057617,0.09,1.05
2021-01-26,115.28286743164062,0.0,23.020000457763672,0.07,1.05
2021-01-27,112.02361297607422,0.0,37.209999084472656,0.08,1.04
2021-01-28,113.99494171142578,0.0,30.209999084472656,0.07,1.07
2021-01-29,112.73328399658203,0.0,33.09000015258789,0.06,1.11
2021-02-01,113.56562805175781,0.0,30.239999771118164,0.07,1.09
2021-02-02,117.06143188476562,0.0,25.559999465942383,0.07,1.12
2021-02-03,118.40193939208984,0.0,22.90999984741211,0.04,1.15
2021-02-04,121.12674713134766,0.0,21.770000457763672,0.04,1.15
2021-02-05,120.89017486572266,0.0,20.8700008392334,0.03,1.19
2021-02-08,122.78265380859375,0.0,21.239999771118164,0.05,1.19
2021-02-09,122.29199981689453,0.0,21.6299991607666,0.04,1.18
2021-02-10,122.36207580566406,0.0,21.989999771118164,0.05,1.15
2021-02-11,122.02041625976562,0.0,21.25,0.05,1.16
2021-02-12,123.75516510009766,0.0,19.969999313354492,0.04,1.2
2021-02-16,126.73404693603516,0.0,21.459999084472656,0.04,1.3
2021-02-17,127.12828826904297,0.0,21.5,0.04,1.29
2021-02-18,127.55764770507812,0.0,22.489999771118164,0.03,1.29
2021-02-19,129.6866455078125,0.0,22.049999237060547,0.04,1.34
2021-02-22,130.90447998046875,0.0,23.450000762939453,0.03,1.37
2021-02-23,131.95584106445312,0.0,23.110000610351562,0.04,1.37
2021-02-24,134.2776336669922,0.0,21.34000015258789,0.03,1.38
2021-02-25,132.45529174804688,0.0,28.889999389648438,0.04,1.54
2021-02-26,128.9419403076172,0.0,27.950000762939453,0.04,1.44
2021-03-01,131.85948181152344,0.0,23.350000381469727,0.05,1.45
2021-03-02,131.43016052246094,0.0,24.100000381469727,0.04,1.42
2021-03-03,133.97100830078125,0.0,26.670000076293945,0.05,1.47
2021-03-04,131.9120635986328,0.0,28.56999969482422,0.04,1.54
2021-03-05,132.21871948242188,0.0,24.65999984741211,0.04,1.56
2021-03-08,133.97100830078125,0.0,25.469999313354492,0.05,1.59
2021-03-09,133.02476501464844,0.0,24.030000686645508,0.05,1.55
2021-03-10,135.916015625,0.0,22.559999465942383,0.04,1.53
2021-03-11,135.20639038085938,0.0,21.90999984741211,0.04,1.54
2021-03-12,136.80967712402344,0.0,20.690000534057617,0.04,1.64
2021-03-15,136.1262969970703,0.0,20.030000686645508,0.04,1.62
2021-03-16,134.49668884277344,0.0,19.790000915527344,0.02,1.62
2021-03-17,135.8809814453125,0.0,19.229999542236328,0.02,1.63
2021-03-18,138.12388610839844,0.0,21.579999923706055,0.01,1.71
2021-03-19,135.92477416992188,0.0,20.950000762939453,0.01,1.74
2021-03-22,132.27125549316406,0.0,18.8799991607666,0.03,1.69
2021-03-23,130.94830322265625,0.0,20.299999237060547,0.01,1.63
2021-03-24,131.96461486816406,0.0,21.200000762939453,0.02,1.62
2021-03-25,133.65554809570312,0.0,19.809999465942383,0.02,1.63
2021-03-26,135.8809814453125,0.0,18.860000610351562,0.02,1.67
2021-03-29,133.7694549560547,0.0,20.739999771118164,0.03,1.73
2021-03-30,135.34652709960938,0.0,19.610000610351562,0.02,1.73
2021-03-31,133.3751983642578,0.0,19.399999618530273,0.03,1.74
2021-04-01,134.6719512939453,0.0,17.329999923706055,0.02,1.69
2021-04-05,135.38577270507812,0.9,17.90999984741211,0.03,1.73
2021-04-06,134.4339141845703,0.0,18.1200008392334,0.02,1.67
2021-04-07,136.5402374267578,0.0,17.15999984741211,0.02,1.68
2021-04-08,136.7077178955078,0.0,16.950000762939453,0.01,1.64
2021-04-09,137.73004150390625,0.0,16.690000534057617,0.02,1.67
2021-04-12,137.43919372558594,0.0,16.90999984741211,0.02,1.69
2021-04-13,135.79995727539062,0.0,16.649999618530273,0.03,1.64
2021-04-14,133.26182556152344,0.0,16.989999771118164,0.02,1.64
2021-04-15,134.10784912109375,0.0,16.56999969482422,0.02,1.56
2021-04-16,135.103759765625,0.0,16.25,0.02,1.59
2021-04-19,134.53089904785156,0.0,17.290000915527344,0.02,1.61
2021-04-20,131.5521240234375,0.0,18.68000030517578,0.03,1.58
2021-04-21,132.67135620117188,0.0,17.5,0.03,1.57
2021-04-22,129.8776092529297,0.0,18.709999084472656,0.03,1.57
2021-04-23,132.36289978027344,0.0,17.329999923706055,0.03,1.58
2021-04-26,132.68896484375,0.0,17.639999389648438,0.03,1.58
2021-04-27,133.29708862304688,0.0,17.559999465942383,0.01,1.63
2021-04-28,134.16073608398438,0.0,17.280000686645508,0.01,1.63
2021-04-29,136.76943969726562,0.0,17.610000610351562,0.01,1.65
2021-04-30,135.55323791503906,0.0,18.610000610351562,0.01,1.65
2021-05-03,135.1566162109375,0.0,18.309999465942383,0.04,1.63
2021-05-04,137.02500915527344,0.0,19.479999542236328,0.02,1.61
2021-05-05,138.82286071777344,0.0,19.149999618530273,0.02,1.59
2021-05-06,141.6165771484375,0.0,18.389999389648438,0.02,1.58
2021-05-07,142.10128784179688,0.0,16.690000534057617,0.02,1.6
2021-05-10,142.08364868164062,0.0,19.65999984741211,0.02,1.63
2021-05-11,139.72177124023438,0.0,21.84000015258789,0.01,1.64
2021-05-12,138.76112365722656,0.0,27.59000015258789,0.02,1.69
2021-05-13,142.33045959472656,0.0,23.1299991607666,0.02,1.66
2021-05-14,144.5425262451172,0.0,18.809999465942383,0.01,1.63
2021-05-17,145.12416076660156,0.0,19.719999313354492,0.02,1.64
2021-05-18,143.0795440673828,0.0,21.34000015258789,0.02,1.64
2021-05-19,141.9866943359375,0.0,22.18000030517578,0.01,1.68
2021-05-20,141.73997497558594,0.0,20.670000076293945,0.01,1.63
2021-05-21,143.352783203125,0.0,20.149999618530273,0.01,1.63
2021-05-24,144.1282958984375,0.0,18.399999618530273,0.02,1.61
2021-05-25,142.63888549804688,0.0,18.84000015258789,0.02,1.56
2021-05-26,142.62127685546875,0.0,17.360000610351562,0.02,1.58
2021-05-27,144.8421630859375,0.0,16.739999771118164,0.02,1.61
2021-05-28,144.74520874023438,0.0,16.760000228881836,0.01,1.58
2021-06-01,146.34036254882812,0.0,17.899999618530273,0.02,1.62
2021-06-02,146.3491973876953,0.0,17.479999542236328,0.02,1.59
2021-06-03,146.44613647460938,0.0,18.040000915527344,0.02,1.63
2021-06-04,146.68406677246094,0.0,16.420000076293945,0.02,1.56
2021-06-07,145.99667358398438,0.0,16.420000076293945,0.02,1.57
2021-06-08,145.41502380371094,0.0,17.06999969482422,0.02,1.53
2021-06-09,143.59951782226562,0.0,17.889999389648438,0.03,1.5
2021-06-10,141.3610076904297,0.0,16.100000381469727,0.03,1.45
2021-06-11,141.26406860351562,0.0,15.649999618530273,0.03,1.47
2021-06-14,138.86692810058594,0.0,16.389999389648438,0.03,1.51
2021-06-15,136.7605743408203,0.0,17.020000457763672,0.03,1.51
2021-06-16,137.7212677001953,0.0,18.149999618530273,0.04,1.57
2021-06-17,133.74655151367188,0.0,17.75,0.04,1.52
2021-06-18,130.36233520507812,0.0,20.700000762939453,0.05,1.45
2021-06-21,132.57435607910156,0.0,17.889999389648438,0.05,1.5
2021-06-22,132.38050842285156,0.0,16.65999984741211,0.04,1.48
2021-06-23,133.18251037597656,0.0,16.31999969482422,0.05,1.5
2021-06-24,134.407470703125,0.0,15.970000267028809,0.05,1.49
2021-06-25,135.7646942138672,0.0,15.619999885559082,0.06,1.54
2021-06-28,136.0115203857422,0.0,15.760000228881836,0.05,1.49
2021-06-29,135.84405517578125,0.0,16.020000457763672,0.04,1.49
2021-06-30,137.07786560058594,0.0,15.829999923706055,0.05,1.45
2021-07-01,138.43507385253906,0.0,15.479999542236328,0.05,1.48
2021-07-02,138.3021240234375,0.9,15.069999694824219,0.05,1.44
2021-07-06,135.97979736328125,0.0,16.440000534057617,0.05,1.37
2021-07-07,136.13931274414062,0.0,16.200000762939453,0.05,1.33
2021-07-08,133.79043579101562,0.0,19.0,0.06,1.3
2021-07-09,138.07167053222656,0.0,16.18000030517578,0.06,1.37
2021-07-12,140.0482940673828,0.0,16.170000076293945,0.05,1.38
2021-07-13,137.9652862548828,0.0,17.1200008392334,0.05,1.42
2021-07-14,137.49554443359375,0.0,16.329999923706055,0.06,1.37
2021-07-15,137.79689025878906,0.0,17.010000228881836,0.05,1.31
2021-07-16,134.6502227783203,0.0,18.450000762939453,0.05,1.31
2021-07-19,130.27151489257812,0.0,22.5,0.05,1.19
2021-07-20,132.70021057128906,0.0,19.729999542236328,0.05,1.23
2021-07-21,135.49229431152344,0.0,17.90999984741211,0.05,1.3
2021-07-22,133.7815399169922,0.0,17.690000534057617,0.05,1.27
2021-07-23,133.52450561523438,0.0,17.200000762939453,0.05,1.3
2021-07-26,134.4197540283203,0.0,17.579999923706055,0.05,1.29
2021-07-27,134.2424774169922,0.0,19.360000610351562,0.05,1.25
2021-07-28,134.4640655517578,0.0,18.309999465942383,0.05,1.26
2021-07-29,135.6163787841797,0.0,17.700000762939453,0.06,1.28
2021-07-30,134.53501892089844,0.0,18.239999771118164,0.06,1.24
2021-08-02,133.99432373046875,0.0,19.459999084472656,0.05,1.2
2021-08-03,135.51889038085938,0.0,18.040000915527344,0.05,1.19
2021-08-04,134.0563507080078,0.0,17.969999313354492,0.05,1.19
2021-08-05,135.74932861328125,0.0,17.280000686645508,0.05,1.23
2021-08-06,139.6051025390625,0.0,16.149999618530273,0.06,1.31
2021-08-09,139.45440673828125,0.0,16.719999313354492,0.06,1.33
2021-08-10,141.1651153564453,0.0,16.790000915527344,0.05,1.36
2021-08-11,142.84925842285156,0.0,16.170000076293945,0.05,1.35
2021-08-12,143.4076690673828,0.0,15.59000015258789,0.06,1.36
2021-08-13,141.80331420898438,0.0,15.449999809265137,0.06,1.29
2021-08-16,140.87257385253906,0.0,16.1200008392334,0.06,1.26
2021-08-17,139.17076110839844,0.0,17.90999984741211,0.07,1.26
2021-08-18,137.9032440185547,0.0,21.56999969482422,0.07,1.27
2021-08-19,136.75094604492188,0.0,21.670000076293945,0.06,1.24
2021-08-20,137.1409454345703,0.0,18.559999465942383,0.05,1.26
2021-08-23,138.89599609375,0.0,17.149999618530273,0.05,1.25
2021-08-24,139.75576782226562,0.0,17.219999313354492,0.05,1.29
2021-08-25,142.63650512695312,0.0,16.790000915527344,0.06,1.35
2021-08-26,143.37220764160156,0.0,18.84000015258789,0.05,1.34
2021-08-27,144.52452087402344,0.0,16.389999389648438,0.05,1.31
2021-08-30,142.2110595703125,0.0,16.190000534057617,0.05,1.29
2021-08-31,141.7767333984375,0.0,16.479999542236328,0.04,1.3
2021-09-01,141.5728759765625,0.0,16.110000610351562,0.05,1.31
2021-09-02,142.228759765625,0.0,16.40999984741211,0.05,1.29
2021-09-03,141.36903381347656,0.0,16.40999984741211,0.05,1.33
2021-09-07,141.1208038330078,0.0,18.139999389648438,0.05,1.38
2021-09-08,140.49147033691406,0.0,17.959999084472656,0.05,1.35
2021-09-09,141.10305786132812,0.0,18.799999237060547,0.04,1.3
2021-09-10,139.4810028076172,0.0,20.950000762939453,0.05,1.35
2021-09-13,141.6969451904297,0.0,19.3700008392334,0.06,1.33
2021-09-14,139.2239532470703,0.0,19.459999084472656,0.04,1.28
2021-09-15,140.19012451171875,0.0,18.18000030517578,0.04,1.31
2021-09-16,140.1280517578125,0.0,18.690000534057617,0.04,1.34
2021-09-17,139.76461791992188,0.0,20.809999465942383,0.04,1.37
2021-09-20,135.5808868408203,0.0,25.709999084472656,0.04,1.31
2021-09-21,135.5986328125,0.0,24.360000610351562,0.03,1.33
2021-09-22,138.19577026367188,0.0,20.8700008392334,0.03,1.32
2021-09-23,142.86700439453125,0.0,18.6299991607666,0.03,1.41
2021-09-24,144.51564025878906,0.0,17.75,0.03,1.47
2021-09-27,148.0079803466797,0.0,18.760000228881836,0.04,1.48
2021-09-28,147.2102508544922,0.0,23.25,0.04,1.54
2021-09-29,147.0950469970703,0.0,22.559999465942383,0.04,1.55
2021-09-30,145.09181213378906,0.0,23.139999389648438,0.04,1.52
2021-10-01,148.1409912109375,0.0,21.100000381469727,0.04,1.48
2021-10-04,147.98138427734375,0.0,22.959999084472656,0.04,1.49
2021-10-05,150.39794921875,1.0,21.299999237060547,0.04,1.54
2021-10-06,150.71896362304688,0.0,21.0,0.04,1.53
2021-10-07,151.673095703125,0.0,19.540000915527344,0.05,1.58
2021-10-08,151.7890625,0.0,18.770000457763672,0.05,1.61
2021-10-11,148.59666442871094,0.0,20.0,,
2021-10-12,147.45529174804688,0.0,19.850000381469727,0.06,1.59
2021-10-13,143.56735229492188,0.0,18.639999389648438,0.05,1.56
2021-10-14,145.76992797851562,0.0,16.860000610351562,0.05,1.52
2021-10-15,148.56996154785156,0.0,16.299999237060547,0.05,1.59
2021-10-18,148.51644897460938,0.0,16.309999465942383,0.06,1.59
2021-10-19,150.31771850585938,0.0,15.699999809265137,0.05,1.65
2021-10-20,152.34190368652344,0.0,15.489999771118164,0.05,1.65
2021-10-21,151.14700317382812,0.0,15.010000228881836,0.06,1.68
2021-10-22,153.18011474609375,0.0,15.430000305175781,0.06,1.66
2021-10-25,152.43109130859375,0.0,15.239999771118164,0.06,1.64
2021-10-26,152.84127807617188,0.0,15.979999542236328,0.06,1.63
2021-10-27,149.6578369140625,0.0,16.979999542236328,0.06,1.54
2021-10-28,151.9139404296875,0.0,16.530000686645508,0.06,1.57
2021-10-29,151.49478149414062,0.0,16.260000228881836,0.05,1.55
2021-11-01,151.41453552246094,0.0,16.40999984741211,0.05,1.58
2021-11-02,152.0120086669922,0.0,16.030000686645508,0.05,1.56
2021-11-03,152.06549072265625,0.0,15.100000381469727,0.05,1.6
2021-11-04,150.06802368164062,0.0,15.4399995803833,0.04,1.53
2021-11-05,149.85403442382812,0.0,16.479999542236328,0.05,1.45
2021-11-08,150.754638671875,0.0,17.219999313354492,0.06,1.51
2021-11-09,149.6132354736328,0.0,17.780000686645508,0.04,1.46
2021-11-10,149.4705810546875,0.0,18.729999542236328,0.05,1.56
2021-11-11,149.461669921875,0.0,17.65999984741211,,
2021-11-12,148.79286193847656,0.0,16.290000915527344,0.05,1.58
2021-11-15,148.5253448486328,0.0,16.489999771118164,0.05,1.63
2021-11-16,147.45529174804688,0.0,16.3700008392334,0.05,1.63
2021-11-17,146.66165161132812,0.0,17.110000610351562,0.05,1.6
2021-11-18,145.39541625976562,0.0,17.59000015258789,0.05,1.59
2021-11-19,143.4960174560547,0.0,17.90999984741211,0.05,1.54
2021-11-22,146.55462646484375,0.0,19.170000076293945,0.05,1.63
2021-11-23,150.05911254882812,0.0,19.3799991607666,0.06,1.67
2021-11-24,148.88204956054688,0.0,18.579999923706055,0.06,1.64
2021-11-26,144.3966522216797,0.0,28.6200008392334,0.06,1.48
2021-11-29,143.77244567871094,0.0,22.959999084472656,0.06,1.52
2021-11-30,141.63233947753906,0.0,27.190000534057617,0.05,1.43
2021-12-01,140.7941436767578,0.0,31.1200008392334,0.06,1.43
2021-12-02,143.75465393066406,0.0,27.950000762939453,0.05,1.44
2021-12-03,141.15078735351562,0.0,30.670000076293945,0.06,1.35
2021-12-06,142.81832885742188,0.0,27.18000030517578,0.06,1.43
2021-12-07,144.96737670898438,0.0,21.889999389648438,0.06,1.48
2021-12-08,143.3087615966797,0.0,19.899999618530273,0.07,1.52
2021-12-09,143.0858154296875,0.0,21.579999923706055,0.06,1.49
2021-12-10,142.51513671875,0.0,18.690000534057617,0.06,1.48
2021-12-13,140.8208770751953,0.0,20.309999465942383,0.05,1.42
2021-12-14,141.8998565673828,0.0,21.889999389648438,0.05,1.44
2021-12-15,140.8386993408203,0.0,19.290000915527344,0.06,1.47
2021-12-16,143.04124450683594,0.0,20.56999969482422,0.05,1.44
2021-12-17,139.7864532470703,0.0,21.56999969482422,0.05,1.41
2021-12-20,137.27182006835938,0.0,22.8700008392334,0.07,1.43
2021-12-21,139.1890106201172,0.0,21.010000228881836,0.07,1.48
2021-12-22,139.7329559326172,0.0,18.6299991607666,0.08,1.46
2021-12-23,140.23233032226562,0.0,17.959999084472656,0.08,1.5
2021-12-27,141.03488159179688,0.0,17.68000030517578,0.06,1.48
2021-12-28,141.46292114257812,0.0,17.540000915527344,0.06,1.49
2021-12-29,141.39154052734375,0.0,16.950000762939453,0.05,1.55
2021-12-30,141.32020568847656,0.0,17.329999923706055,0.05,1.52
2021-12-31,141.2042999267578,0.0,17.219999313354492,0.06,1.52
2022-01-03,144.19155883789062,0.0,16.600000381469727,0.09,1.63
2022-01-04,149.6578369140625,0.0,16.90999984741211,0.08,1.66
2022-01-05,146.92178344726562,1.0,19.729999542236328,0.09,1.71
2022-01-06,148.48265075683594,0.0,19.610000610351562,0.1,1.73
2022-01-07,149.95387268066406,0.0,18.760000228881836,0.1,1.76
2022-01-10,150.097412109375,0.0,19.399999618530273,0.13,1.78
2022-01-11,150.24989318847656,0.0,18.40999984741211,0.12,1.75
2022-01-12,151.1021270751953,0.0,17.6200008392334,0.12,1.74
2022-01-13,150.9136962890625,0.0,20.309999465942383,0.12,1.7
2022-01-14,141.6380615234375,0.0,19.190000534057617,0.13,1.78
2022-01-18,135.69943237304688,0.0,22.790000915527344,0.17,1.87
2022-01-19,133.60032653808594,0.0,23.850000381469727,0.17,1.83
2022-01-20,132.4610595703125,0.0,25.59000015258789,0.18,1.83
2022-01-21,130.14662170410156,0.0,28.850000381469727,0.17,1.75
2022-01-24,130.02996826171875,0.0,29.899999618530273,0.2,1.75
2022-01-25,131.4473419189453,0.0,31.15999984741211,0.2,1.78
2022-01-26,132.6942901611328,0.0,31.959999084472656,0.19,1.85
2022-01-27,130.35293579101562,0.0,30.489999771118164,0.2,1.81
2022-01-28,131.51910400390625,0.0,27.65999984741211,0.19,1.78
2022-01-31,133.30429077148438,0.0,24.829999923706055,0.24,1.79
2022-02-01,135.59181213378906,0.0,21.959999084472656,0.2,1.81
2022-02-02,134.50636291503906,0.0,22.09000015258789,0.2,1.78
2022-02-03,133.39402770996094,0.0,24.350000381469727,0.21,1.82
2022-02-04,136.85665893554688,0.0,23.219999313354492,0.23,1.93
2022-02-07,137.31417846679688,0.0,22.860000610351562,0.28,1.92
2022-02-08,139.89773559570312,0.0,21.440000534057617,0.27,1.96
2022-02-09,140.48081970214844,0.0,19.959999084472656,0.27,1.94
2022-02-10,139.89773559570312,0.0,23.90999984741211,0.41,2.03
2022-02-11,138.07669067382812,0.0,27.360000610351562,0.37,1.92
2022-02-14,136.79391479492188,0.0,28.329999923706055,0.45,1.98
2022-02-15,138.79434204101562,0.0,25.700000762939453,0.41,2.05
2022-02-16,139.04556274414062,0.0,24.290000915527344,0.39,2.03
2022-02-17,135.84298706054688,0.0,28.110000610351562,0.37,1.97
2022-02-18,136.4799346923828,0.0,27.75,0.35,1.92
2022-02-22,136.23770141601562,0.0,28.809999465942383,0.39,1.94
2022-02-23,133.3850555419922,0.0,31.020000457763672,0.36,1.99
2022-02-24,129.67117309570312,0.0,30.31999969482422,0.33,1.96
2022-02-25,132.7391815185547,0.0,27.59000015258789,0.33,1.97
2022-02-28,127.20423889160156,0.0,30.149999618530273,0.37,1.83
2022-03-01,122.40489196777344,0.0,33.31999969482422,0.32,1.72
2022-03-02,124.94361114501953,0.0,30.739999771118164,0.33,1.86
2022-03-03,124.05549621582031,0.0,30.479999542236328,0.37,1.86
2022-03-04,120.56590270996094,0.0,31.979999542236328,0.33,1.74
2022-03-07,115.91016387939453,0.0,36.45000076293945,0.38,1.78
2022-03-08,115.09380340576172,0.0,35.130001068115234,0.36,1.86
2022-03-09,119.70475006103516,0.0,32.45000076293945,0.38,1.94
2022-03-10,118.28738403320312,0.0,30.229999542236328,0.38,1.98
2022-03-11,115.62309265136719,0.0,30.75,0.39,2.0
2022-03-14,116.77131652832031,0.0,31.770000457763672,0.45,2.14
2022-03-15,118.84355163574219,0.0,29.829999923706055,0.46,2.15
2022-03-16,124.15419006347656,0.0,26.670000076293945,0.43,2.19
2022-03-17,125.72405242919922,0.0,25.670000076293945,0.4,2.2
2022-03-18,125.67921447753906,0.0,23.8700008392334,0.41,2.14
2022-03-21,125.27552795410156,0.0,23.530000686645508,0.55,2.32
2022-03-22,127.93982696533203,0.0,22.940000534057617,0.51,2.38
2022-03-23,125.39212036132812,0.0,23.56999969482422,0.5,2.32
2022-03-24,126.20848083496094,0.0,21.670000076293945,0.5,2.34
2022-03-25,127.31190490722656,0.0,20.809999465942383,0.53,2.48
2022-03-28,126.36996459960938,0.0,19.6299991607666,0.6,2.46
2022-03-29,126.6480712890625,0.0,18.899999618530273,0.56,2.41
2022-03-30,126.07392120361328,0.0,19.329999923706055,0.55,2.35
2022-03-31,122.28829193115234,0.0,20.559999465942383,0.51,2.32
2022-04-01,121.38224029541016,0.0,19.6299991607666,0.52,2.39
2022-04-04,121.92049407958984,0.0,18.56999969482422,0.67,2.42
2022-04-05,120.50164794921875,1.0,21.030000686645508,0.65,2.54
2022-04-06,118.82978820800781,0.0,22.100000381469727,0.67,2.61
2022-04-07,118.46829986572266,0.0,21.549999237060547,0.68,2.66
2022-04-08,120.63722229003906,0.0,21.15999984741211,0.69,2.72
2022-04-11,120.19441223144531,0.0,24.3700008392334,0.78,2.79
2022-04-12,118.87498474121094,0.0,24.260000228881836,0.74,2.72
2022-04-13,115.043212890625,0.0,21.81999969482422,0.75,2.7
2022-04-14,113.9768295288086,0.0,22.700000762939453,0.78,2.83
2022-04-18,116.09153747558594,0.0,22.170000076293945,0.82,2.85
2022-04-19,118.49542236328125,0.0,21.3700008392334,0.82,2.93
2022-04-20,118.9111328125,0.0,20.31999969482422,0.82,2.85
2022-04-21,117.98932647705078,0.0,22.68000030517578,0.82,2.9
2022-04-22,114.60039520263672,0.0,28.209999084472656,0.82,2.9
2022-04-25,114.56423950195312,0.0,27.020000457763672,0.93,2.81
2022-04-26,111.17529296875,0.0,33.52000045776367,0.84,2.77
2022-04-27,109.7293472290039,0.0,31.600000381469727,0.82,2.82
2022-04-28,111.46448516845703,0.0,29.989999771118164,0.81,2.85
2022-04-29,107.8676986694336,0.0,33.400001525878906,0.83,2.89
2022-05-02,108.85274505615234,0.0,32.34000015258789,0.9,2.99
2022-05-03,111.18434143066406,0.0,29.25,0.9,2.97
2022-05-04,114.86246490478516,0.0,25.420000076293945,0.88,2.93
2022-05-05,111.98863983154297,0.0,31.200000762939453,0.84,3.05
2022-05-06,111.80790710449219,0.0,30.190000534057617,0.84,3.12
2022-05-09,110.12699890136719,0.0,34.75,0.92,3.05
2022-05-10,107.44293212890625,0.0,32.9900016784668,0.89,2.99
2022-05-11,106.7651596069336,0.0,32.560001373291016,0.9,2.91
2022-05-12,106.6748046875,0.0,31.770000457763672,0.95,2.84
2022-05-13,107.62368774414062,0.0,28.8700008392334,1.01,2.93
2022-05-16,106.87361907958984,0.0,27.469999313354492,1.07,2.88
2022-05-17,110.41618347167969,0.0,26.100000381469727,1.06,2.98
2022-05-18,108.52741241455078,0.0,30.959999084472656,1.02,2.89
2022-05-19,106.9188003540039,0.0,29.350000381469727,1.04,2.84
2022-05-20,106.04219055175781,0.0,29.43000030517578,1.01,2.78
2022-05-23,112.6031723022461,0.0,28.479999542236328,1.07,2.86
2022-05-24,114.1937255859375,0.0,29.450000762939453,1.05,2.76
2022-05-25,114.98899841308594,0.0,28.3700008392334,1.05,2.75
2022-05-26,116.9771728515625,0.0,27.5,1.06,2.75
2022-05-27,118.63096618652344,0.0,25.719999313354492,1.06,2.74
2022-05-31,119.49852752685547,0.0,26.190000534057617,1.13,2.85
2022-06-01,117.40190124511719,0.0,25.690000534057617,1.12,2.94
2022-06-02,119.29068756103516,0.0,24.719999313354492,1.13,2.92
2022-06-03,117.62784576416016,0.0,24.790000915527344,1.17,2.96
2022-06-06,117.2392349243164,0.0,25.06999969482422,1.23,3.04
2022-06-07,117.54652404785156,0.0,24.020000457763672,1.24,2.98
2022-06-08,115.67581176757812,0.0,23.959999084472656,1.25,3.03
2022-06-09,113.24481964111328,0.0,26.09000015258789,1.26,3.04
2022-06-10,108.0394058227539,0.0,27.75,1.34,3.15
2022-06-13,104.8221664428711,0.0,34.02000045776367,1.69,3.43
2022-06-14,103.0780029296875,0.0,32.689998626708984,1.78,3.49
2022-06-15,104.29801940917969,0.0,29.6200008392334,1.69,3.33
2022-06-16,102.5086669921875,0.0,32.95000076293945,1.54,3.28
2022-06-17,102.14717102050781,0.0,31.1299991607666,1.58,3.25
2022-06-21,104.67758178710938,0.0,30.190000534057617,1.66,3.31
2022-06-22,104.09014892578125,0.0,28.950000762939453,1.57,3.16
2022-06-23,102.95148468017578,0.0,29.049999237060547,1.59,3.09
2022-06-24,106.02412414550781,0.0,27.229999542236328,1.66,3.13
2022-06-27,105.17461395263672,0.0,26.950000762939453,1.75,3.2
2022-06-28,104.66853332519531,0.0,28.360000610351562,1.75,3.2
2022-06-29,104.1986083984375,0.0,28.15999984741211,1.73,3.1
2022-06-30,101.76760864257812,0.0,28.709999084472656,1.66,2.98
2022-07-01,103.0689697265625,0.0,26.700000762939453,1.66,2.88
2022-07-05,102.67691802978516,1.0,27.540000915527344,1.86,2.82
2022-07-06,102.01138305664062,0.0,26.729999542236328,1.85,2.93
2022-07-07,104.59151458740234,0.0,26.079999923706055,1.89,3.01
2022-07-08,104.2633056640625,0.0,24.639999389648438,1.91,3.09
2022-07-11,102.89574432373047,0.0,26.170000076293945,2.13,2.99
2022-07-12,102.99603271484375,0.0,27.290000915527344,2.16,2.96
2022-07-13,102.02960968017578,0.0,26.81999969482422,2.33,2.91
2022-07-14,98.4648208618164,0.0,26.399999618530273,2.33,2.96
2022-07-15,102.97777557373047,0.0,24.229999542236328,2.29,2.93
2022-07-18,101.92020416259766,0.0,25.299999237060547,2.44,2.96
2022-07-19,104.44564056396484,0.0,24.5,2.46,3.01
2022-07-20,104.4273910522461,0.0,23.8799991607666,2.44,3.04
2022-07-21,105.1385498046875,0.0,23.110000610351562,2.4,2.91
2022-07-22,104.62798309326172,0.0,23.030000686645508,2.41,2.77
2022-07-25,105.04736328125,0.0,23.360000610351562,2.55,2.81
2022-07-26,103.40629577636719,0.0,24.690000534057617,2.48,2.81
2022-07-27,105.06559753417969,0.0,23.239999771118164,2.37,2.78
2022-07-28,104.673583984375,0.0,22.329999923706055,2.35,2.68
2022-07-29,105.1750259399414,0.0,21.329999923706055,2.34,2.67
2022-08-01,104.12654113769531,0.0,22.84000015258789,2.48,2.6
2022-08-02,102.50370025634766,0.0,23.93000030517578,2.48,2.75
2022-08-03,103.57950592041016,0.0,21.950000762939453,2.44,2.73
2022-08-04,102.43988037109375,0.0,21.440000534057617,2.41,2.68
2022-08-05,105.5396957397461,0.0,21.149999618530273,2.48,2.83
2022-08-08,104.25421142578125,0.0,21.290000915527344,2.57,2.77
2022-08-09,105.19325256347656,0.0,21.770000457763672,2.58,2.8
2022-08-10,107.9375,0.0,19.739999771118164,2.56,2.78
2022-08-11,109.53300476074219,0.0,20.200000762939453,2.52,2.87
2022-08-12,111.34728240966797,0.0,19.530000686645508,2.53,2.84
2022-08-15,111.64816284179688,0.0,19.950000762939453,2.63,2.79
2022-08-16,112.7148666381836,0.0,19.690000534057617,2.61,2.82
2022-08-17,111.76667785644531,0.0,19.899999618530273,2.59,2.89
2022-08-18,110.90054321289062,0.0,19.559999465942383,2.61,2.88
2022-08-19,108.15630340576172,0.0,20.600000381469727,2.64,2.98
2022-08-22,106.36934661865234,0.0,23.799999237060547,2.74,3.03
2022-08-23,105.32088470458984,0.0,24.110000610351562,2.71,3.05
2022-08-24,105.576171875,0.0,22.81999969482422,2.73,3.11
2022-08-25,108.0833740234375,0.0,21.780000686645508,2.78,3.03
2022-08-26,104.5459213256836,0.0,25.559999465942383,2.78,3.04
2022-08-29,104.2906494140625,0.0,26.209999084472656,2.89,3.12
2022-08-30,104.30888366699219,0.0,26.209999084472656,2.88,3.11
2022-08-31,103.68891143798828,0.0,25.8700008392334,2.87,3.15
2022-09-01,104.4000473022461,0.0,25.559999465942383,2.88,3.26
2022-09-02,103.67068481445312,0.0,25.469999313354492,2.85,3.2
2022-09-06,103.69803619384766,0.0,26.90999984741211,2.96,3.33
2022-09-07,105.66734313964844,0.0,24.639999389648438,2.98,3.27
2022-09-08,108.12895202636719,0.0,23.610000610351562,2.97,3.29
2022-09-09,108.64862823486328,0.0,22.790000915527344,2.98,3.33
2022-09-12,109.93413543701172,0.0,23.8700008392334,3.09,3.37
2022-09-13,106.11406707763672,0.0,27.270000457763672,3.19,3.42
2022-09-14,105.86790466308594,0.0,26.15999984741211,3.14,3.41
2022-09-15,107.46340942382812,0.0,26.270000457763672,3.12,3.45
2022-09-16,106.74315643310547,0.0,26.299999237060547,3.1,3.45
2022-09-19,107.72779846191406,0.0,25.760000228881836,3.29,3.49
2022-09-20,105.60352325439453,0.0,27.15999984741211,3.26,3.57
2022-09-21,102.55840301513672,0.0,27.989999771118164,3.21,3.51
2022-09-22,101.39139556884766,0.0,27.350000381469727,3.19,3.7
2022-09-23,99.5041732788086,0.0,29.920000076293945,3.12,3.69
2022-09-26,97.36163330078125,0.0,32.2599983215332,3.3,3.88
2022-09-27,96.50462341308594,0.0,32.599998474121094,3.26,3.97
2022-09-28,98.45569610595703,0.0,30.18000030517578,3.29,3.72
2022-09-29,96.78726959228516,0.0,31.84000015258789,3.26,3.76
2022-09-30,95.27381896972656,0.0,31.6200008392334,3.22,3.83
2022-10-03,98.21864318847656,0.0,30.100000381469727,3.34,3.67
2022-10-04,102.81368255615234,0.0,29.06999969482422,3.32,3.62
2022-10-05,101.54426574707031,1.0,28.549999237060547,3.33,3.76
2022-10-06,99.47455596923828,0.0,30.520000457763672,3.32,3.83
2022-10-07,97.4876480102539,0.0,31.360000610351562,3.31,3.89
2022-10-10,96.57698059082031,0.0,32.45000076293945,,
2022-10-11,93.78977966308594,0.0,33.630001068115234,3.53,3.93
2022-10-12,95.30755615234375,0.0,33.56999969482422,3.56,3.91
2022-10-13,100.6059799194336,0.0,31.940000534057617,3.64,3.97
2022-10-14,102.28016662597656,0.0,32.02000045776367,3.65,4.0
2022-10-17,106.57594299316406,0.0,31.3700008392334,3.82,4.02
2022-10-18,109.31715393066406,0.0,30.5,3.89,4.01
2022-10-19,107.1738510131836,0.0,30.760000228881836,3.91,4.14
2022-10-20,106.8243179321289,0.0,29.979999542236328,3.91,4.24
2022-10-21,112.43550109863281,0.0,29.690000534057617,3.9,4.21
2022-10-24,112.573486328125,0.0,29.850000381469727,4.0,4.25
2022-10-25,112.86783599853516,0.0,28.459999084472656,3.97,4.1
2022-10-26,114.16484832763672,0.0,27.280000686645508,3.94,4.04
2022-10-27,114.61559295654297,0.0,27.389999389648438,3.95,3.96
2022-10-28,115.97699737548828,0.0,25.75,3.99,4.02
2022-10-31,115.79300689697266,0.0,25.8799991607666,4.06,4.1
2022-11-01,117.88111877441406,0.0,25.809999465942383,4.06,4.07
2022-11-02,116.79568481445312,0.0,25.860000610351562,4.04,4.1
2022-11-03,117.00725555419922,0.0,25.299999237060547,4.06,4.14
2022-11-04,120.20836639404297,0.0,24.549999237060547,4.02,4.17
2022-11-07,120.8431167602539,0.0,24.350000381469727,4.12,4.22
2022-11-08,120.91668701171875,0.0,25.540000915527344,4.1,4.14
2022-11-09,119.34371948242188,0.0,26.09000015258789,4.11,4.12
2022-11-10,124.25580596923828,0.0,23.530000686645508,4.09,3.82
2022-11-11,124.45821380615234,0.0,22.520000457763672,,
2022-11-14,123.17955780029297,0.0,23.729999542236328,4.16,3.88
2022-11-15,122.28728485107422,0.0,24.540000915527344,4.14,3.8
2022-11-16,122.4528579711914,0.0,24.110000610351562,4.14,3.67
2022-11-17,121.91934204101562,0.0,23.93000030517578,4.13,3.77
2022-11-18,123.11517333984375,0.0,23.1200008392334,4.15,3.82
2022-11-21,122.38848114013672,0.0,22.360000610351562,4.23,3.83
2022-11-22,124.21902465820312,0.0,21.290000915527344,4.21,3.76
2022-11-23,125.54364013671875,0.0,20.350000381469727,4.21,3.71
2022-11-25,125.78279876708984,0.0,20.5,4.22,3.68
2022-11-28,123.5843276977539,0.0,22.209999084472656,4.3,3.69
2022-11-29,125.61723327636719,0.0,21.889999389648438,4.27,3.75
2022-11-30,127.10740661621094,0.0,20.579999923706055,4.27,3.68
2022-12-01,125.32286834716797,0.0,19.84000015258789,4.22,3.53
2022-12-02,124.32939147949219,0.0,19.059999465942383,4.22,3.51
2022-12-05,120.8431167602539,0.0,20.75,4.27,3.6
2022-12-06,121.04549407958984,0.0,22.170000076293945,4.27,3.51
2022-12-07,120.96266174316406,0.0,22.68000030517578,4.2,3.42
2022-12-08,122.23208618164062,0.0,22.290000915527344,4.17,3.48
2022-12-09,121.56979370117188,0.0,22.829999923706055,4.19,3.57
2022-12-12,123.45553588867188,0.0,25.0,4.29,3.61
2022-12-13,123.33592987060547,0.0,22.549999237060547,4.26,3.51
2022-12-14,122.7196273803711,0.0,21.139999389648438,4.23,3.49
2022-12-15,119.67488861083984,0.0,22.829999923706055,4.22,3.44
2022-12-16,118.92975616455078,0.0,22.6200008392334,4.2,3.48
2022-12-19,119.63806915283203,0.0,22.420000076293945,4.28,3.57
2022-12-20,120.21761322021484,0.0,21.479999542236328,4.25,3.69
2022-12-21,121.56979370117188,0.0,20.06999969482422,4.22,3.68
2022-12-22,120.18997955322266,0.0,21.969999313354492,4.24,3.67
2022-12-23,120.76029205322266,0.0,20.8700008392334,4.23,3.75
2022-12-27,121.1834716796875,0.0,21.649999618530273,4.35,3.84
2022-12-28,121.84576416015625,0.0,22.139999389648438,4.35,3.88
2022-12-29,122.54486083984375,0.0,21.440000534057617,4.34,3.83
2022-12-30,123.3543701171875,0.0,21.670000076293945,4.3,3.88
2023-01-03,124.29261779785156,0.0,22.899999618530273,4.4,3.79
2023-01-04,125.45164489746094,0.0,22.010000228881836,4.41,3.69
2023-01-05,125.42385864257812,1.0,22.459999084472656,4.51,3.71
2023-01-06,127.82389068603516,0.0,21.1299991607666,4.51,3.55
2023-01-09,127.29571533203125,0.0,21.969999313354492,4.55,3.53
2023-01-10,128.43548583984375,0.0,20.579999923706055,4.57,3.61
2023-01-11,129.38995361328125,0.0,21.09000015258789,4.57,3.54
2023-01-12,129.26022338867188,0.0,18.829999923706055,4.5,3.43
2023-01-13,132.5220489501953,0.0,18.350000381469727,4.51,3.49
2023-01-17,130.47415161132812,0.0,19.360000610351562,4.56,3.53
2023-01-18,126.55439758300781,0.0,20.34000015258789,4.54,3.37
2023-01-19,124.86783599853516,0.0,20.520000457763672,4.55,3.39
2023-01-20,125.17363739013672,0.0,19.850000381469727,4.57,3.48
2023-01-23,127.2030258178711,0.0,19.809999465942383,4.58,3.52
2023-01-24,128.29649353027344,0.0,19.200000762939453,4.57,3.46
2023-01-25,128.91737365722656,0.0,19.079999923706055,4.56,3.46
2023-01-26,129.7142791748047,0.0,18.729999542236328,4.55,3.49
2023-01-27,130.02938842773438,0.0,18.510000228881836,4.57,3.52
2023-01-30,128.92665100097656,0.0,19.940000534057617,4.59,3.55
2023-01-31,129.6957550048828,0.0,19.399999618530273,4.58,3.52
2023-02-01,129.35287475585938,0.0,17.8700008392334,4.54,3.39
2023-02-02,128.75057983398438,0.0,18.729999542236328,4.53,3.4
2023-02-03,130.74288940429688,0.0,18.329999923706055,4.57,3.53
2023-02-06,131.5120086669922,0.0,19.43000030517578,4.59,3.63
2023-02-07,133.11514282226562,0.0,18.65999984741211,4.59,3.67
2023-02-08,132.17921447753906,0.0,19.6299991607666,4.59,3.63
2023-02-09,130.1220245361328,0.0,20.709999084472656,4.64,3.67
2023-02-10,130.69654846191406,0.0,20.530000686645508,4.66,3.74
2023-02-13,132.11431884765625,0.0,20.34000015258789,4.68,3.72
2023-02-14,132.6981658935547,0.0,18.90999984741211,4.67,3.77
2023-02-15,133.254150390625,0.0,18.229999542236328,4.66,3.81
2023-02-16,131.4193572998047,0.0,20.170000076293945,4.7,3.86
2023-02-17,131.80857849121094,0.0,20.020000457763672,4.7,3.82
2023-02-21,129.38995361328125,0.0,22.8700008392334,4.72,3.95
2023-02-22,128.39845275878906,0.0,22.290000915527344,4.71,3.93
2023-02-23,129.42701721191406,0.0,21.139999389648438,4.71,3.88
2023-02-24,130.5946044921875,0.0,21.670000076293945,4.72,3.95
2023-02-27,131.73443603515625,0.0,20.950000762939453,4.74,3.92
2023-02-28,132.837158203125,0.0,20.700000762939453,4.72,3.92
2023-03-01,132.09580993652344,0.0,20.579999923706055,4.73,4.01
2023-03-02,130.724365234375,0.0,19.59000015258789,4.74,4.08
2023-03-03,133.12440490722656,0.0,18.489999771118164,4.74,3.97
2023-03-06,132.3459930419922,0.0,18.610000610351562,4.76,3.98
2023-03-07,128.45401000976562,0.0,19.59000015258789,4.87,3.97
2023-03-08,127.69416809082031,0.0,19.110000610351562,4.89,3.98
2023-03-09,120.78125,0.0,22.610000610351562,4.87,3.93
2023-03-10,123.84851837158203,0.0,24.799999237060547,4.83,3.7
2023-03-13,121.62452697753906,0.0,26.520000457763672,4.7,3.55
2023-03-14,124.74736022949219,0.0,23.729999542236328,4.71,3.64
2023-03-15,118.85379028320312,0.0,26.139999389648438,4.59,3.51
2023-03-16,121.16117858886719,0.0,22.989999771118164,4.57,3.56
2023-03-17,116.58348846435547,0.0,25.510000228881836,4.36,3.39
2023-03-20,117.81595611572266,0.0,24.149999618530273,4.65,3.47
2023-03-21,120.97586059570312,0.0,21.3799991607666,4.62,3.59
2023-03-22,117.8530044555664,0.0,22.260000228881836,4.63,3.48
2023-03-23,117.5379409790039,0.0,22.610000610351562,4.57,3.38
2023-03-24,115.74947357177734,0.0,21.739999771118164,4.57,3.38
2023-03-27,119.06694030761719,0.0,20.600000381469727,4.75,3.53
2023-03-28,119.42833709716797,0.0,19.969999313354492,4.64,3.55
2023-03-29,119.66926574707031,0.0,19.1200008392334,4.64,3.57
2023-03-30,119.30786895751953,0.0,19.020000457763672,4.8,3.55
2023-03-31,120.75345611572266,0.0,18.700000762939453,4.68,3.48
2023-04-03,120.61447143554688,0.0,18.549999237060547,4.77,3.43
2023-04-04,119.00206756591797,0.0,19.0,4.74,3.35
2023-04-05,119.17951965332031,1.0,19.079999923706055,4.72,3.3
2023-04-06,119.04875946044922,0.0,18.399999618530273,4.77,3.3
2023-04-10,119.4410171508789,0.0,18.969999313354492,4.94,3.41
2023-04-11,120.02938079833984,0.0,19.100000381469727,4.89,3.43
2023-04-12,120.0107192993164,0.0,19.09000015258789,4.87,3.41
2023-04-13,120.46834564208984,0.0,17.799999237060547,4.95,3.45
2023-04-14,129.56488037109375,0.0,17.06999969482422,4.98,3.52
2023-04-17,130.5922088623047,0.0,16.950000762939453,5.06,3.6
2023-04-18,132.05845642089844,0.0,16.829999923706055,5.04,3.58
2023-04-19,131.890380859375,0.0,16.459999084472656,5.01,3.6
2023-04-20,131.5074462890625,0.0,17.170000076293945,4.97,3.54
2023-04-21,131.25531005859375,0.0,16.770000457763672,4.98,3.57
2023-04-24,131.43272399902344,0.0,16.889999389648438,5.04,3.52
2023-04-25,128.57492065429688,0.0,18.760000228881836,4.97,3.4
2023-04-26,126.29608154296875,0.0,18.84000015258789,5.0,3.43
2023-04-27,127.99586486816406,0.0,17.030000686645508,5.03,3.53
2023-04-28,129.1072540283203,0.0,15.779999732971191,4.95,3.44
2023-05-01,131.87168884277344,0.0,16.079999923706055,5.1,3.59
2023-05-02,129.74232482910156,0.0,17.780000686645508,5.08,3.44
2023-05-03,126.99656677246094,0.0,18.34000015258789,5.09,3.38
2023-05-04,125.25941467285156,0.0,20.09000015258789,5.1,3.37
2023-05-05,127.70635986328125,0.0,17.190000534057617,5.1,3.44
2023-05-08,128.01454162597656,0.0,16.979999542236328,5.15,3.52
2023-05-09,127.39813995361328,0.0,17.709999084472656,5.13,3.53
2023-05-10,127.46350860595703,0.0,16.940000534057617,5.08,3.43
2023-05-11,127.06194305419922,0.0,16.93000030517578,5.04,3.39
2023-05-12,125.24076843261719,0.0,17.030000686645508,5.08,3.46
2023-05-15,126.29608154296875,0.0,17.1200008392334,5.06,3.5
2023-05-16,125.44625091552734,0.0,17.989999771118164,5.07,3.54
2023-05-17,129.3033905029297,0.0,16.8700008392334,5.1,3.57
2023-05-18,130.28399658203125,0.0,16.049999237060547,5.14,3.65
2023-05-19,129.98512268066406,0.0,16.809999465942383,5.12,3.7
2023-05-22,128.91111755371094,0.0,17.209999084472656,5.24,3.72
2023-05-23,127.56623840332031,0.0,18.530000686645508,5.18,3.7
2023-05-24,126.39883422851562,0.0,20.030000686645508,5.21,3.73
2023-05-25,126.70702362060547,0.0,19.139999389648438,5.21,3.83
2023-05-26,127.89311981201172,0.0,17.950000762939453,5.16,3.8
2023-05-30,128.37876892089844,0.0,17.459999084472656,5.28,3.69
2023-05-31,126.74439239501953,0.0,17.940000534057617,5.26,3.64
2023-06-01,128.49082946777344,0.0,15.649999618530273,5.24,3.61
2023-06-02,131.18994140625,0.0,14.600000381469727,5.23,3.69
2023-06-05,129.9010772705078,0.0,14.729999542236328,5.2,3.69
2023-06-06,130.13455200195312,0.0,13.960000038146973,5.18,3.7
2023-06-07,131.39540100097656,0.0,13.9399995803833,5.16,3.79
2023-06-08,131.43272399902344,0.0,13.649999618530273,5.12,3.73
2023-06-09,131.69422912597656,0.0,13.829999923706055,5.11,3.75
2023-06-12,131.6849365234375,0.0,15.010000228881836,5.14,3.73
2023-06-13,132.63754272460938,0.0,14.609999656677246,5.11,3.84
2023-06-14,132.14256286621094,0.0,13.880000114440918,5.1,3.83
2023-06-15,133.6368408203125,0.0,14.5,5.07,3.72
2023-06-16,133.7956085205078,0.0,13.539999961853027,5.09,3.77
2023-06-20,133.1138153076172,0.0,13.880000114440918,5.14,3.74
2023-06-21,132.917724609375,0.0,13.199999809265137,5.15,3.72
2023-06-22,130.3587188720703,0.0,12.90999984741211,5.15,3.8
2023-06-23,129.67694091796875,0.0,13.4399995803833,5.15,3.74
2023-06-26,129.99447631835938,0.0,14.25,5.24,3.72
2023-06-27,130.00381469726562,0.0,13.739999771118164,5.19,3.77
2023-06-28,129.43414306640625,0.0,13.430000305175781,5.18,3.71
2023-06-29,133.954345703125,0.0,13.539999961853027,5.2,3.85
2023-06-30,135.83160400390625,0.0,13.59000015258789,5.17,3.81
2023-07-03,136.92430114746094,0.0,13.569999694824219,5.21,3.86
2023-07-05,136.01214599609375,1.0,14.180000305175781,5.21,3.95
2023-07-06,134.66746520996094,0.0,15.4399995803833,5.23,4.05
2023-07-07,135.7300262451172,0.0,14.829999923706055,5.22,4.06
2023-07-10,136.49169921875,0.0,15.069999694824219,5.25,4.01
2023-07-11,138.6262969970703,0.0,14.84000015258789,5.25,3.99
2023-07-12,139.31275939941406,0.0,13.539999961853027,5.24,3.86
2023-07-13,139.9898223876953,0.0,13.609999656677246,5.24,3.76
2023-07-14,140.8361358642578,0.0,13.34000015258789,5.25,3.83
2023-07-17,144.2307891845703,0.0,13.479999542236328,5.26,3.81
2023-07-18,144.4940948486328,0.0,13.300000190734863,5.25,3.8
2023-07-19,145.04888916015625,0.0,13.760000228881836,5.26,3.75
2023-07-20,146.83555603027344,0.0,13.989999771118164,5.26,3.85
2023-07-21,145.70712280273438,0.0,13.600000381469727,5.27,3.84
2023-07-24,148.5752410888672,0.0,13.90999984741211,5.28,3.86
2023-07-25,147.46560668945312,0.0,13.859999656677246,5.28,3.91
2023-07-26,148.34951782226562,0.0,13.1899995803833,5.28,3.86
2023-07-27,146.7133331298828,0.0,14.40999984741211,5.28,4.01
2023-07-28,147.55023193359375,0.0,13.329999923706055,5.28,3.96
2023-07-31,148.53758239746094,0.0,13.630000114440918,5.28,3.97
2023-08-01,147.80413818359375,0.0,13.930000305175781,5.27,4.05
2023-08-02,146.13031005859375,0.0,16.09000015258789,5.27,4.08
2023-08-03,147.02365112304688,0.0,15.920000076293945,5.27,4.2
2023-08-04,146.7133331298828,0.0,17.100000381469727,5.28,4.05
2023-08-07,147.40916442871094,0.0,15.770000457763672,5.29,4.09
2023-08-08,146.5816650390625,0.0,15.989999771118164,5.3,4.02
2023-08-09,144.6163330078125,0.0,15.960000038146973,5.28,4.0
2023-08-10,144.4000701904297,0.0,15.850000381469727,5.28,4.09
2023-08-11,145.2369842529297,0.0,14.84000015258789,5.28,4.16
2023-08-14,145.5378875732422,0.0,14.819999694824219,5.29,4.19
2023-08-15,141.8328857421875,0.0,16.459999084472656,5.29,4.21
2023-08-16,141.23109436035156,0.0,16.780000686645508,5.29,4.28
2023-08-17,139.76416015625,0.0,17.889999389648438,5.29,4.3
2023-08-18,140.08384704589844,0.0,17.299999237060547,5.28,4.26
2023-08-21,140.56341552734375,0.0,17.1299991607666,5.3,4.34
2023-08-22,137.64834594726562,0.0,16.969999313354492,5.3,4.34
2023-08-23,138.5792694091797,0.0,15.979999542236328,5.3,4.19
2023-08-24,138.44764709472656,0.0,17.200000762939453,5.31,4.23
2023-08-25,138.2783660888672,0.0,15.680000305175781,5.34,4.25
2023-08-28,138.75794982910156,0.0,15.079999923706055,5.34,4.2
2023-08-29,139.88636779785156,0.0,14.449999809265137,5.33,4.12
2023-08-30,139.32217407226562,0.0,13.880000114440918,5.32,4.12
2023-08-31,137.60130310058594,0.0,13.569999694824219,5.32,4.09
2023-09-01,138.06211853027344,0.0,13.09000015258789,5.3,4.18
2023-09-05,136.53872680664062,0.0,14.010000228881836,5.32,4.27
2023-09-06,136.3130645751953,0.0,14.449999809265137,5.31,4.3
2023-09-07,135.14700317382812,0.0,14.399999618530273,5.3,4.27
2023-09-08,135.25045776367188,0.0,13.84000015258789,5.31,4.26
2023-09-11,135.84288024902344,0.0,13.800000190734863,5.32,4.29
2023-09-12,137.61073303222656,0.0,14.229999542236328,5.32,4.27
2023-09-13,137.67657470703125,0.0,13.479999542236328,5.31,4.25
2023-09-14,140.34716796875,0.0,12.819999694824219,5.31,4.29
2023-09-15,139.93341064453125,0.0,13.789999961853027,5.32,4.33
2023-09-18,140.22491455078125,0.0,14.0,5.31,4.32
2023-09-19,140.04623413085938,0.0,14.109999656677246,5.31,4.37
2023-09-20,139.453857421875,0.0,15.140000343322754,5.33,4.35
2023-09-21,138.36300659179688,0.0,17.540000915527344,5.33,4.49
2023-09-22,137.03707885742188,0.0,17.200000762939453,5.32,4.44
2023-09-25,137.71417236328125,0.0,16.899999618530273,5.35,4.55
2023-09-26,136.2848358154297,0.0,18.940000534057617,5.34,4.56
2023-09-27,137.08413696289062,0.0,18.219999313354492,5.34,4.61
2023-09-28,138.78616333007812,0.0,17.34000015258789,5.32,4.59
2023-09-29,136.36949157714844,0.0,17.520000457763672,5.32,4.59
2023-10-02,135.19406127929688,0.0,17.610000610351562,5.35,4.69
2023-10-03,134.19725036621094,0.0,19.780000686645508,5.35,4.81
2023-10-04,134.79908752441406,0.0,18.579999923706055,5.34,4.73
2023-10-05,135.36746215820312,1.05,18.489999771118164,5.34,4.72
2023-10-06,137.4514923095703,0.0,17.450000762939453,5.36,4.78
2023-10-09,137.13890075683594,0.0,17.700000762939453,,
2023-10-10,137.97250366210938,0.0,17.030000686645508,5.34,4.66
2023-10-11,138.44613647460938,0.0,16.09000015258789,5.34,4.58
2023-10-12,138.1240997314453,0.0,16.690000534057617,5.35,4.7
2023-10-13,140.19863891601562,0.0,19.31999969482422,5.35,4.63
2023-10-16,140.05654907226562,0.0,17.209999084472656,5.34,4.71
2023-10-17,139.75340270996094,0.0,17.8799991607666,5.35,4.83
2023-10-18,138.21881103515625,0.0,19.219999313354492,5.34,4.91
2023-10-19,137.63148498535156,0.0,21.399999618530273,5.33,4.98
2023-10-20,135.41482543945312,0.0,21.709999084472656,5.31,4.93
2023-10-23,133.567626953125,0.0,20.3700008392334,5.32,4.86
2023-10-24,133.72865295410156,0.0,18.969999313354492,5.31,4.83
2023-10-25,132.99923706054688,0.0,20.190000534057617,5.32,4.95
2023-10-26,133.3402557373047,0.0,20.68000030517578,5.32,4.86
2023-10-27,128.5375213623047,0.0,21.270000457763672,5.32,4.84
2023-10-30,130.17633056640625,0.0,19.75,5.33,4.88
2023-10-31,131.7298583984375,0.0,18.139999389648438,5.33,4.88
2023-11-01,131.61622619628906,0.0,16.8700008392334,5.31,4.77
2023-11-02,133.96548461914062,0.0,15.65999984741211,5.28,4.67
2023-11-03,135.4622039794922,0.0,14.90999984741211,5.27,4.57
2023-11-06,136.4852752685547,0.0,14.890000343322754,5.29,4.67
2023-11-07,136.41893005371094,0.0,14.8100004196167,5.28,4.58
2023-11-08,137.09152221679688,0.0,14.449999809265137,5.28,4.49
2023-11-09,136.68417358398438,0.0,15.289999961853027,5.27,4.62
2023-11-10,138.7113800048828,0.0,14.170000076293945,5.26,4.61
2023-11-13,138.09564208984375,0.0,14.760000228881836,5.28,4.63
2023-11-14,140.61546325683594,0.0,14.15999984741211,5.26,4.44
2023-11-15,141.84693908691406,0.0,14.180000305175781,5.26,4.53
2023-11-16,143.46678161621094,0.0,14.319999694824219,5.25,4.45
2023-11-17,144.7646026611328,0.0,13.800000190734863,5.25,4.44
2023-11-20,145.20977783203125,0.0,13.40999984741211,5.27,4.42
2023-11-21,144.90664672851562,0.0,13.350000381469727,5.26,4.41
2023-11-22,145.2476806640625,0.0,12.850000381469727,5.27,4.42
2023-11-24,145.4466094970703,0.0,12.460000038146973,5.28,4.47
2023-11-27,145.1150665283203,0.0,12.6899995803833,5.28,4.39
2023-11-28,145.4466094970703,0.0,12.6899995803833,5.27,4.34
2023-11-29,146.18553161621094,0.0,12.979999542236328,5.25,4.27
2023-11-30,147.85275268554688,0.0,12.920000076293945,5.25,4.37
2023-12-01,148.57266235351562,0.0,12.630000114440918,5.23,4.22
2023-12-04,149.66204833984375,0.0,13.079999923706055,5.26,4.28
2023-12-05,149.64309692382812,0.0,12.850000381469727,5.25,4.18
2023-12-06,148.07057189941406,0.0,12.970000267028809,5.25,4.12
2023-12-07,148.5252685546875,0.0,13.0600004196167,5.24,4.14
2023-12-08,150.16412353515625,0.0,12.350000381469727,5.24,4.23
2023-12-11,150.71353149414062,0.0,12.630000114440918,5.26,4.23
2023-12-12,152.05868530273438,0.0,12.069999694824219,5.26,4.2
2023-12-13,152.57022094726562,0.0,12.1899995803833,5.24,4.04
2023-12-14,155.34579467773438,0.0,12.479999542236328,5.23,3.92
2023-12-15,156.52041625976562,0.0,12.279999732971191,5.24,3.91
2023-12-18,157.46768188476562,0.0,12.5600004196167,5.26,3.95
2023-12-19,159.57066345214844,0.0,12.529999732971191,5.23,3.93
2023-12-20,157.77084350585938,0.0,13.670000076293945,5.24,3.86
2023-12-21,158.67076110839844,0.0,13.649999618530273,5.22,3.89
2023-12-22,158.5760040283203,0.0,13.029999732971191,5.24,3.9
2023-12-26,159.51382446289062,0.0,12.989999771118164,5.25,3.89
2023-12-27,160.4705810546875,0.0,12.430000305175781,5.24,3.79
2023-12-28,161.32315063476562,0.0,12.470000267028809,5.25,3.84
2023-12-29,161.1337127685547,0.0,12.449999809265137,5.2,3.88
2024-01-02,163.0093231201172,0.0,13.199999809265137,5.22,3.95
2024-01-03,162.2988739013672,0.0,14.039999961853027,5.24,3.91
2024-01-04,163.37588500976562,1.05,14.130000114440918,5.24,3.99
2024-01-05,164.19561767578125,0.0,13.350000381469727,5.24,4.05
2024-01-08,163.95733642578125,0.0,13.079999923706055,5.25,4.01
2024-01-09,162.6610565185547,0.0,12.760000228881836,5.24,4.02
2024-01-10,163.00421142578125,0.0,12.6899995803833,5.23,4.04
2024-01-11,162.31793212890625,0.0,12.4399995803833,5.23,3.98
2024-01-12,161.12652587890625,0.0,12.699999809265137,5.22,3.96
2024-01-16,160.11622619628906,0.0,13.84000015258789,5.22,4.07
2024-01-17,159.2583770751953,0.0,14.789999961853027,5.24,4.1
2024-01-18,159.5729217529297,0.0,14.130000114440918,5.22,4.14
2024-01-19,162.32745361328125,0.0,13.300000190734863,5.22,4.15
2024-01-22,162.13685607910156,0.0,13.1899995803833,5.22,4.11
2024-01-23,161.06935119628906,0.0,12.550000190734863,5.21,4.14
2024-01-24,162.508544921875,0.0,13.140000343322754,5.21,4.18
2024-01-25,164.83419799804688,0.0,13.449999809265137,5.21,4.14
2024-01-26,164.20513916015625,0.0,13.260000228881836,5.21,4.15
2024-01-29,164.63404846191406,0.0,13.600000381469727,5.22,4.08
2024-01-30,168.00811767578125,0.0,13.3100004196167,5.21,4.06
2024-01-31,166.18763732910156,0.0,14.350000381469727,5.22,3.99
2024-02-01,165.58717346191406,0.0,13.880000114440918,5.22,3.87
2024-02-02,166.54029846191406,0.0,13.850000381469727,5.23,4.03
2024-02-05,166.32107543945312,0.0,13.670000076293945,5.22,4.17
2024-02-06,166.89295959472656,0.0,13.0600004196167,5.23,4.09
2024-02-07,167.2074737548828,0.0,12.829999923706055,5.23,4.09
2024-02-08,166.60702514648438,0.0,12.789999961853027,5.23,4.15
2024-02-09,166.80715942382812,0.0,12.930000305175781,5.24,4.17
2024-02-12,167.55062866210938,0.0,13.930000305175781,5.23,4.17
2024-02-13,166.09231567382812,0.0,15.850000381469727,5.25,4.31
2024-02-14,167.7793731689453,0.0,14.380000114440918,5.23,4.27
2024-02-15,171.43936157226562,0.0,14.010000228881836,5.23,4.24
2024-02-16,170.6387481689453,0.0,14.239999771118164,5.24,4.3
2024-02-20,171.30593872070312,0.0,15.420000076293945,5.24,4.27
2024-02-21,172.42111206054688,0.0,15.34000015258789,5.24,4.32
2024-02-22,174.48941040039062,0.0,14.539999961853027,5.25,4.33
2024-02-23,175.36630249023438,0.0,13.75,5.26,4.26
2024-02-26,174.76580810546875,0.0,13.739999771118164,5.26,4.28
2024-02-27,174.85159301757812,0.0,13.430000305175781,5.25,4.31
2024-02-28,175.7379913330078,0.0,13.84000015258789,5.24,4.27
2024-02-29,177.3392333984375,0.0,13.399999618530273,5.25,4.25
2024-03-01,176.6053466796875,0.0,13.109999656677246,5.23,4.19
2024-03-04,177.93019104003906,0.0,13.489999771118164,5.24,4.22
2024-03-05,179.71255493164062,0.0,14.460000038146973,5.23,4.13
2024-03-06,180.6466064453125,0.0,14.5,5.24,4.11
2024-03-07,179.06442260742188,0.0,14.4399995803833,5.24,4.09
2024-03-08,179.39801025390625,0.0,14.739999771118164,5.24,4.09
2024-03-11,179.46475219726562,0.0,15.220000267028809,5.24,4.1
2024-03-12,180.9420928955078,0.0,13.84000015258789,5.25,4.16
2024-03-13,182.40992736816406,0.0,13.75,5.25,4.19
2024-03-14,179.15972900390625,0.0,14.399999618530273,5.25,4.29
2024-03-15,181.38052368164062,0.0,14.40999984741211,5.25,4.31
2024-03-18,183.62991333007812,0.0,14.329999923706055,5.25,4.34
2024-03-19,184.70693969726562,0.0,13.819999694824219,5.24,4.3
2024-03-20,187.12786865234375,0.0,13.039999961853027,5.24,4.27
2024-03-21,189.7299346923828,0.0,12.920000076293945,5.25,4.27
2024-03-22,187.40428161621094,0.0,13.0600004196167,5.24,4.22
2024-03-25,185.6886749267578,0.0,13.1899995803833,5.23,4.25
2024-03-26,186.55601501464844,0.0,13.239999771118164,5.22,4.24
2024-03-27,190.1683807373047,0.0,12.779999732971191,5.22,4.2
2024-03-28,190.9118194580078,0.0,13.010000228881836,5.23,4.2
2024-04-01,189.6155548095703,0.0,13.649999618530273,5.23,4.33
2024-04-02,189.539306640625,0.0,14.609999656677246,5.22,4.36
2024-04-03,189.0055694580078,0.0,14.329999923706055,5.22,4.36
2024-04-04,187.56752014160156,1.15,16.350000381469727,5.21,4.31
2024-04-05,189.2931671142578,0.0,16.030000686645508,5.23,4.39
2024-04-08,190.2806396484375,0.0,15.1899995803833,5.23,4.42
2024-04-09,189.00555419921875,0.0,14.979999542236328,5.23,4.36
2024-04-10,187.39495849609375,0.0,15.800000190734863,5.25,4.55
2024-04-11,187.3566131591797,0.0,14.90999984741211,5.25,4.56
2024-04-12,175.23878479003906,0.0,17.309999465942383,5.25,4.5
2024-04-15,175.33465576171875,0.0,19.229999542236328,5.25,4.63
2024-04-16,173.33099365234375,0.0,18.399999618530273,5.25,4.67
2024-04-17,172.64071655273438,0.0,18.209999084472656,5.25,4.59
2024-04-18,173.7624053955078,0.0,18.0,5.25,4.64
2024-04-19,178.1244354248047,0.0,18.709999084472656,5.25,4.62
2024-04-22,181.58531188964844,0.0,16.940000534057617,5.22,4.62
2024-04-23,184.2025146484375,0.0,15.6899995803833,5.25,4.61
2024-04-24,185.10369873046875,0.0,15.970000267028809,5.26,4.65
2024-04-25,185.3817138671875,0.0,15.369999885559082,5.26,4.7
2024-04-26,185.49676513671875,0.0,15.029999732971191,5.25,4.67
2024-04-29,185.2954559326172,0.0,14.670000076293945,5.25,4.63
2024-04-30,183.81906127929688,0.0,15.649999618530273,5.25,4.69
2024-05-01,183.93408203125,0.0,15.390000343322754,5.26,4.63
2024-05-02,183.74237060546875,0.0,14.680000305175781,5.25,4.58
2024-05-03,182.63986206054688,0.0,13.489999771118164,5.25,4.5
2024-05-06,184.0683135986328,0.0,13.489999771118164,5.25,4.49
2024-05-07,183.82864379882812,0.0,13.229999542236328,5.25,4.47
2024-05-08,187.56752014160156,0.0,13.0,5.25,4.48
2024-05-09,189.34109497070312,0.0,12.6899995803833,5.25,4.45
2024-05-10,190.5586395263672,0.0,12.550000190734863,5.26,4.5
2024-05-13,190.52027893066406,0.0,13.600000381469727,5.25,4.48
2024-05-14,193.18545532226562,0.0,13.420000076293945,5.24,4.45
2024-05-15,193.76065063476562,0.0,12.449999809265137,5.25,4.36
2024-05-16,194.10580444335938,0.0,12.420000076293945,5.25,4.38
2024-05-17,196.3299560546875,0.0,11.989999771118164,5.25,4.42
2024-05-20,187.5004119873047,0.0,12.149999618530273,5.25,4.44
2024-05-21,191.2776641845703,0.0,11.859999656677246,5.25,4.41
2024-05-22,190.11764526367188,0.0,12.289999961853027,5.25,4.43
2024-05-23,188.78504943847656,0.0,12.770000457763672,5.26,4.47
2024-05-24,192.41851806640625,0.0,11.930000305175781,5.26,4.46
2024-05-28,191.25848388671875,0.0,12.920000076293945,5.26,4.54
2024-05-29,189.92588806152344,0.0,14.279999732971191,5.26,4.61
2024-05-30,191.09548950195312,0.0,14.470000267028809,5.26,4.55
2024-05-31,194.25918579101562,0.0,12.920000076293945,5.25,4.51
2024-06-03,193.482666015625,0.0,13.109999656677246,5.26,4.41
2024-06-04,190.93251037597656,0.0,13.15999984741211,5.25,4.33
2024-06-05,189.1110076904297,0.0,12.630000114440918,5.25,4.29
2024-06-06,188.77549743652344,0.0,12.579999923706055,5.25,4.28
2024-06-07,191.6898651123047,0.0,12.220000267028809,5.26,4.43
2024-06-10,191.3639373779297,0.0,12.739999771118164,5.25,4.47
2024-06-11,186.330810546875,0.0,12.850000381469727,5.25,4.39
2024-06-12,183.61773681640625,0.0,12.039999961853027,5.25,4.31
2024-06-13,185.6597442626953,0.0,11.9399995803833,5.25,4.24
2024-06-14,185.7747802734375,0.0,12.65999984741211,5.25,4.2
2024-06-17,186.9252166748047,0.0,12.75,5.25,4.28
2024-06-18,188.8617706298828,0.0,12.300000190734863,5.24,4.22
2024-06-20,190.46275329589844,0.0,13.279999732971191,5.24,4.25
2024-06-21,188.190673828125,0.0,13.199999809265137,5.23,4.25
2024-06-24,190.6641082763672,0.0,13.329999923706055,5.24,4.25
2024-06-25,189.8875732421875,0.0,12.84000015258789,5.23,4.23
2024-06-26,189.27398681640625,0.0,12.550000190734863,5.24,4.32
2024-06-27,190.94212341308594,0.0,12.239999771118164,5.23,4.29
2024-06-28,193.90444946289062,0.0,12.4399995803833,5.22,4.36
2024-07-01,196.96267700195312,0.0,12.220000267028809,5.24,4.48
2024-07-02,200.2030487060547,0.0,12.029999732971191,5.24,4.43
2024-07-03,200.06884765625,0.0,12.09000015258789,5.24,4.36
2024-07-05,197.41783142089844,1.15,12.479999542236328,5.23,4.28
2024-07-08,197.78414916992188,0.0,12.369999885559082,5.23,4.28
2024-07-09,200.15560913085938,0.0,12.510000228881836,5.23,4.3
2024-07-10,200.31948852539062,0.0,12.850000381469727,5.23,4.28
2024-07-11,199.98207092285156,0.0,12.920000076293945,5.21,4.2
2024-07-12,197.56243896484375,0.0,12.460000038146973,5.21,4.18
2024-07-15,202.48849487304688,0.0,13.119999885559082,5.2,4.23
2024-07-16,205.92996215820312,0.0,13.1899995803833,5.2,4.17
2024-07-17,209.06297302246094,0.0,14.479999542236328,5.2,4.16
2024-07-18,202.4209747314453,0.0,15.930000305175781,5.21,4.2
2024-07-19,202.2281951904297,0.0,16.520000457763672,5.2,4.25
2024-07-22,202.710205078125,0.0,14.90999984741211,5.19,4.26
2024-07-23,202.75840759277344,0.0,14.720000267028809,5.18,4.25
2024-07-24,201.0810089111328,0.0,18.040000915527344,5.18,4.28
2024-07-25,201.1581573486328,0.0,18.459999084472656,5.17,4.27
2024-07-26,204.59963989257812,0.0,16.389999389648438,5.16,4.2
2024-07-29,203.2596893310547,0.0,16.600000381469727,5.15,4.17
2024-07-30,207.4434356689453,0.0,17.690000534057617,5.14,4.15
2024-07-31,205.13946533203125,0.0,16.360000610351562,5.15,4.09
2024-08-01,200.47372436523438,0.0,18.59000015258789,5.12,3.99
2024-08-02,191.97120666503906,0.0,23.389999389648438,5.05,3.8
2024-08-05,187.8838653564453,0.0,38.56999969482422,5.09,3.78
2024-08-06,193.1280059814453,0.0,27.709999084472656,5.09,3.9
2024-08-07,193.1858367919922,0.0,27.850000381469727,5.09,3.96
2024-08-08,196.71409606933594,0.0,23.790000915527344,5.09,3.99
2024-08-09,198.39146423339844,0.0,20.3700008392334,5.09,3.94
2024-08-12,198.76744079589844,0.0,20.709999084472656,5.07,3.9
2024-08-13,200.45445251464844,0.0,18.1200008392334,5.06,3.85
2024-08-14,202.67164611816406,0.0,16.190000534057617,5.07,3.83
2024-08-15,203.93446350097656,0.0,15.229999542236328,5.09,3.92
2024-08-16,206.26736450195312,0.0,14.800000190734863,5.08,3.89
2024-08-19,207.6940460205078,0.0,14.649999618530273,5.06,3.86
2024-08-20,206.79757690429688,0.0,15.880000114440918,5.04,3.82
2024-08-21,206.8746795654297,0.0,16.270000457763672,5.02,3.79
2024-08-22,208.8315887451172,0.0,17.549999237060547,5.04,3.86
2024-08-23,210.4511260986328,0.0,15.859999656677246,5.01,3.81
2024-08-26,211.28018188476562,0.0,16.149999618530273,4.98,3.82
2024-08-27,212.25379943847656,0.0,15.430000305175781,4.98,3.83
2024-08-28,213.3238525390625,0.0,17.110000610351562,4.96,3.84
2024-08-29,214.2107391357422,0.0,15.649999618530273,4.98,3.87
2024-08-30,216.70750427246094,0.0,15.0,4.98,3.91
2024-09-03,212.36947631835938,0.0,20.719999313354492,4.97,3.84
2024-09-04,211.4344024658203,0.0,21.31999969482422,4.96,3.77
2024-09-05,209.7956085205078,0.0,19.899999618530273,4.94,3.73
2024-09-06,204.8117218017578,0.0,22.3799991607666,4.93,3.72
2024-09-09,209.005126953125,0.0,19.450000762939453,4.89,3.7
2024-09-10,198.1601104736328,0.0,19.079999923706055,4.85,3.65
2024-09-11,199.76998901367188,0.0,17.690000534057617,4.89,3.65
2024-09-12,199.1626739501953,0.0,17.06999969482422,4.85,3.68
2024-09-13,196.9647674560547,0.0,16.559999465942383,4.78,3.66
2024-09-16,200.3773193359375,0.0,17.139999389648438,4.75,3.63
2024-09-17,201.71728515625,0.0,17.610000610351562,4.75,3.65
2024-09-18,200.05918884277344,0.0,18.229999542236328,4.65,3.7
2024-09-19,202.90298461914062,0.0,16.329999923706055,4.61,3.73
2024-09-20,203.4910430908203,0.0,16.149999618530273,4.56,3.73
2024-09-23,203.8284454345703,0.0,15.890000343322754,4.53,3.75
2024-09-24,203.9730224609375,0.0,15.390000343322754,4.5,3.74
2024-09-25,202.62342834472656,0.0,15.40999984741211,4.51,3.79
2024-09-26,202.2281951904297,0.0,15.369999885559082,4.5,3.79
2024-09-27,202.9222869873047,0.0,16.959999084472656,4.5,3.75
2024-09-30,203.26931762695312,0.0,16.729999542236328,4.52,3.81
2024-10-01,199.58680725097656,0.0,19.260000228881836,4.5,3.74
2024-10-02,199.8278350830078,0.0,18.899999618530273,4.48,3.79
2024-10-03,197.84197998046875,0.0,20.489999771118164,4.48,3.85
2024-10-04,204.8641357421875,1.25,19.209999084472656,4.53,3.98
2024-10-07,204.5828399658203,0.0,22.639999389648438,4.55,4.03
2024-10-08,204.40826416015625,0.0,21.420000076293945,4.53,4.04
2024-10-09,206.9979248046875,0.0,20.860000610351562,4.54,4.06
2024-10-10,206.43539428710938,0.0,20.93000030517578,4.54,4.09
2024-10-11,215.6009979248047,0.0,20.459999084472656,4.53,4.08
2024-10-14,214.81539916992188,0.0,19.700000762939453,,
2024-10-15,215.697998046875,0.0,20.639999389648438,4.52,4.03
2024-10-16,216.910400390625,0.0,19.579999923706055,4.51,4.02
2024-10-17,217.6669464111328,0.0,19.110000610351562,4.54,4.09
2024-10-18,218.5883331298828,0.0,18.030000686645508,4.53,4.08
2024-10-21,216.28965759277344,0.0,18.3700008392334,4.51,4.19
2024-10-22,217.37594604492188,0.0,18.200000762939453,4.51,4.2
2024-10-23,216.6873016357422,0.0,19.239999771118164,4.52,4.24
2024-10-24,218.21005249023438,0.0,19.079999923706055,4.5,4.21
2024-10-25,215.62042236328125,0.0,20.329999923706055,4.52,4.25
2024-10-28,218.7144317626953,0.0,19.799999237060547,4.49,4.28
2024-10-29,216.19265747070312,0.0,19.34000015258789,4.49,4.28
2024-10-30,217.65724182128906,0.0,20.350000381469727,4.47,4.29
2024-10-31,215.2421417236328,0.0,23.15999984741211,4.44,4.28
2024-11-01,216.23146057128906,0.0,21.8799991607666,4.41,4.37
2024-11-04,213.1665496826172,0.0,21.979999542236328,4.44,4.31
2024-11-05,214.82508850097656,0.0,20.489999771118164,4.43,4.26
2024-11-06,239.6256561279297,0.0,16.270000457763672,4.44,4.42
2024-11-07,229.26702880859375,0.0,15.199999809265137,4.43,4.31
2024-11-08,229.84896850585938,0.0,14.9399995803833,4.43,4.3
2024-11-11,232.08944702148438,0.0,14.970000267028809,,
2024-11-12,232.35133361816406,0.0,14.710000038146973,4.43,4.43
2024-11-13,233.90318298339844,0.0,14.020000457763672,4.4,4.44
2024-11-14,234.59181213378906,0.0,14.3100004196167,4.41,4.43
2024-11-15,237.92831420898438,0.0,16.139999389648438,4.41,4.43
2024-11-18,237.65673828125,0.0,15.579999923706055,4.42,4.42
2024-11-19,235.7751007080078,0.0,16.350000381469727,4.41,4.39
2024-11-20,233.53463745117188,0.0,17.15999984741211,4.42,4.41
2024-11-21,237.3948516845703,0.0,16.8700008392334,4.43,4.43
2024-11-22,241.07081604003906,0.0,15.239999771118164,4.43,4.41
2024-11-25,242.75843811035156,0.0,14.600000381469727,4.42,4.27
2024-11-26,242.44808959960938,0.0,14.100000381469727,4.4,4.3
2024-11-27,242.2735137939453,0.0,14.100000381469727,4.4,4.25
2024-11-29,242.2056121826172,0.0,13.510000228881836,4.39,4.18
2024-12-02,238.8400115966797,0.0,13.34000015258789,4.38,4.19
2024-12-03,237.4530487060547,0.0,13.300000190734863,4.36,4.23
2024-12-04,236.07577514648438,0.0,13.449999809265137,4.35,4.19
2024-12-05,238.09320068359375,0.0,13.539999961853027,4.34,4.17
2024-12-06,239.9166259765625,0.0,12.770000457763672,4.31,4.15
2024-12-09,236.4734344482422,0.0,14.1899995803833,4.3,4.2
2024-12-10,235.55203247070312,0.0,14.180000305175781,4.29,4.22
2024-12-11,236.20187377929688,0.0,13.579999923706055,4.26,4.26
2024-12-12,234.2620391845703,0.0,13.920000076293945,4.23,4.32
2024-12-13,232.7198944091797,0.0,13.8100004196167,4.23,4.4
2024-12-16,232.3707275390625,0.0,14.6899995803833,4.25,4.39
2024-12-17,231.18743896484375,0.0,15.869999885559082,4.26,4.4
2024-12-18,223.4378662109375,0.0,27.6200008392334,4.25,4.5
2024-12-19,225.94993591308594,0.0,24.09000015258789,4.23,4.57
2024-12-20,230.45033264160156,0.0,18.360000610351562,4.23,4.52
2024-12-23,231.21653747558594,0.0,16.780000686645508,4.24,4.59
2024-12-24,235.01858520507812,0.0,14.270000457763672,4.28,4.59
2024-12-26,235.82362365722656,0.0,14.729999542236328,4.24,4.58
2024-12-27,233.9128875732422,0.0,15.949999809265137,4.19,4.62
2024-12-30,232.1185760498047,0.0,17.399999618530273,4.23,4.55
